{"type":"FeatureCollection","features":[{"type":"Feature","properties":{"i":0,"c":"GM0014","n":"Groningen"},"geometry":{"type":"Polygon","coordinates":[[[6.7378422823400586,53.31296373354285],[6.742681544240971,53.311019753635],[6.747948341427813,53.31178104931356],[6.749350826129079,53.309843059710985],[6.744910376315157,53.307019639891564],[6.753081468844924,53.29884707059551],[6.7555385982549145,53.29963373342769],[6.7606837215876165,53.29523618531535],[6.764620578760148,53.298134361804856],[6.7723651863332535,53.29181148838503],[6.769794414210865,53.29068040674837],[6.772309464517076,53.28779264813954],[6.7691368817288255,53.28662553514567],[6.772526795140124,53.28308659965169],[6.698330358144539,53.25614495349893],[6.703852033412497,53.253572732038286],[6.703537441913747,53.25194207665221],[6.714507595200853,53.24561091869817],[6.712720712580282,53.24461985733713],[6.717685707279183,53.24187250500792],[6.70932571054087,53.23490761317052],[6.7065443841806465,53.234910990290025],[6.7098245203477935,53.23270912568041],[6.705672238055689,53.22825631700892],[6.708688715353217,53.22507990036558],[6.705759995737828,53.22501157474486],[6.701458654202897,53.21887552125389],[6.697515543358351,53.21696559000688],[6.698245266021334,53.21466745558127],[6.684888983641317,53.21115765198988],[6.6804730033337805,53.211691690083136],[6.679762096385349,53.208322281552164],[6.682484295677448,53.20848729204067],[6.683455372631906,53.20112774368578],[6.673596946439931,53.200650641516276],[6.666872699582173,53.2020203462395],[6.649979117469214,53.19317698775956],[6.6398131065235395,53.190296578354946],[6.646821289033507,53.187937355617784],[6.639468072375385,53.18598075093402],[6.657240926213269,53.180769339230125],[6.662331057801534,53.171296267740985],[6.678330363383343,53.16463746287712],[6.688714249560879,53.154611131454395],[6.6902510864104885,53.15044091923381],[6.686274688907698,53.14784759085144],[6.689572286054703,53.14330613078656],[6.695366931310974,53.12117601962403],[6.67060248382245,53.11651631243882],[6.634831637347477,53.10620213099907],[6.6370863618232985,53.108300893559424],[6.6351107748940965,53.111460935467406],[6.636597246780112,53.11284287735762],[6.628055955013275,53.115647023035926],[6.630830602446601,53.119211134041755],[6.621903682196945,53.12619480457426],[6.619019536527742,53.13155249943299],[6.613641278186042,53.13269429178648],[6.614400446062138,53.1355569619255],[6.599984478200962,53.14472353089778],[6.5879642186510905,53.14543609050988],[6.584521344773744,53.15350937119345],[6.58708933362297,53.156225962467566],[6.583572503014807,53.15786746942839],[6.5815147032516865,53.1635844486475],[6.563687464662464,53.15763837904983],[6.55949680382626,53.16910576036331],[6.548188306887992,53.1810976415763],[6.541743921218764,53.17861031104431],[6.5342818624785215,53.18408513982409],[6.530491983815769,53.19555927784594],[6.515715201089673,53.19830815422828],[6.513385991898525,53.196937022362036],[6.506859260048282,53.200144035605845],[6.494227147009584,53.19821755222221],[6.492592555086309,53.20138610508897],[6.48571683218584,53.203821262378405],[6.463461423639447,53.20005823551608],[6.462745618486818,53.20197879132437],[6.466899650955714,53.20430245269628],[6.464473613472114,53.20761432259667],[6.4809207438635665,53.25018529276447],[6.48860166254538,53.24901635702227],[6.491985482627248,53.24555470150309],[6.495988502552627,53.24561141252877],[6.4992363328757135,53.248383270671],[6.502635893301415,53.24750099804586],[6.511442425226929,53.25411424475503],[6.508240360861733,53.257574055788645],[6.510825284901064,53.256787854730725],[6.519054359168923,53.25848922881337],[6.524291486367343,53.25643618849255],[6.526594034123573,53.25826578151685],[6.539308051306798,53.26035975332135],[6.537926185671533,53.264096705189246],[6.550263151024999,53.264946904115256],[6.552397013371994,53.2621786308258],[6.566601191758537,53.26360735780824],[6.567230113983154,53.26149408055758],[6.588693332955289,53.262550862442424],[6.586327678407869,53.2558460815685],[6.606351294243945,53.25374085034384],[6.606407236929351,53.25141659227341],[6.618345803833824,53.25148593330746],[6.619296965484958,53.24944789693015],[6.635565924646197,53.25123625269498],[6.633451873324848,53.25976034832532],[6.625847967078169,53.266197140228535],[6.654053439537066,53.30864457396963],[6.676826509055722,53.303870269672835],[6.689591636853132,53.2974492817251],[6.706689389183189,53.30710949673521],[6.709156332814854,53.31001489529701],[6.726495145349362,53.30488983851282],[6.72939594224079,53.30529223297734],[6.733644777921209,53.3117948713878],[6.7378422823400586,53.31296373354285]]]}},{"type":"Feature","properties":{"i":1,"c":"GM0034","n":"Almere"},"geometry":{"type":"Polygon","coordinates":[[[5.315179087203911,52.30239217678651],[5.301080372254097,52.30966873372205],[5.2811408955563035,52.31677034768968],[5.223536019619293,52.325873867931364],[5.148879097121501,52.318729160120206],[5.079288908922879,52.370407721064126],[5.079162221016443,52.38865412091212],[5.13733104957346,52.41555276592764],[5.1854900111051805,52.41564450136059],[5.151023784138606,52.46636003582566],[5.100721613730054,52.5080405986704],[5.060428139316123,52.57893613501088],[5.074623581412194,52.58368170177951],[5.268475059130232,52.42703093555299],[5.277722691247818,52.4226439936058],[5.333799036549125,52.406105389456684],[5.343357251160193,52.40115243898046],[5.349514177695338,52.401467953477635],[5.350772405310627,52.400208682837004],[5.346371310164706,52.39611360112766],[5.338610403576332,52.39558104676228],[5.301244500857249,52.38198644065667],[5.379211050079976,52.31399483540254],[5.348617123041206,52.3091652499772],[5.3335048346135165,52.31427371764037],[5.315179087203911,52.30239217678651]]]}},{"type":"Feature","properties":{"i":2,"c":"GM0037","n":"Stadskanaal"},"geometry":{"type":"Polygon","coordinates":[[[7.010133389536387,53.073701703690936],[7.013333025504281,53.069440515556664],[7.015445872946464,53.07177414002327],[7.019100746325291,53.071466986022116],[7.0297490577791955,53.066527153496715],[7.032809634132779,53.066825766995024],[7.034246112375937,53.06464170366348],[7.060163483074028,53.065808267162055],[7.0659467240648,53.06727899973752],[7.077142543745959,53.063537721342435],[7.080351477039789,53.05942771251114],[7.076851112093507,53.05131706900048],[7.074541106503872,53.04994689544081],[7.068328496004144,53.05078424241647],[7.068010530137197,53.04356354602828],[7.070108349091819,53.04277099226096],[7.081502980571032,53.04447479747096],[7.0861266049619935,53.042340882087416],[7.086610545425943,53.04025822070981],[7.083047321463606,53.03921525923258],[7.080946131809649,53.02782729499399],[7.082749311611472,53.0254976864143],[7.088447641718929,53.026341658428215],[7.091959476676334,53.02284614611957],[7.097685615140355,53.02141067351391],[7.100075328548733,53.016808866810756],[7.072058186308253,53.003786688001696],[7.069930444293831,52.95300394695138],[7.064675478414866,52.95118460863358],[7.063538733208918,52.93097751336892],[7.036299781634411,52.9292659850415],[7.02957203200633,52.923943663512986],[7.026854378771847,52.91903701580738],[7.015973816385297,52.924576255174216],[6.936610403036663,52.992759757028814],[6.861287449715356,53.04087402196164],[6.865387024554428,53.042966018046144],[6.868641299523708,53.04128416573917],[6.881443427617121,53.04661881800611],[6.8989310789952,53.03240648288167],[6.907702762305923,53.03888097634462],[6.936125629426213,53.0194796424372],[6.955790048366298,53.01386066151904],[6.987828463027323,53.04907639562521],[6.990557737348151,53.0549867557897],[6.993825945017206,53.05563000979948],[7.010133389536387,53.073701703690936]]]}},{"type":"Feature","properties":{"i":3,"c":"GM0047","n":"Veendam"},"geometry":{"type":"Polygon","coordinates":[[[6.903682957787849,53.1275392763029],[6.9593391272137115,53.12017590491205],[6.961905595374755,53.10900799224844],[6.96056765433099,53.095758503394734],[6.956891063510496,53.0947108520065],[6.944467050832559,53.081491639652036],[6.929195608023186,53.07291346580801],[6.924440498962242,53.057777460923354],[6.933004302437622,53.05380646827178],[6.933343547493633,53.04961279894372],[6.9199049538800415,53.049312173555144],[6.920775947091095,53.045281370351645],[6.9054977384975595,53.04383809556204],[6.907702762305923,53.03888097634462],[6.8989310789952,53.03240648288167],[6.881443427617121,53.04661881800611],[6.868641299523708,53.04128416573917],[6.865387024554428,53.042966018046144],[6.861287449715356,53.04087402196164],[6.81394474922412,53.07097158760701],[6.801673955956354,53.119171681846694],[6.8059881014274435,53.12032595190333],[6.803239539111769,53.124089688217175],[6.821163090175643,53.12883973495955],[6.823101128396402,53.126219027820596],[6.8741238773434645,53.12354730763738],[6.874292859750257,53.12536844503169],[6.884268759020385,53.12561637313964],[6.8862535576984625,53.1285995083979],[6.903682957787849,53.1275392763029]]]}},{"type":"Feature","properties":{"i":4,"c":"GM0050","n":"Zeewolde"},"geometry":{"type":"Polygon","coordinates":[[[5.476121524131131,52.26392405494188],[5.464459311298991,52.2618278777354],[5.463376344265005,52.2600032488662],[5.402896767344712,52.249527072672485],[5.315179087203911,52.30239217678651],[5.3335048346135165,52.31427371764037],[5.348617123041206,52.3091652499772],[5.379211050079976,52.31399483540254],[5.301244500857249,52.38198644065667],[5.338610403576332,52.39558104676228],[5.346371310164706,52.39611360112766],[5.350496757520439,52.40010296786065],[5.384988157078159,52.41406869075359],[5.423775169006125,52.43256390607],[5.438705387000152,52.44265625859838],[5.508495683427312,52.39796526880654],[5.533006444790796,52.384377414177095],[5.5372979212593325,52.385000095599615],[5.5805088380052075,52.41088317882476],[5.623021182932505,52.40887172099769],[5.617187653596635,52.38478262694632],[5.611827659439886,52.37444840913055],[5.620737371630405,52.36412960124357],[5.614039236636327,52.362256506836864],[5.611637697762384,52.359500318347386],[5.606300993978773,52.36324701586466],[5.591157213421821,52.36291621664071],[5.575604008071964,52.350760388817804],[5.534812214952042,52.27408071824496],[5.5221660492740146,52.270406292920384],[5.476849118599418,52.2623998093651],[5.476121524131131,52.26392405494188]]]}},{"type":"Feature","properties":{"i":5,"c":"GM0059","n":"Achtkarspelen"},"geometry":{"type":"Polygon","coordinates":[[[6.194671066789826,53.26975950192924],[6.217094225124721,53.26526721018381],[6.218947335718318,53.259872595659175],[6.223971313841648,53.257240132111036],[6.2321578051950635,53.25687187060871],[6.2349061403132335,53.25377936683046],[6.233913739398864,53.25093710124137],[6.229480783044731,53.24982557704385],[6.231947743327122,53.24719802344488],[6.231043486123595,53.24506708881041],[6.217978240683512,53.24193213508378],[6.224972059256128,53.238592843693446],[6.2155425255486865,53.23698515940558],[6.216753399367996,53.23434165200218],[6.214257623246195,53.23416341480942],[6.224720165472447,53.2299841307436],[6.22533946004389,53.22545538613135],[6.230173322961336,53.22244043612919],[6.229945069533717,53.2177142519838],[6.224750139540772,53.21457857791924],[6.224802906381261,53.21194756305481],[6.2190575907464885,53.205993521684825],[6.209426175971907,53.199884474806524],[6.199603164388281,53.198336029228834],[6.199432034283128,53.193253587488094],[6.1928543900891055,53.189068306202415],[6.181375454894988,53.17055673058594],[6.1777547630144145,53.16788627821011],[6.176750362134519,53.15950451791503],[6.1519864539849,53.15083278126157],[6.14811825307834,53.157827436499986],[6.1216328470053885,53.144993404968695],[6.118791500357355,53.14574054244153],[6.1193384888795554,53.14941996394174],[6.1125373215044085,53.15019613553486],[6.109025176549817,53.15219832406042],[6.105012979714065,53.151799402450685],[6.114593423498229,53.17597764986149],[6.108946751139011,53.17633173684017],[6.09977204983397,53.185764107149915],[6.084052825387564,53.1957658980336],[6.0785582215725995,53.20671601750327],[6.084109917213456,53.20846324826445],[6.078723894563093,53.210677736660564],[6.081904603504616,53.21117147331323],[6.080137612272483,53.21315534439597],[6.081699676220607,53.21408577357872],[6.0862889849621835,53.21502598837],[6.027244176079324,53.23013254677825],[6.019939400724209,53.24125303566835],[6.023094167295992,53.24279142259909],[6.027705536852866,53.24139287131123],[6.028816186724926,53.2427585736202],[6.038848879270907,53.24261661884844],[6.074515024749065,53.24844822402956],[6.110774085182367,53.25985467928078],[6.141058345806662,53.264382932899395],[6.144978090852308,53.26016480488949],[6.147403502951706,53.261136712527204],[6.148451675293773,53.26002384299857],[6.158780563326428,53.26368371127153],[6.160523209339213,53.26198467656941],[6.164195761234555,53.263957660952855],[6.176604580628725,53.261020683025016],[6.179490910978213,53.259054306303014],[6.1807210007851605,53.2610496479557],[6.190384405156371,53.263377669381356],[6.185599873997752,53.26781550629708],[6.189219941126749,53.26989023751528],[6.190720066915314,53.26858369619269],[6.194671066789826,53.26975950192924]]]}},{"type":"Feature","properties":{"i":6,"c":"GM0060","n":"Ameland"},"geometry":{"type":"Polygon","coordinates":[[[5.959012818409086,53.43889424810567],[5.95877362712159,53.42092522112876],[5.82313376664591,53.394537597230205],[5.792901119986477,53.37667308313023],[5.777875798829708,53.376722821638694],[5.747975781395055,53.394786422090064],[5.702880545503977,53.394913192258784],[5.702682731380549,53.367958420718175],[5.627240881506972,53.32318320323629],[5.6122893599340875,53.31874307575978],[5.6128307926670855,53.422070724854045],[5.582911818505379,53.45806258231033],[5.552855806567619,53.47158486162521],[5.613209202230052,53.49394856527081],[5.703442563113405,53.471283625660874],[5.839015294323101,53.47534391256309],[5.935560368661883,53.48213645501218],[5.959611799815169,53.48381629758553],[6.004928513832971,53.49257746837227],[6.004411144690452,53.45664024540141],[5.959012818409086,53.43889424810567]]]}},{"type":"Feature","properties":{"i":7,"c":"GM0072","n":"Harlingen"},"geometry":{"type":"Polygon","coordinates":[[[5.2941638956228125,53.06882455588545],[5.1642489862889445,53.00100369422251],[5.095778097306171,53.08710515033863],[5.163222054344143,53.10758460317533],[5.132830933735979,53.19738165360288],[5.147495567143499,53.251325154736755],[5.3872075162501645,53.21562211295729],[5.432116351357171,53.21561364791009],[5.437680878381955,53.20962498220002],[5.456213065818761,53.20303101988893],[5.458123748109091,53.20002115028722],[5.4614914456689645,53.20115134642403],[5.467135576663617,53.19934249649277],[5.489556183107573,53.20073881382233],[5.490174926827479,53.19406952756099],[5.4856016152404585,53.19086826447648],[5.4793488024556485,53.176600801192485],[5.49639351612124,53.17785232689327],[5.493456783186672,53.17304089585265],[5.486010591990595,53.169679492763585],[5.484746857370812,53.165798566674304],[5.486715760528365,53.16507153079477],[5.482741293303738,53.15903277899269],[5.476722648909959,53.15034436904874],[5.474902000115435,53.150886389191356],[5.468337598342628,53.1433327836021],[5.461436498911391,53.14454717074556],[5.463028062035394,53.147268073447876],[5.454678293244624,53.14764633443794],[5.451272058017515,53.14987607908742],[5.444628876082912,53.151098935794096],[5.4439078313680325,53.14993659750364],[5.435509810857595,53.15352550474587],[5.421435889765984,53.15381403903601],[5.417089807426795,53.15082215017439],[5.413031873335367,53.15288512638658],[5.410802505244369,53.15165207284642],[5.40663951048857,53.152721049361084],[5.402145749912027,53.125764397201884],[5.372274709454029,53.10779277669558],[5.372279477851482,53.09377795498216],[5.34419905369486,53.07789237307495],[5.3371898128160655,53.07651276185922],[5.332900711668885,53.080243704012794],[5.32365897999431,53.079158690697064],[5.324909647956055,53.07460533192101],[5.2941638956228125,53.06882455588545]]]}},{"type":"Feature","properties":{"i":8,"c":"GM0074","n":"Heerenveen"},"geometry":{"type":"Polygon","coordinates":[[[5.874575915965052,53.085088539768435],[5.870312591164516,53.08143212783233],[5.871502057473197,53.074210013085214],[5.894974029417323,53.076228505197925],[5.89703924872102,53.07900548906174],[5.933390214404708,53.07811135973759],[5.93291664223571,53.07604432070514],[5.9359517573004075,53.07381539869365],[5.932304593218521,53.073229031918295],[5.930870134812464,53.07041345967295],[5.937889284845084,53.06499821345854],[5.9410903878929195,53.06390012231798],[5.944268328163766,53.0652545755796],[5.947328237659377,53.062480226510736],[5.942635036054059,53.053486218402334],[5.9576132528952845,53.05361758948543],[5.953613764559088,53.052070850802416],[5.952837393672308,53.05004465559423],[5.9445454756733636,53.0491117920015],[5.943949421217653,53.04439420697795],[5.937999301747264,53.04426420339104],[5.94019934476954,53.042180231448995],[5.953087584835847,53.038349189677845],[5.952178632201044,53.03720777578189],[5.977036664514871,53.03012839197015],[5.984062000939471,53.026367840747994],[5.977122739198784,53.01016538089305],[5.9719419882600135,53.0096727045319],[5.973963314854747,53.003424777745494],[5.979669501353487,52.99785222829045],[5.974648794256654,52.99428524251854],[5.976750062209517,52.99265874162046],[5.962653394122839,52.98100728025366],[5.9648920706371,52.97933702247594],[5.95810507270038,52.97293542831702],[6.026852961222043,52.96436364401677],[6.04434693989149,52.96623664307884],[6.0674934885841205,52.97316551924985],[6.084336579167764,52.98318928300542],[6.094250504133154,52.98496382328034],[6.0997220590719206,52.98949996586687],[6.096436830218489,52.99289694784271],[6.107407563681638,52.999406454257446],[6.12980448312258,53.00875697660578],[6.128778965407773,53.01038464301683],[6.1311879120365145,53.011879116440134],[6.176811696710368,53.02104889610311],[6.190418013885862,53.027769446944205],[6.200398629669111,53.03679211693602],[6.205423642719991,53.037930935680635],[6.200869787789309,52.9884928416196],[6.157302230827465,52.97533218765969],[6.144011800899807,52.968377316242055],[6.127517274253602,52.953199276218896],[6.1154061112785785,52.95118218537746],[6.092973374333237,52.942303400526335],[6.078674952949579,52.931652837176735],[6.043125899806309,52.918065477929076],[6.037312235351588,52.91821934244377],[6.002067848055481,52.93400353014689],[5.980288782738974,52.92716750249568],[5.968173700354072,52.92840755573405],[5.9570036755591635,52.92688343530088],[5.937846929755107,52.91174044467035],[5.913045590126162,52.94050492266021],[5.914181111186637,52.942922212844685],[5.904885675184611,52.954163885396845],[5.905711094843271,52.95551514530323],[5.897409797921989,52.96308289268961],[5.891026850350295,52.96169694980791],[5.886154073612273,52.9657109118676],[5.886839679860576,52.967049229966555],[5.870970617976286,52.964441610613356],[5.867215205628838,52.978621683540474],[5.887157563220258,52.98204675805794],[5.866126948448747,52.99979646590604],[5.857603135833149,53.01700828567256],[5.8487300745807,53.02430029310989],[5.824057933652757,53.0381169658685],[5.800633267204671,53.047690067634626],[5.795817846730215,53.05301597084858],[5.79550788178488,53.0548660467182],[5.7987485879816845,53.05619530172302],[5.796386037702657,53.05883930635512],[5.820736936911773,53.07647613209588],[5.8301624080939405,53.07959513390359],[5.831024173928917,53.07837500473269],[5.843045137775439,53.080402273999454],[5.844679548851228,53.079562185822525],[5.854441827756058,53.08241380192198],[5.859830535920649,53.08167575630593],[5.874575915965052,53.085088539768435]]]}},{"type":"Feature","properties":{"i":9,"c":"GM0080","n":"Leeuwarden"},"geometry":{"type":"Polygon","coordinates":[[[5.730571518088935,53.29446844675313],[5.7632838412827025,53.29449106262861],[5.800477589516123,53.282155137407806],[5.811045749003345,53.280807920416535],[5.813229165053485,53.279237901298224],[5.811412059381922,53.276729660503285],[5.814255322134491,53.277691029364924],[5.817693936121182,53.276269110708036],[5.838649168027737,53.27494928886173],[5.832530152143192,53.268547226436205],[5.832062548621825,53.26033902435846],[5.829700789483969,53.25758214829598],[5.833166494077521,53.2477447856726],[5.831019676036926,53.244722806929076],[5.832160341654198,53.24285659116451],[5.859241283012434,53.24329274205007],[5.852553759549328,53.23047673292648],[5.879885460845592,53.233341042063635],[5.880656457220198,53.22497572530482],[5.88999197762844,53.224998701511154],[5.889170200360576,53.222815738658284],[5.896926565493009,53.22296217721668],[5.897116508312905,53.22097014212159],[5.888952683989804,53.22095245207437],[5.889016218394982,53.21768190779635],[5.894209179408052,53.21777324991403],[5.893821343216754,53.21551827352939],[5.897863802011786,53.21465807774886],[5.905932094034143,53.21501387428808],[5.905003636007951,53.212476248619154],[5.907099888966733,53.211054168493106],[5.897891701167588,53.20869718478297],[5.857727570869138,53.20406335288083],[5.862061388192412,53.19356494614637],[5.850955858267079,53.191713483210904],[5.861936876204123,53.17151871838916],[5.9219419147381,53.16834585783583],[5.932720737696703,53.170364957463185],[5.930610468539748,53.15954745225145],[5.918962201037704,53.149172630963164],[5.908628811310356,53.144780497672954],[5.9233559952819395,53.130909858737496],[5.937219035582363,53.1260864125265],[5.943459668736255,53.12161398379921],[5.949656608816297,53.10489170702958],[5.945943705840047,53.10367598540723],[5.931584986001069,53.11060847975135],[5.927869084229882,53.10893850003944],[5.910696179583867,53.10918059873777],[5.882005817437277,53.10693947977903],[5.88598494996073,53.09443914060103],[5.8781198459552435,53.090966038445224],[5.883532145160583,53.09066093176903],[5.8774433303459395,53.085412002587496],[5.859830535920649,53.08167575630593],[5.854441827756058,53.08241380192198],[5.844679548851228,53.079562185822525],[5.843045137775439,53.080402273999454],[5.831024173928917,53.07837500473269],[5.8301624080939405,53.07959513390359],[5.820736936911773,53.07647613209588],[5.8021497507345,53.06248012142601],[5.773912373008668,53.045921694908046],[5.769846726205687,53.04584923929989],[5.771411818815233,53.0471972263342],[5.766813017455689,53.05054539524813],[5.761862282457094,53.060597896508675],[5.775748524144205,53.066674588653164],[5.773563617669685,53.07410912968859],[5.764282733397777,53.08027617283264],[5.772610857384746,53.08180745233475],[5.7745023892380924,53.086328366253824],[5.771383907985777,53.08910593389956],[5.788229258741043,53.09659411665276],[5.787380274351861,53.09849668418255],[5.777873490608384,53.10318453098422],[5.770580033301015,53.10265608031642],[5.767779306191242,53.10506384329591],[5.770537320668554,53.106195434760636],[5.764410574287592,53.109590578562056],[5.762627700905839,53.10881743298734],[5.761404020353007,53.113679049478],[5.7574489462777025,53.1127155071897],[5.754563100327246,53.12466293909305],[5.751507608086027,53.12651591421745],[5.7466387864834125,53.126061857137344],[5.733280679820072,53.12014634122349],[5.729667567929307,53.12030351205012],[5.72512387450884,53.12359453301966],[5.721107513140853,53.12048901654943],[5.70793887572821,53.11969880072934],[5.700612693243709,53.11577500998118],[5.696312286633602,53.11912201912],[5.695433035196325,53.12300888920233],[5.693288053913792,53.12295624292701],[5.695616537274259,53.12682590045608],[5.685974055947232,53.12986742344339],[5.684880699782483,53.128267492336136],[5.680037040941706,53.128575454646615],[5.673385555179864,53.12534077380034],[5.656514405427851,53.11236369799438],[5.646412698489193,53.11635012333993],[5.643807757029881,53.12214251430301],[5.637347906646561,53.12414910090994],[5.638371423499195,53.127969024247484],[5.631993136894663,53.13301957065945],[5.638213519635122,53.13656446861131],[5.6470758379552946,53.13798900469188],[5.654182150482273,53.14158338045834],[5.64853210378378,53.14707493705632],[5.652051113509482,53.14870073505273],[5.655479967334517,53.14772985659729],[5.663320149380925,53.149821260165325],[5.661934658426077,53.154950011867264],[5.657736634636009,53.154257883331354],[5.656658707707016,53.15543363788453],[5.659453070208784,53.157627305586935],[5.657502493920799,53.158615060078645],[5.660676265452919,53.16422265827157],[5.6528401738959655,53.166259190718954],[5.6612608310880015,53.16975838585597],[5.665959883243325,53.17546976209594],[5.669006118401596,53.173332835734016],[5.674586355366393,53.177807895810936],[5.677291194243254,53.17639268169853],[5.679398218892107,53.17913285969456],[5.685809783840783,53.18192215349268],[5.687095955250792,53.18003892728269],[5.692742443422533,53.17992168322848],[5.697333165063119,53.17769633616402],[5.699148639098788,53.17374401808135],[5.706098682276284,53.173383067425576],[5.7132440607959225,53.17522964190159],[5.718443947528763,53.16921520290245],[5.720127207814282,53.170527265721745],[5.723791647733774,53.17007012534993],[5.724924745953907,53.16607900635183],[5.7283339357370515,53.16792456031552],[5.728216992513149,53.16978524060945],[5.731422424779431,53.17073940451406],[5.733306693404811,53.169457552479074],[5.737786147375472,53.17254670411713],[5.74540900502485,53.18523128489753],[5.740342489109493,53.18537189921003],[5.742388766301136,53.19141128268315],[5.739971968048384,53.191233464792155],[5.744574774100633,53.197821474425446],[5.73609022103799,53.20608474594331],[5.734740579820965,53.2112196804578],[5.743905033956527,53.211379138976426],[5.747107203857254,53.215144374555834],[5.734162338566931,53.215804634439195],[5.73255182707195,53.230322942892414],[5.738147651551826,53.231283375192106],[5.729768821724682,53.23525440021352],[5.743915890881422,53.24109812476928],[5.73361960161375,53.24851399111574],[5.736072126620766,53.24867262525775],[5.735843268165542,53.252280471682354],[5.729835788378034,53.261235768029984],[5.735386798883093,53.264713673397395],[5.723333553749095,53.27067444800531],[5.720121022574844,53.27499559319196],[5.725492606377931,53.28913180967262],[5.727615910960521,53.28895259870962],[5.730571518088935,53.29446844675313]]]}},{"type":"Feature","properties":{"i":10,"c":"GM0085","n":"Ooststellingwerf"},"geometry":{"type":"Polygon","coordinates":[[[6.367810522898958,53.067359999887415],[6.362521374919931,53.03396903357535],[6.4276147117430495,52.97181540451839],[6.393435773033719,52.932843451792486],[6.333280547185312,52.90635606961957],[6.302985257783497,52.92497237117299],[6.256593066011798,52.92764123736408],[6.24725869214318,52.923347450092535],[6.21363010172666,52.92579450029107],[6.209184443152017,52.9336957448271],[6.200835867727912,52.93903336202021],[6.202524720746996,52.94149923038206],[6.200561238181733,52.94301365849292],[6.144828307340413,52.9281460510032],[6.139260870253865,52.92402138695663],[6.110544747723393,52.91324415354572],[6.08484769922141,52.93627448520679],[6.092530632886436,52.94209309624208],[6.112751436907898,52.95021919460764],[6.127517274253602,52.953199276218896],[6.144011800899807,52.968377316242055],[6.157302230827465,52.97533218765969],[6.200869787789309,52.9884928416196],[6.205423642719991,53.037930935680635],[6.212851699367566,53.03623566286521],[6.215146185520341,53.038268611820655],[6.222837280178909,53.03918682437989],[6.28053079372849,53.05821067299825],[6.281429763388484,53.06418658799236],[6.332055351281629,53.07527938316029],[6.367810522898958,53.067359999887415]]]}},{"type":"Feature","properties":{"i":11,"c":"GM0086","n":"Opsterland"},"geometry":{"type":"Polygon","coordinates":[[[6.185716697877064,53.12921344494582],[6.205048277499261,53.115484160379275],[6.2363547219787225,53.11338450724604],[6.261091502831961,53.11434057543789],[6.273903627575558,53.111252541070264],[6.2830503079841264,53.10686314251179],[6.29056560380462,53.099829055332094],[6.3151574511689175,53.09405278915344],[6.30527376388684,53.08118955304285],[6.332055351281629,53.07527938316029],[6.281429763388484,53.06418658799236],[6.28053079372849,53.05821067299825],[6.223113940574704,53.03926895102346],[6.215146185520341,53.038268611820655],[6.212851699367566,53.03623566286521],[6.20580969561622,53.03798621229128],[6.200398629669111,53.03679211693602],[6.190418013885862,53.027769446944205],[6.175061009307698,53.02045146455302],[6.131241446862549,53.01190170779435],[6.128778965407773,53.01038464301683],[6.12980448312258,53.00875697660578],[6.107407563681638,52.999406454257446],[6.096436830218489,52.99289694784271],[6.0997220590719206,52.98949996586687],[6.094250504133154,52.98496382328034],[6.084336579167764,52.98318928300542],[6.0674934885841205,52.97316551924985],[6.048827700247391,52.96744536722769],[6.026852961222043,52.96436364401677],[5.95810507270038,52.97293542831702],[5.9648920706371,52.97933702247594],[5.962653394122839,52.98100728025366],[5.976750062209517,52.99265874162046],[5.974648794256654,52.99428524251854],[5.979669501353487,52.99785222829045],[5.973963314854747,53.003424777745494],[5.9719419882600135,53.0096727045319],[5.977122739198784,53.01016538089305],[5.98452501584451,53.02553887936641],[5.977036664514871,53.03012839197015],[5.952178632201044,53.03720777578189],[5.953087584835847,53.038349189677845],[5.94019934476954,53.042180231448995],[5.937999301747264,53.04426420339104],[5.943949421217653,53.04439420697795],[5.9445454756733636,53.0491117920015],[5.952837393672308,53.05004465559423],[5.953613764559088,53.052070850802416],[5.9576132528952845,53.05361758948543],[5.942635036054059,53.053486218402334],[5.947328237659377,53.062480226510736],[5.944268328163766,53.0652545755796],[5.9410903878929195,53.06390012231798],[5.937889284845084,53.06499821345854],[5.930870134812464,53.07041345967295],[5.932304593218521,53.073229031918295],[5.9359517573004075,53.07381539869365],[5.93291664223571,53.07604432070514],[5.933390214404708,53.07811135973759],[5.927580511246589,53.078394821380016],[5.929920392522457,53.080804942030014],[5.982796822589946,53.07730550553643],[5.9874932096119124,53.080761036372664],[5.998565282333291,53.080953513827794],[6.0174667562134925,53.07610498942546],[6.01954270915396,53.07705689279643],[6.0243990042008955,53.07336088098651],[6.088561228942477,53.070785276149074],[6.104895473726731,53.07774306062162],[6.1249616199097225,53.10121130218446],[6.144891970399538,53.10857049936698],[6.163946461662545,53.12076328877258],[6.185716697877064,53.12921344494582]]]}},{"type":"Feature","properties":{"i":12,"c":"GM0088","n":"Schiermonnikoog"},"geometry":{"type":"Polygon","coordinates":[[[6.079240135410251,53.429278215886626],[6.050124700667058,53.492337377665464],[6.110461132141181,53.496482945316565],[6.125992283126205,53.52334362198615],[6.186128096726132,53.51397527421839],[6.3220715006282315,53.52647566138114],[6.352528044396277,53.53971342086978],[6.352123078459418,53.5217464175007],[6.367249134263865,53.52387074118934],[6.382272312269215,53.52150143310471],[6.404449010583218,53.52088561462766],[6.416009667643737,53.51298923598411],[6.418680902431038,53.50564552803246],[6.417751364371405,53.500295418972044],[6.408991059195374,53.49485277434665],[6.381646643856141,53.49455089316558],[6.366632865624434,53.496920125565914],[6.35156688431363,53.4970415868654],[6.350426115434015,53.4462684854425],[6.194020203681169,53.413288812520555],[6.079240135410251,53.429278215886626]]]}},{"type":"Feature","properties":{"i":13,"c":"GM0090","n":"Smallingerland"},"geometry":{"type":"Polygon","coordinates":[[[6.176750362134519,53.15950451791503],[6.175317221768268,53.13548195198965],[6.185716697877064,53.12921344494582],[6.163946461662545,53.12076328877258],[6.144891970399538,53.10857049936698],[6.1249616199097225,53.10121130218446],[6.104895473726731,53.07774306062162],[6.088561228942477,53.070785276149074],[6.0243990042008955,53.07336088098651],[6.01954270915396,53.07705689279643],[6.0174667562134925,53.07610498942546],[5.998227754539645,53.08097032491452],[5.9874932096119124,53.080761036372664],[5.982796822589946,53.07730550553643],[5.932211365191804,53.08120945802787],[5.927333393549199,53.07829530119991],[5.89703924872102,53.07900548906174],[5.894974029417323,53.076228505197925],[5.871502057473197,53.074210013085214],[5.871881848294834,53.08394572095639],[5.883114376953586,53.08896328267004],[5.88328896252549,53.0909236855031],[5.8781198459552435,53.090966038445224],[5.88598494996073,53.09443914060103],[5.882005817437277,53.10693947977903],[5.910696179583867,53.10918059873777],[5.927869084229882,53.10893850003944],[5.931584986001069,53.11060847975135],[5.947199376594986,53.10394380844029],[5.949656608816297,53.10489170702958],[5.943277513742823,53.12444187104204],[5.974422929389006,53.134627323725965],[5.996992722673654,53.14777159394475],[6.01172313737625,53.154281968300545],[6.042088811101237,53.15656029244241],[6.0789316497946455,53.156455159629346],[6.08520487139084,53.15898834255636],[6.0887995401008945,53.15392826588484],[6.093943080977879,53.15613438190154],[6.104488889779029,53.15043040643656],[6.108192014819948,53.15231461317227],[6.1125373215044085,53.15019613553486],[6.1193384888795554,53.14941996394174],[6.118791500357355,53.14574054244153],[6.1216328470053885,53.144993404968695],[6.14811825307834,53.157827436499986],[6.1519864539849,53.15083278126157],[6.176750362134519,53.15950451791503]]]}},{"type":"Feature","properties":{"i":14,"c":"GM0093","n":"Terschelling"},"geometry":{"type":"Polygon","coordinates":[[[5.162216911799077,53.305280698632565],[5.102072480763111,53.32295025314453],[5.087068927187444,53.323072488680246],[5.10177830271361,53.36803428299523],[5.1617742229408865,53.38613172896174],[5.17669320736789,53.40862125683016],[5.357118953957859,53.43126356236091],[5.492587402429303,53.45817554844092],[5.552855806567619,53.47158486162521],[5.582911818505379,53.45806258231033],[5.6128307926670855,53.422070724854045],[5.6122893599340875,53.31874307575978],[5.567216980501456,53.305341166836854],[5.537090527086154,53.269441181820255],[5.477081283803684,53.2425448660286],[5.432116351357171,53.21561364791009],[5.3872075162501645,53.21562211295729],[5.147495567143499,53.251325154736755],[5.162216911799077,53.305280698632565]]]}},{"type":"Feature","properties":{"i":15,"c":"GM0096","n":"Vlieland"},"geometry":{"type":"Polygon","coordinates":[[[5.050952586697521,53.14326574108631],[4.8183757207411775,53.214274798214355],[4.840601495117967,53.23234947028343],[4.907689841984522,53.25959289645639],[5.027117207590877,53.31392264574249],[5.087068927187444,53.323072488680246],[5.102072480763111,53.32295025314453],[5.162216911799077,53.305280698632565],[5.132830933735979,53.19738165360288],[5.163222054344143,53.10758460317533],[5.095778097306171,53.08710515033863],[5.050952586697521,53.14326574108631]]]}},{"type":"Feature","properties":{"i":16,"c":"GM0098","n":"Weststellingwerf"},"geometry":{"type":"Polygon","coordinates":[[[6.20952034761274,52.933184917678076],[6.21363010172666,52.92579450029107],[6.24725869214318,52.923347450092535],[6.244829595396361,52.919587003773565],[6.232291055878939,52.91343818430718],[6.206900009588979,52.890743865599894],[6.165993080559596,52.87502660564797],[6.121250492726096,52.85474366388116],[6.08748042241689,52.84311386707686],[6.082607814983992,52.839150728313754],[6.061500366066812,52.83929655277477],[6.052607350406575,52.837339124075186],[6.05995103613156,52.826118541070784],[6.031168382021471,52.81499071306633],[6.02455896491824,52.82254466701463],[6.007483400205525,52.82004647328314],[5.996507858901808,52.816561514056225],[5.990574657745475,52.821596565197616],[5.986479005860339,52.82169334545241],[5.976174986993247,52.834748176398996],[5.973127797640446,52.84246971879441],[5.958731321248009,52.839765965702455],[5.955792340388548,52.837441850552814],[5.95570583876232,52.8332191729005],[5.945932863671797,52.83745219245202],[5.927163901164655,52.833865276097626],[5.930688880315632,52.831938448826655],[5.9228409496708565,52.83079184157355],[5.926407425201271,52.828349543537385],[5.922904659410912,52.827452082915045],[5.92407879656583,52.82348818985722],[5.9149976504206725,52.81945598412965],[5.909370089271847,52.814059232901265],[5.900657175777165,52.81182486985002],[5.897881480382451,52.807803316540024],[5.882577949133543,52.80391960505626],[5.878266254496337,52.80075394119475],[5.86563614085058,52.80465045969386],[5.8596399599720685,52.804536248773616],[5.857026773885482,52.80722886523313],[5.854667407153268,52.80550684174423],[5.843593645562409,52.80503254697571],[5.842201970252146,52.80758426975661],[5.83647422201605,52.80579310258085],[5.837365348039208,52.80826181887657],[5.8336293856319665,52.811655775223755],[5.82419813879186,52.81327699317639],[5.819898928446537,52.81630229447044],[5.8190142643094696,52.82307233676373],[5.827750431697156,52.827709405525276],[5.825746338776363,52.830169771164506],[5.835879481432797,52.84104078634634],[5.840016985142912,52.842996210965715],[5.843927550532505,52.85487380150029],[5.855109496620429,52.86611489222306],[5.8567676846204195,52.870790677710374],[5.868534482856095,52.88041538855384],[5.879875379894354,52.888525225213954],[5.884609764787572,52.889425846109845],[5.886216069427729,52.894379042243806],[5.911216197534099,52.89784157968897],[5.9329442881296695,52.90726220657282],[5.95262619371238,52.92489287739214],[5.957630540396169,52.92709285705432],[5.968173700354072,52.92840755573405],[5.980288782738974,52.92716750249568],[6.002687625784858,52.93398213959618],[6.037312235351588,52.91821934244377],[6.041126165449821,52.91772272522928],[6.077741090311333,52.93122076325589],[6.086303411373952,52.93644685509618],[6.110544747723393,52.91324415354572],[6.139260870253865,52.92402138695663],[6.144828307340413,52.9281460510032],[6.200561238181733,52.94301365849292],[6.202524720746996,52.94149923038206],[6.200882957496404,52.93897570596098],[6.20952034761274,52.933184917678076]]]}},{"type":"Feature","properties":{"i":17,"c":"GM0106","n":"Assen"},"geometry":{"type":"Polygon","coordinates":[[[6.601099083482995,53.06192059454322],[6.608120999944916,53.04773931135163],[6.606325440470539,53.03768597757022],[6.603014571919288,53.033087380018415],[6.631221432399901,53.026105245566136],[6.629668959451677,53.023605419336164],[6.632644321818757,53.02205221210542],[6.630634441297358,53.01831745841136],[6.632237796942954,53.017107386153235],[6.625903217660323,53.014850043983934],[6.621247269639137,53.01211516363443],[6.620760615681502,53.00918489662067],[6.618229803655373,53.00934848088863],[6.615681392279014,53.006220890902966],[6.611388341329312,53.00507794001482],[6.613945391074856,53.00336054657458],[6.611418820308523,53.00246440739054],[6.612471924822899,52.99914157085473],[6.607505053117349,52.99463614399408],[6.607470549015793,52.98746285222838],[6.604768743804476,52.983290168406235],[6.596201837972494,52.97895480896762],[6.596043481936964,52.972657993891865],[6.581265319964423,52.96744906642851],[6.570466248707764,52.95854583500685],[6.562832757469287,52.947151185524476],[6.542997491741779,52.95533824051834],[6.534602892605605,52.93251482071106],[6.533071874554328,52.93408991102145],[6.530398282793592,52.93386358918855],[6.5309066021390345,52.93587233143925],[6.527629661237857,52.935582028528785],[6.517622171930638,52.93976297537111],[6.519577255596368,52.942955739350595],[6.496971750733812,52.951566097330044],[6.493128117702769,52.94799589467625],[6.483947671068722,52.95017306659206],[6.493831407779164,52.95874732298394],[6.48755812704957,52.96120495511962],[6.495743245233532,52.968990539291774],[6.485502071932381,52.97298465128076],[6.496595240159248,52.98323938529033],[6.492244483533596,52.98420113884967],[6.499004414473288,52.99021579671577],[6.493658792312392,52.99232355447785],[6.49806083016793,52.99378096500575],[6.492585960370401,52.99305884092666],[6.488212022652605,53.00540528447664],[6.505935001967847,53.010130071555096],[6.513036287963208,53.01055666788423],[6.509978607776882,53.017039439277596],[6.503873050361834,53.016041583444995],[6.495527758937785,53.03089769935182],[6.502893482941361,53.03221279951127],[6.499950965215602,53.03843029895773],[6.505130063317834,53.046354762038206],[6.510770900486777,53.04431379984121],[6.525141411966467,53.04627255786899],[6.533683243278683,53.03815626325948],[6.5473067640445795,53.03506696631338],[6.552552414095932,53.04317589233761],[6.549995690286,53.047074948956954],[6.55395576207991,53.05272769721724],[6.552730229749014,53.05514670211185],[6.556076143721648,53.05572650079188],[6.555213269570116,53.05860808815458],[6.569728463896965,53.05986247755756],[6.570097586403574,53.055005929333106],[6.57486768491201,53.05458119619199],[6.575804131882232,53.05918761334291],[6.586432289010583,53.059704162959235],[6.588077253831116,53.057999294332944],[6.601099083482995,53.06192059454322]]]}},{"type":"Feature","properties":{"i":18,"c":"GM0109","n":"Coevorden"},"geometry":{"type":"Polygon","coordinates":[[[6.739900039642932,52.87175855880301],[6.745106182895371,52.87185052300396],[6.747294358159442,52.87030488374942],[6.753400848394222,52.86158370162235],[6.753008156693901,52.85904037175531],[6.769139882181291,52.851472143274584],[6.765601040839989,52.84992562876689],[6.823852742788503,52.821682307593065],[6.849805799285131,52.8046339500845],[6.831047086203327,52.77816242852017],[6.834227403861423,52.77156096794272],[6.831010832985701,52.76704262216725],[6.8396941149355595,52.76099625691496],[6.834937952995073,52.756097960124656],[6.8382406443150465,52.75582795249083],[6.83831833901459,52.75127613321388],[6.830565887225407,52.742287125653554],[6.8374846257803386,52.73450915269184],[6.826360778664754,52.73088815028097],[6.840870682422652,52.699571005681555],[6.849529128850385,52.69935425269485],[6.861875217765116,52.64969086011768],[6.850838568520563,52.64861517974483],[6.837563091863232,52.65194814249109],[6.81871785248007,52.64768236114311],[6.807915886759361,52.64912280588086],[6.803327043044428,52.65185207071944],[6.79428995435028,52.65065696996628],[6.789745652829806,52.65279689708397],[6.777430909220612,52.651660832332695],[6.767879222789405,52.64685107831228],[6.758848358488986,52.64882544885705],[6.753451561200395,52.64580627068054],[6.752775485237922,52.64814722583085],[6.741984045810709,52.64533289164111],[6.72639810041655,52.63322035460822],[6.707170974825954,52.626760434070945],[6.700791681863654,52.628409635110664],[6.706525510516724,52.63954214535965],[6.701152742913315,52.64173593697548],[6.705677329917508,52.6434782495023],[6.708546527887824,52.648715354238874],[6.682509176104344,52.65417851384432],[6.629453218664968,52.66968823945198],[6.631869542797852,52.67431673125336],[6.632412528925107,52.68672985405124],[6.628855552873991,52.69622590160897],[6.629937457511014,52.712726636369155],[6.595794359281852,52.71321786006725],[6.596779344540621,52.72354674220669],[6.576428510987601,52.72426547471747],[6.576502990270929,52.7252502130553],[6.616153668966507,52.76291675175679],[6.66087938586851,52.80123262976068],[6.675143261064549,52.797125586063856],[6.678073752996247,52.79912157479877],[6.6756140841727305,52.80032087954589],[6.681183143746242,52.80773221528545],[6.691955331642616,52.80999967153112],[6.69401689497037,52.814502203679325],[6.688964840971508,52.82296671449805],[6.690002457152637,52.825962784067315],[6.694034878655138,52.82783430707956],[6.696025221571239,52.82661557095736],[6.707598132841414,52.83639223355252],[6.704053157505198,52.84697786246321],[6.719672523314412,52.848829747746095],[6.728628702589411,52.85396643224056],[6.719858125498509,52.8614888990894],[6.721860795764311,52.86631732355147],[6.714563923435681,52.868158821007],[6.736337073891997,52.87869129297],[6.739900039642932,52.87175855880301]]]}},{"type":"Feature","properties":{"i":19,"c":"GM0114","n":"Emmen"},"geometry":{"type":"Polygon","coordinates":[[[7.040264895675361,52.87285915640666],[7.043486227072211,52.865218582449764],[7.046433021374422,52.86585560614757],[7.0627473067197,52.85144755515408],[7.065917308078722,52.85164197122857],[7.069557408466906,52.84774765473873],[7.076260275880146,52.85003065894563],[7.072192960546157,52.84521093900816],[7.072147898293823,52.838405099394095],[7.092739668948654,52.838196140034626],[7.071551188904316,52.810421158230454],[7.055728585868345,52.64341976887831],[7.041922192304356,52.632807764854974],[7.039570391267175,52.63270592992141],[7.035467013887924,52.63485449406666],[7.012491635759062,52.636776586199005],[7.001877327009716,52.64191894154112],[6.9924590544881875,52.64133238214729],[6.975984699665617,52.64625467476771],[6.968000553423258,52.64173923071768],[6.959311202295915,52.6417450091559],[6.953780944229546,52.63902656233267],[6.945427160494278,52.63934231313165],[6.938854245604327,52.637871686040974],[6.92852188187871,52.64018485429457],[6.918972105447687,52.63991166134937],[6.915692012228979,52.64181494784184],[6.91446377804604,52.6464816191556],[6.902938064386451,52.64859384222271],[6.89717974095325,52.65137134126161],[6.8799502815104265,52.65054832105954],[6.872810705748362,52.65327055699032],[6.861875217765116,52.64969086011768],[6.849529128850385,52.69935425269485],[6.840870682422652,52.699571005681555],[6.826360778664754,52.73088815028097],[6.837471293913101,52.73443689810088],[6.830565887225407,52.742287125653554],[6.83831833901459,52.75127613321388],[6.8382406443150465,52.75582795249083],[6.834937952995073,52.756097960124656],[6.8396941149355595,52.76099625691496],[6.831010832985701,52.76704262216725],[6.834227403861423,52.77156096794272],[6.830999681320341,52.77797075030851],[6.848711122517472,52.80381499800205],[6.855956907116292,52.81185978165477],[6.865063947919862,52.81581593873593],[6.869015865115261,52.819302848455486],[6.949912812635935,52.848803288382214],[6.952275215719587,52.851308305829825],[6.952075438424528,52.8553160513199],[6.961575344975984,52.86432940471977],[6.9666381111700355,52.86386837690913],[7.007588971597552,52.873011304276936],[7.040264895675361,52.87285915640666]]]}},{"type":"Feature","properties":{"i":20,"c":"GM0118","n":"Hoogeveen"},"geometry":{"type":"Polygon","coordinates":[[[6.496164256974736,52.7862246771669],[6.490669156012723,52.770884981961636],[6.5032338670249805,52.76938968901052],[6.505437366076841,52.768013266684115],[6.507609309026222,52.769103394161654],[6.512729038724086,52.76208433740209],[6.535367400703576,52.76810435615406],[6.537520918875336,52.765234282579335],[6.566385376739051,52.76557894827819],[6.557400032844668,52.74536491259166],[6.5874673957085,52.73568986442579],[6.576428510987601,52.72426547471747],[6.596779344540621,52.72354674220669],[6.595794359281852,52.71321786006725],[6.629937457511014,52.712726636369155],[6.628855552873991,52.69622590160897],[6.632412528925107,52.68672985405124],[6.631869542797852,52.67431673125336],[6.629453218664968,52.66968823945198],[6.614526804458107,52.6740492755701],[6.552821392601175,52.66559496630806],[6.529380676445485,52.654507315930694],[6.530555818276784,52.67247238589691],[6.499551794667594,52.67355404764522],[6.499773955566139,52.6756428945474],[6.492573836427939,52.67597085186292],[6.493331272402712,52.684125780207154],[6.484851976873113,52.68424572494545],[6.485980364777998,52.693632746244774],[6.463319468868694,52.69330766113965],[6.4628145644817705,52.69520294769139],[6.448676612902276,52.69378762722515],[6.451311636457879,52.69940577243531],[6.45114165421225,52.70698164011141],[6.428848158553351,52.70531979445051],[6.420367026664868,52.701347108161784],[6.407167608029599,52.70679557752218],[6.404202095395144,52.705069225800884],[6.4059315925272875,52.713072718419255],[6.4143650614297165,52.717261280621926],[6.4146368919483505,52.72022047359546],[6.406802499359031,52.728410177998185],[6.42132546119883,52.73141540686327],[6.415392080795479,52.740856906038026],[6.423192575738055,52.74300025345967],[6.42052292391732,52.74822720713886],[6.426285697999743,52.751422846345875],[6.419403171841051,52.755994401804095],[6.41614454717637,52.755317326628116],[6.410134294277014,52.76488549697421],[6.432842358716991,52.76900187758613],[6.446152330170153,52.776095513202065],[6.447862687993938,52.78909226578579],[6.455450745651411,52.800556499677235],[6.491805076652581,52.79312329882893],[6.496164256974736,52.7862246771669]]]}},{"type":"Feature","properties":{"i":21,"c":"GM0119","n":"Meppel"},"geometry":{"type":"Polygon","coordinates":[[[6.172905976523498,52.77305425989034],[6.201842757570417,52.72930684625999],[6.218555851512596,52.74830039140216],[6.234576273997052,52.74060077335894],[6.216941611192339,52.719940290628436],[6.216903587679028,52.7031577381857],[6.224961121780004,52.703230213713724],[6.232523911216637,52.70660772519454],[6.237927929787482,52.70577056802984],[6.2489755195330945,52.70822096695807],[6.2531197730326635,52.70528155338284],[6.274303006342301,52.7061853110382],[6.273802847570756,52.703281565864025],[6.277213831029088,52.70335979413316],[6.276699386156302,52.70058612248855],[6.279634875176898,52.69961184497098],[6.2763256866400265,52.69800420137111],[6.275807629349602,52.695463430804],[6.286682599117807,52.69912610545486],[6.28501197301568,52.689705161431974],[6.275873870929879,52.69021605437693],[6.2754232972149815,52.687742978965574],[6.283842690579556,52.684199675751394],[6.2834780748204535,52.68224820003648],[6.275161164991665,52.68344700744574],[6.269814722419682,52.68222797390847],[6.272681776203434,52.673794638031715],[6.269045594537427,52.67357571758907],[6.2662587385060675,52.668221412476655],[6.2605351404543095,52.67047782927276],[6.252001455851953,52.66988137663306],[6.247286054511533,52.67281116651528],[6.248365118704891,52.675616799476266],[6.243794622361763,52.67870295988032],[6.237074552054837,52.67754764633764],[6.232843134699901,52.679109358010166],[6.232740874719381,52.68145457538629],[6.221090884838105,52.68277888306937],[6.218707907484809,52.684327218171255],[6.2198068039902035,52.68570447155221],[6.216649585912642,52.68640584827551],[6.212535765388562,52.68463363676098],[6.201681516502242,52.68462028764981],[6.195036120236527,52.67957291347499],[6.194229775394842,52.67662958903261],[6.192054774011483,52.67642647624571],[6.191444472017267,52.679319853409645],[6.187862187549273,52.67961375255586],[6.185870691692531,52.682503517789065],[6.180548211224121,52.68158787876003],[6.184208085863191,52.677207836812975],[6.181932926370096,52.676868207452614],[6.1831468506940315,52.675063278759026],[6.162996116053201,52.68006182353837],[6.169650901599953,52.68612077478559],[6.162184857471836,52.69127880062795],[6.156606683940974,52.69195735145894],[6.148497573933954,52.70763135330754],[6.1200636618511,52.75088185652014],[6.121665570117981,52.7542843332166],[6.126616682631651,52.75693513409426],[6.156702729770693,52.76269854439764],[6.163939988694407,52.7664493504525],[6.168525391322687,52.76709349696223],[6.172905976523498,52.77305425989034]]]}},{"type":"Feature","properties":{"i":22,"c":"GM0141","n":"Almelo"},"geometry":{"type":"Polygon","coordinates":[[[6.647619004311451,52.39546929731446],[6.6517517031993885,52.398724525933844],[6.6641687249933295,52.38951429709569],[6.6718959219886385,52.38885140213349],[6.676119899442342,52.39615066933354],[6.684391227523167,52.390899001345936],[6.6852290567898995,52.39310491640892],[6.698635306444574,52.39374107515881],[6.697881646115487,52.391274036409534],[6.705302739546718,52.378131808734985],[6.713465300518055,52.376489076022985],[6.715661340144991,52.36654912264923],[6.719693376014026,52.3612889713272],[6.720563192862301,52.35232913075154],[6.709740895099252,52.343434587629005],[6.720845664995393,52.3412075400463],[6.721010488050679,52.34012766839185],[6.709446969587435,52.330599818166064],[6.706841174880927,52.33225876173093],[6.696953856171265,52.32980727445561],[6.694945201448969,52.326822903865235],[6.707010186041495,52.32100415189816],[6.704353854859697,52.319736343725204],[6.705895957640051,52.3179568575573],[6.6902294582071296,52.31479242314346],[6.692319542589159,52.31396760575994],[6.690042306197953,52.31300955781228],[6.690940201143583,52.30839106833446],[6.657519788379565,52.294854308682964],[6.626066254974583,52.289973951632135],[6.631782333939308,52.30177991372661],[6.618747463287347,52.30617549323368],[6.60791510239945,52.307541330304446],[6.616782018188653,52.309101808776575],[6.61391512782138,52.3096589965662],[6.614739910998406,52.3114222812963],[6.611427344846267,52.3131236762738],[6.604762772404298,52.31222533903096],[6.6190202684129416,52.32614514047791],[6.616558981588762,52.32915804385897],[6.603422505973618,52.3359556360468],[6.597704801700238,52.3428999894243],[6.6046733825874115,52.34489774765667],[6.610318059865098,52.354457660346156],[6.614276985195803,52.35643486933118],[6.615569148096441,52.361833592795385],[6.6141034167625055,52.36461524862958],[6.60854336564745,52.3671736673985],[6.598851202251265,52.38365830429185],[6.609454972884173,52.38955148550022],[6.613979386402145,52.38611947473646],[6.6194920923136635,52.389830409925985],[6.621763178388138,52.389545325558444],[6.636381545257057,52.39553565517252],[6.640199571465992,52.39912275127669],[6.647619004311451,52.39546929731446]]]}},{"type":"Feature","properties":{"i":23,"c":"GM0147","n":"Borne"},"geometry":{"type":"Polygon","coordinates":[[[6.743684936462416,52.3361094695651],[6.750679168438857,52.329665351309984],[6.7590353556461045,52.33206060358526],[6.7738418486016565,52.31891057726179],[6.785902660154254,52.31822960052456],[6.785148996506045,52.31736996807161],[6.8021289079586555,52.314544198765425],[6.801825911614749,52.31077911609656],[6.801347561171785,52.30865117036949],[6.797451429267441,52.306700815865966],[6.7878921984459195,52.30497555475652],[6.792550570577639,52.30038679224113],[6.785048614895685,52.2998127296117],[6.775516329588163,52.29315251475284],[6.770024648710587,52.29159404917918],[6.7677499602983024,52.29263229173913],[6.7632208422832045,52.28840554067453],[6.7529613998077815,52.2875612988498],[6.750363939723416,52.28513574799912],[6.742770908730966,52.28311865650241],[6.729617049884003,52.29047151774527],[6.724430653140774,52.295836315409765],[6.711233938248578,52.304124260294905],[6.702017139103212,52.30785161030356],[6.690940201143583,52.30839106833446],[6.689481313620051,52.30958863982364],[6.690042306197953,52.31300955781228],[6.692319542589159,52.31396760575994],[6.6902294582071296,52.31479242314346],[6.705895957640051,52.3179568575573],[6.704353854859697,52.319736343725204],[6.707010186041495,52.32100415189816],[6.694945201448969,52.326822903865235],[6.696953856171265,52.32980727445561],[6.706841174880927,52.33225876173093],[6.709446969587435,52.330599818166064],[6.720845664995393,52.3412075400463],[6.734497265529738,52.33935478636607],[6.743684936462416,52.3361094695651]]]}},{"type":"Feature","properties":{"i":24,"c":"GM0148","n":"Dalfsen"},"geometry":{"type":"Polygon","coordinates":[[[6.31968069240291,52.59917107852666],[6.36157164972497,52.52475537813755],[6.3532667868196055,52.522898608923576],[6.351351263528542,52.52369816566274],[6.343203191255143,52.519755305212264],[6.338718629897916,52.52169751843794],[6.331515691361633,52.522074781950806],[6.3337016655826055,52.51562345568664],[6.3321807007996,52.512504295233896],[6.335436752625387,52.51087502209822],[6.336801913106464,52.50763501022372],[6.334582262896756,52.507077746683336],[6.344049281086606,52.481720199143005],[6.342616265804633,52.456905407854336],[6.378494287850212,52.456416828354605],[6.37106119241399,52.449711194240024],[6.37315445283921,52.4468568563848],[6.376209584054644,52.44782528769616],[6.381105097376303,52.440004586708866],[6.384150050373507,52.439434686292856],[6.380398645488711,52.42779917937821],[6.356254404263142,52.429104368544664],[6.355662725321285,52.42594158549786],[6.350234954525669,52.42646918203614],[6.34940025963849,52.42485165084752],[6.337109560148275,52.4277225749147],[6.334419394814602,52.42444067681654],[6.318944006996344,52.43206727962463],[6.3144382097904606,52.43302818102764],[6.302262864650352,52.43144362332735],[6.301834106408732,52.43522848972386],[6.29182524751035,52.434721417707756],[6.289947949896892,52.446444749661694],[6.27862734692808,52.44735183301629],[6.278241277051024,52.45704265831241],[6.2390003850990645,52.46540245029463],[6.213531197517281,52.46463943353031],[6.202577344878268,52.46872810532996],[6.186673230250744,52.46841763939294],[6.178021898272619,52.47063564475402],[6.174485116027673,52.468401241957345],[6.171294715780075,52.468738607555636],[6.162495460564995,52.474388357928426],[6.170017697706515,52.47587931708127],[6.171246799703786,52.47739520793918],[6.173627042711404,52.47680284112758],[6.174727287120542,52.47821285769329],[6.177660967779323,52.47785638992592],[6.177529292767987,52.47982238268297],[6.182076349307526,52.47905707952543],[6.182832285861049,52.480806639733665],[6.1925507478335895,52.48163159220777],[6.192387966805552,52.48561548995144],[6.196520022206046,52.48967949820521],[6.20100342962495,52.490994695741094],[6.1987428970380165,52.492816975788884],[6.199712560301823,52.495274293730915],[6.188150296044465,52.49955665583177],[6.1840709861194805,52.50774106502584],[6.173321983641363,52.518830214569334],[6.182953447391971,52.51933538748742],[6.1878514724448355,52.5235156013147],[6.193050249763398,52.53184805839873],[6.189631145914791,52.53616005283592],[6.210810677737024,52.5677977662955],[6.205455509028912,52.575250251193516],[6.202137717158159,52.584948507285574],[6.246925960192464,52.59032535429657],[6.27074429366084,52.59505147142599],[6.2747762534012566,52.594787550028904],[6.274898166950224,52.59370479236178],[6.286326524425767,52.59621179095959],[6.286958259156573,52.59519174824206],[6.31968069240291,52.59917107852666]]]}},{"type":"Feature","properties":{"i":25,"c":"GM0150","n":"Deventer"},"geometry":{"type":"Polygon","coordinates":[[[6.235351432783012,52.31962564763622],[6.235133403873172,52.31445516638859],[6.267238566938473,52.30080468109207],[6.326529856817109,52.301631542819926],[6.328842020201605,52.28110297789947],[6.350066217795176,52.27176002720318],[6.348856792448566,52.26989183602183],[6.350831526001224,52.26925391774732],[6.3520204787499335,52.2708892977982],[6.354883859190805,52.26920124675533],[6.352842968838522,52.268350484143554],[6.3553762566645275,52.26726567965789],[6.356718043031462,52.26812824082433],[6.370775294065836,52.260006455354386],[6.3728973964586775,52.26100040463973],[6.377194266032213,52.25893796050221],[6.374803041724012,52.255315898320866],[6.377317063498713,52.25432595216909],[6.3767538807707265,52.25015942658701],[6.3819117478099106,52.24614711447743],[6.3668513121633366,52.24153214311733],[6.350891835869856,52.24168008508561],[6.349476738880711,52.238797197305885],[6.341193713906,52.23761205774563],[6.341276412862005,52.235985578373956],[6.338024658194698,52.236222223708076],[6.338708313125142,52.2271528677396],[6.325434036571606,52.22699663999377],[6.3210213501661165,52.22570215883516],[6.297942289954376,52.2255298337619],[6.296950934715359,52.22900480649822],[6.292973790291661,52.22950097800922],[6.292731850662281,52.23086941468211],[6.271007106061454,52.2279099704713],[6.271290922866489,52.22641363565251],[6.260058201898659,52.22914219117373],[6.257294751418906,52.227276221216854],[6.2504292837331255,52.22690632580699],[6.244680026527563,52.22827138162117],[6.2380178020344195,52.22754310201952],[6.2279250562682265,52.229767921360704],[6.222494975098116,52.2288625088214],[6.215113668673163,52.23154951098615],[6.217224276695138,52.226401483286566],[6.201942507147707,52.229423326462005],[6.189135623919916,52.22916651528758],[6.182880694647258,52.23373069045172],[6.178672322171504,52.2335607577755],[6.166268840203722,52.23101377627212],[6.16302801243156,52.22852210436935],[6.168435660728431,52.22727901089924],[6.1677379071733744,52.22622196920352],[6.162499593544877,52.227916914487075],[6.168671380646552,52.220699152168265],[6.163908992348288,52.21749619138688],[6.163932945642268,52.22192440518216],[6.161374929018782,52.224760403568396],[6.147682497389619,52.227690743110685],[6.141941918566657,52.233439781592644],[6.142236674468892,52.23845586781339],[6.153603873368385,52.2440178086677],[6.153747640523187,52.246790209551364],[6.150020315156894,52.24831593580165],[6.143526309329377,52.246404195634064],[6.135412343440475,52.249614662114936],[6.12386547655445,52.25148111060279],[6.125144958195634,52.256825363072],[6.1300690977378025,52.260691394029834],[6.124797223614638,52.2634103092805],[6.1216699426110885,52.27144024933689],[6.112627289835743,52.27792757024578],[6.111321617333061,52.28821082569173],[6.105864463180423,52.29240797138758],[6.10132038100799,52.30122477508994],[6.110143400039233,52.297724097889734],[6.170271120028633,52.30878482398924],[6.182176125056569,52.3089108426317],[6.181550917316813,52.314857206045296],[6.199492307935553,52.31587871840004],[6.206487481095185,52.32112185907802],[6.235351432783012,52.31962564763622]]]}},{"type":"Feature","properties":{"i":26,"c":"GM0153","n":"Enschede"},"geometry":{"type":"Polygon","coordinates":[[[6.912285053525312,52.28528326482198],[6.913586944076206,52.282168142381025],[6.918962316082111,52.283657073809614],[6.940986469247847,52.28390348726305],[6.969015002326748,52.26739897860812],[6.9730280120431996,52.24850339771548],[6.971645599756985,52.24406763716624],[6.964873377716531,52.236764830490124],[6.965889528582158,52.2304187158545],[6.981100055807289,52.22073699026956],[6.978493463810687,52.21219150481676],[6.967396608983449,52.1978936592605],[6.962391627627172,52.194298584595195],[6.962478726608126,52.1913788499801],[6.949505449499584,52.18050461119729],[6.90806081265767,52.17595949944324],[6.9057200649718915,52.16991524144173],[6.8897502631104,52.1612059218139],[6.8698652968490235,52.16269339104102],[6.827990683099105,52.17100654539593],[6.814277342954987,52.17086110932662],[6.805581282737084,52.16660016567699],[6.788320928137181,52.17619024356095],[6.76680054473565,52.19106490197143],[6.766323756610875,52.20313870681012],[6.759623608323415,52.210034801810025],[6.755892713233241,52.217396363319914],[6.769055340410532,52.22701277587154],[6.7651902891316755,52.2331375765647],[6.77443388272363,52.23845631742297],[6.813753936070485,52.229482691377896],[6.819538508854998,52.24365706015025],[6.827239492078856,52.24829714159132],[6.842562128201461,52.253909190059616],[6.840287718949986,52.26108594891862],[6.843514535281578,52.26659260818322],[6.831744612192366,52.273511745935615],[6.8378460510453,52.276632271506216],[6.868327344013463,52.272961771719764],[6.876494926146922,52.274724797569554],[6.881358177803778,52.27937917742343],[6.880020300068275,52.28140405418319],[6.883207436603391,52.28317056594942],[6.887811489029311,52.28345212841363],[6.8895670562342435,52.28097800728123],[6.8953640871316,52.2838408660289],[6.912285053525312,52.28528326482198]]]}},{"type":"Feature","properties":{"i":27,"c":"GM0158","n":"Haaksbergen"},"geometry":{"type":"Polygon","coordinates":[[[6.712387769380825,52.20633143674522],[6.76680054473565,52.19106490197143],[6.788320928137181,52.17619024356095],[6.805581282737084,52.16660016567699],[6.814277342954987,52.17086110932662],[6.827990683099105,52.17100654539593],[6.8698652968490235,52.16269339104102],[6.8897502631104,52.1612059218139],[6.880458179012784,52.15600954568594],[6.88196032833501,52.15597649230219],[6.873424347778411,52.130249222038614],[6.867088300819326,52.12807131536425],[6.855473949001908,52.1204620970001],[6.843198566502488,52.11919707800278],[6.7378436308236305,52.118069493606875],[6.716272364223483,52.11827040942191],[6.697810023463406,52.12355367378119],[6.677690598255988,52.125958955618295],[6.662398926770202,52.130167437208144],[6.673879661478606,52.141203772146575],[6.673748238858934,52.14828660373332],[6.671309221974578,52.150458116089354],[6.673819394024368,52.15210362891797],[6.67346897131571,52.15497235388478],[6.6703514165035545,52.1564241630658],[6.674280132701963,52.15853791767538],[6.673397356200013,52.16323970247097],[6.671338907564905,52.16568320094311],[6.645040703464933,52.174194259115616],[6.647294074271128,52.17689528619385],[6.6427549789313645,52.18144712205172],[6.640123559845282,52.18128051531081],[6.634453815574848,52.18595521215026],[6.624347347962149,52.188908102914894],[6.672050451379345,52.1981867215871],[6.697494106204357,52.196247971469745],[6.703469001775584,52.198527939346235],[6.712387769380825,52.20633143674522]]]}},{"type":"Feature","properties":{"i":28,"c":"GM0160","n":"Hardenberg"},"geometry":{"type":"Polygon","coordinates":[[[6.702232110239455,52.641075959655964],[6.705378244466882,52.641021298008624],[6.706522064976283,52.639486879956195],[6.700970751246302,52.62819736997395],[6.714207623771923,52.626807577420394],[6.727288777805143,52.614927886277194],[6.718771563434616,52.588636024811464],[6.766659906998794,52.5635327338655],[6.766692026423929,52.56163689967968],[6.7522723844239,52.559038861874754],[6.740103237783589,52.56205347782437],[6.725973401311966,52.56325507448241],[6.7209595448647015,52.552947175081734],[6.716235790306933,52.55032728644983],[6.716264187226789,52.54852481760192],[6.680879908663634,52.553317442698734],[6.705332481397445,52.52100756180444],[6.6975846239336425,52.48629824275189],[6.693485359781075,52.486327112973726],[6.669301280978948,52.49498073745115],[6.653659033783632,52.48783216752112],[6.654578213307503,52.482715247632356],[6.647459620011144,52.478614043369696],[6.65110023439436,52.475156779591046],[6.649555605169825,52.47308988868402],[6.641541229466242,52.47124385742853],[6.640584452496884,52.473105150132746],[6.635620652217858,52.47164722919262],[6.626820828570501,52.47383126403213],[6.616570465660281,52.46936853807441],[6.61300138672109,52.465603251991546],[6.6010350254210515,52.479470235826035],[6.595188122647752,52.48030330045551],[6.6096435434643634,52.492504830454756],[6.561282473436068,52.51293115958799],[6.560197725440647,52.515220470596695],[6.564808045378617,52.514478118181195],[6.566838798985694,52.516082452666915],[6.564405121076335,52.51887092709438],[6.559048807041729,52.51918156288285],[6.554882003620859,52.51559622300459],[6.556677964804849,52.5132604944939],[6.554057583335326,52.512459665806865],[6.5456714013711945,52.516036176125816],[6.546593934498391,52.51855829947951],[6.54132298997824,52.51896976407136],[6.541771679058396,52.52634790703109],[6.5360545535767,52.52893030374385],[6.534115391785471,52.52833635949906],[6.529659581061225,52.546286051739884],[6.5218266891062875,52.56058567855085],[6.5049386685521124,52.57588538028258],[6.488355604054469,52.56900098678496],[6.438071393805797,52.569374513991654],[6.428281987139983,52.57122701827283],[6.415015306894482,52.570012284972016],[6.402644543359443,52.59140281994104],[6.323412515383431,52.59252717002204],[6.31968069240291,52.59917107852666],[6.30306368909452,52.59714115301649],[6.327797714749213,52.65869275021809],[6.334002899719252,52.65469886715986],[6.3413952497444335,52.65412118049635],[6.346967832449721,52.64915194794824],[6.353298582338611,52.6478136705194],[6.353337589864244,52.64596332393848],[6.3597505905077965,52.64556199213656],[6.364441038290405,52.643174568876745],[6.363019084378483,52.63905848079409],[6.369522318370403,52.63548396449574],[6.369180258570534,52.63206746827495],[6.37148512709532,52.63179236050376],[6.3752058974249906,52.6274081324203],[6.373252527329543,52.62383746064787],[6.377178008484433,52.620360722200296],[6.376510380369407,52.61692393590722],[6.3803195045592105,52.61497492343448],[6.382796093504655,52.61566113877959],[6.38383682821475,52.61219774518607],[6.391522217346976,52.61451941563894],[6.396035216123543,52.61778796626101],[6.403766750125488,52.6162711887864],[6.40685831635929,52.61778099971841],[6.406250912168549,52.620694432717855],[6.409502229568274,52.62173326117524],[6.412858773739594,52.61957443679941],[6.418808498520344,52.61902320032223],[6.420236452463187,52.62231764244053],[6.426794306504379,52.624526877645216],[6.4281764877741825,52.628188503440434],[6.431242899512981,52.62837793537836],[6.433803067149367,52.62640921400608],[6.434934372940997,52.61928554824747],[6.441879666371534,52.615637268369326],[6.453365993691359,52.61394570668903],[6.455138117242995,52.615440364329565],[6.459788259885919,52.615759781454564],[6.463284909579414,52.623513637827095],[6.470073153389385,52.6250072909991],[6.478016188773117,52.618631306583616],[6.491850407732349,52.619144254838375],[6.504512178676854,52.61705815177743],[6.512026845011831,52.61364967009567],[6.518604193547484,52.6140878450001],[6.513861466748964,52.646293771982684],[6.552821392601175,52.66559496630806],[6.614526804458107,52.6740492755701],[6.682509176104344,52.65417851384432],[6.708546527887824,52.648715354238874],[6.702232110239455,52.641075959655964]]]}},{"type":"Feature","properties":{"i":29,"c":"GM0163","n":"Hellendoorn"},"geometry":{"type":"Polygon","coordinates":[[[6.44492413605063,52.4600259781877],[6.450098303533416,52.46125642180635],[6.448549638373728,52.460307445134674],[6.4534895781788375,52.460022138707714],[6.467388472686707,52.4455722506348],[6.475598542440927,52.440857372098684],[6.516279352890171,52.43745485830052],[6.5210742723136805,52.440695636056525],[6.524069678853886,52.439626327818274],[6.528403749835401,52.44066450147587],[6.531036653648139,52.44621811355476],[6.540554578393499,52.45087601813989],[6.554512943631657,52.44845846324889],[6.558345938594199,52.44897431428011],[6.562893940042765,52.44576379016225],[6.571064044549298,52.44839844588286],[6.571632865624137,52.446503724247094],[6.596386702985641,52.4548078197699],[6.598147596524023,52.439029367181185],[6.572469485021285,52.42331504263867],[6.575951938472054,52.4175135023192],[6.515982364280778,52.40612226991091],[6.5085387736957,52.39215224422638],[6.514108258332086,52.381665110246466],[6.4955162853397495,52.376180356143536],[6.496077864167275,52.36794289960741],[6.499058631379234,52.363561932966704],[6.520792792770116,52.361414896217624],[6.518872560891851,52.35516114005024],[6.506663209373358,52.35527639055621],[6.505839393139391,52.35245014821478],[6.501347179150465,52.35291612472232],[6.4959778657632725,52.34995450553834],[6.490795114331977,52.349355359141526],[6.489133618882802,52.34595474987675],[6.486608700372022,52.345208671452966],[6.488446846175974,52.34378535617985],[6.460919870755789,52.32005861769908],[6.421896015773631,52.32569000369076],[6.356015674559065,52.31821878862476],[6.342387951736209,52.33316927105277],[6.333501868162223,52.35139834097802],[6.3430821421646595,52.3700319946156],[6.356964695190471,52.376983680540484],[6.382474661079594,52.380649322938865],[6.388409652381046,52.37978242283676],[6.40516950405454,52.41554160581237],[6.390315134827517,52.42814452216884],[6.42877716394199,52.438687454150006],[6.438351279965989,52.44397209201993],[6.438235029008461,52.4481495287169],[6.4425157635719765,52.450070683943885],[6.444394608432394,52.45465541194635],[6.4417675844847535,52.455671454513514],[6.446091181950895,52.457564930607106],[6.44492413605063,52.4600259781877]]]}},{"type":"Feature","properties":{"i":30,"c":"GM0164","n":"Hengelo (O.)"},"geometry":{"type":"Polygon","coordinates":[[[6.80932370836742,52.31037884594373],[6.823336198297841,52.30875952377472],[6.825691459936551,52.30640012469487],[6.81923710442185,52.3014483213174],[6.820516716805137,52.29842804933554],[6.827901944633173,52.2948623111671],[6.84637499548051,52.291401983685475],[6.852376398682307,52.28522834102008],[6.850304378912417,52.284131502954025],[6.852014138451633,52.28205950727932],[6.84576073508234,52.27975897399168],[6.847570008000388,52.27858385033823],[6.8378460510453,52.276632271506216],[6.831744612192366,52.273511745935615],[6.843514535281578,52.26659260818322],[6.840287718949986,52.26108594891862],[6.842562128201461,52.253909190059616],[6.827239492078856,52.24829714159132],[6.819538508854998,52.24365706015025],[6.813753936070485,52.229482691377896],[6.77443388272363,52.23845631742297],[6.7651902891316755,52.2331375765647],[6.769055340410532,52.22701277587154],[6.755892713233241,52.217396363319914],[6.759623608323415,52.210034801810025],[6.766323756610875,52.20313870681012],[6.76680054473565,52.19106490197143],[6.712387769380825,52.20633143674522],[6.702039140199634,52.216821555220136],[6.712139723129747,52.22602899972747],[6.717087849393031,52.240980501381266],[6.718663592363805,52.237910634680155],[6.720936613016072,52.2380853182128],[6.720055391456718,52.24374225375705],[6.71792671909019,52.24351424787248],[6.719616355299466,52.24861669795609],[6.724193894979236,52.25270716108526],[6.752959513529014,52.252369564971765],[6.747904961376012,52.26686608196499],[6.748134817443202,52.27604877801262],[6.742886463279024,52.28311348366319],[6.750363939723416,52.28513574799912],[6.7529613998077815,52.2875612988498],[6.7632208422832045,52.28840554067453],[6.7677499602983024,52.29263229173913],[6.770024648710587,52.29159404917918],[6.775516329588163,52.29315251475284],[6.785048614895685,52.2998127296117],[6.792550570577639,52.30038679224113],[6.7878921984459195,52.30497555475652],[6.801233630237104,52.30854669639682],[6.8020388341472575,52.31358608388739],[6.8078158814640455,52.31309122932074],[6.80932370836742,52.31037884594373]]]}},{"type":"Feature","properties":{"i":31,"c":"GM0166","n":"Kampen"},"geometry":{"type":"Polygon","coordinates":[[[5.864310177137088,52.518173433469364],[5.855076151778814,52.55082418756421],[5.812861020402003,52.57881269472762],[5.804661913377766,52.580717900824354],[5.7779299764557335,52.58085189667967],[5.777967679420788,52.60753446201202],[5.837213942569964,52.60733122804763],[5.840524600821679,52.610413207083575],[5.905470065822866,52.61921535856147],[5.910601737506354,52.61766080602329],[5.915663771284463,52.6135340093003],[5.932690274637394,52.614922865574414],[5.955620143190054,52.62291720305676],[5.955285252334504,52.62484243721934],[5.98101538950705,52.62830226078425],[5.991745409319698,52.621747509239626],[5.991302026388217,52.61439703402991],[5.980242995582897,52.60508847113311],[5.971341230954318,52.59415731339651],[5.982940700393582,52.57751377467666],[6.012888175967013,52.586114053042195],[6.033037541649874,52.559403472401264],[6.003619008398338,52.55039150405952],[6.007287958357735,52.545118099366846],[6.030455062965973,52.53806057172115],[6.030170533462699,52.526754361136454],[6.024832411259645,52.5263082377818],[6.023643034984799,52.52736569604753],[6.018670425104324,52.52591923544236],[6.01480284109785,52.52076204691603],[6.017085097446189,52.515251131780765],[6.027857498247955,52.509606202278896],[6.0251599812344026,52.50644554168274],[6.019337546725536,52.504827487725585],[6.012367446407028,52.5059397704442],[6.007121411977188,52.504026603553534],[5.965326658691549,52.476444796067064],[5.958697035002423,52.48383821260219],[5.952985369191965,52.48444769808438],[5.936879888537054,52.47649905475733],[5.935409707380774,52.47739203566675],[5.925559446873601,52.47405759016752],[5.9102171313602305,52.497304684513196],[5.887276664106812,52.51690619590345],[5.876205401047516,52.5220250241929],[5.864310177137088,52.518173433469364]]]}},{"type":"Feature","properties":{"i":32,"c":"GM0168","n":"Losser"},"geometry":{"type":"Polygon","coordinates":[[[7.007761632034501,52.363849202071876],[7.07220471104086,52.37280253009773],[7.072255438131064,52.35187923315359],[7.05623075346892,52.3379538868069],[7.055492724031411,52.33216873816706],[7.047179750410754,52.32374444467157],[7.048110021949616,52.31994868141535],[7.045786725715926,52.31644337402572],[7.047420730219756,52.315206432780386],[7.038683277578348,52.3123801385581],[7.041312880232304,52.31114285264679],[7.039492920985816,52.307626785586464],[7.026453502098251,52.29196776740279],[7.026239186080211,52.287324378114924],[7.029547512295444,52.2815261187787],[7.027519784672784,52.27798615719797],[7.028584215684579,52.27362714000543],[7.032062690143746,52.27166404855756],[7.042394724233895,52.256144033588335],[7.0657895068134104,52.24123503217445],[7.061283545635452,52.23471106556002],[7.039094201782948,52.2275742385185],[7.019171081551069,52.22505187439944],[7.003476099490885,52.22858968081633],[6.99190027118002,52.22724273192946],[6.985314440516275,52.22534672293161],[6.985352826578963,52.223477903213],[6.981100055807289,52.22073699026956],[6.965889528582158,52.2304187158545],[6.964873377716531,52.236764830490124],[6.971645599756985,52.24406763716624],[6.9730280120431996,52.24850339771548],[6.969015002326748,52.26739897860812],[6.946292942391133,52.28133739859975],[6.939170508824347,52.28386938014348],[6.935698568190753,52.29082006744928],[6.940631932543565,52.29038403600285],[6.946362835541072,52.29271740995966],[6.941873610377685,52.29864635286086],[6.95038925854886,52.308218234353205],[6.947710230219721,52.3139145792634],[6.950139109448919,52.31935734770947],[6.944934621638794,52.319595979008945],[6.94562444226017,52.32106942668311],[6.9427932505557575,52.322171602998495],[6.934324924447194,52.32271904078409],[6.937531016456176,52.33283628342858],[6.9535834220900385,52.33397348000025],[6.951140818887717,52.33795956988538],[6.952843361463186,52.340350237514635],[6.961638300659236,52.34711674773621],[6.970259189440624,52.3487665183078],[6.962668708958833,52.36338663251021],[6.970930300070461,52.379859558025444],[6.985429451413876,52.37222426701102],[7.007761632034501,52.363849202071876]]]}},{"type":"Feature","properties":{"i":33,"c":"GM0171","n":"Noordoostpolder"},"geometry":{"type":"Polygon","coordinates":[[[5.837213942569964,52.60733122804763],[5.72379125624448,52.60769595828641],[5.723818749733722,52.61129074484378],[5.663041993193169,52.611445033607005],[5.654065868214515,52.613294155476865],[5.627674370923021,52.636845580997694],[5.6411006644428126,52.64254774434736],[5.63613078631334,52.6496118192514],[5.6488653173879255,52.649550909645356],[5.6500151774845255,52.65431082138113],[5.642790765759139,52.66058619726582],[5.655379148064979,52.66595042664235],[5.641486760472478,52.67793940714335],[5.643716778525298,52.68261444976971],[5.625802829851256,52.682606809282184],[5.609663349651332,52.68031682839014],[5.6043097861067475,52.68323691219254],[5.594550597989545,52.68329995363128],[5.594311784721886,52.67627449578147],[5.5906672119970695,52.676296733610954],[5.377259770836858,52.764805207347855],[5.631352642605236,52.80305459975901],[5.660296053828888,52.83125041459817],[5.703103150849411,52.834345682031916],[5.703299880240174,52.83639285507171],[5.704281542732893,52.83443071203296],[5.709635954657076,52.834816702914274],[5.71321999103641,52.83818880483243],[5.728663440318436,52.83339801357141],[5.724681988470771,52.84398224569096],[5.748807358844143,52.839679587063934],[5.784382144131274,52.81747574907157],[5.789806675013434,52.803691489887335],[5.795177036126993,52.8065218417589],[5.80592610800497,52.794859363983264],[5.8186564953732,52.787635737770124],[5.818791765667266,52.78469665206788],[5.836254396330958,52.78563736455948],[5.849698683144542,52.78473873513515],[5.860257540015573,52.781816539872906],[5.8796826022092485,52.77325052786933],[5.896085419328589,52.76282201940514],[5.900054129487053,52.761195257489916],[5.906009448616008,52.761325561744414],[5.9225740053008735,52.75069157954291],[5.942555033589006,52.715002003915075],[5.951161373439079,52.71191922603159],[5.955315513303322,52.70726177736767],[5.954839012578702,52.70376762997249],[5.959011670968166,52.70386342783596],[5.9648250292003375,52.698104427583324],[5.965155431572478,52.69356972711173],[5.962104802484262,52.690350678530315],[5.944707567592051,52.682712579392195],[5.933870300943015,52.675510462809434],[5.933084018483054,52.671263520466034],[5.9351478548889665,52.66923380785098],[5.939725868009523,52.668835251460855],[5.941593521767108,52.670516680587006],[5.96685167003977,52.6665801876263],[5.984048067254917,52.65719165270431],[5.999529745653028,52.65463594861642],[6.006915444778287,52.65128632954186],[6.017301369748265,52.64323199695145],[6.010491470113293,52.63788172314747],[5.988626375041131,52.62932449669311],[5.955285252334504,52.62484243721934],[5.955620143190054,52.62291720305676],[5.932690274637394,52.614922865574414],[5.915663771284463,52.6135340093003],[5.910601737506354,52.61766080602329],[5.905470065822866,52.61921535856147],[5.840524600821679,52.610413207083575],[5.837213942569964,52.60733122804763]]]}},{"type":"Feature","properties":{"i":34,"c":"GM0173","n":"Oldenzaal"},"geometry":{"type":"Polygon","coordinates":[[[6.90064601045365,52.33346019572311],[6.93096936408197,52.32945961524595],[6.931905346477884,52.332755610740506],[6.937531016456176,52.33283628342858],[6.934324924447194,52.32271904078409],[6.9427932505557575,52.322171602998495],[6.94562444226017,52.32106942668311],[6.944934621638794,52.319595979008945],[6.950139109448919,52.31935734770947],[6.947710230219721,52.3139145792634],[6.95038925854886,52.308218234353205],[6.941873610377685,52.29864635286086],[6.946362835541072,52.29271740995966],[6.940631932543565,52.29038403600285],[6.935698568190753,52.29082006744928],[6.939170508824347,52.28386938014348],[6.918962316082111,52.283657073809614],[6.913586944076206,52.282168142381025],[6.912049424094015,52.28556370040658],[6.894497511106033,52.29353813091614],[6.889480283011298,52.29246697261823],[6.879902356774196,52.29371917918565],[6.874930725672464,52.296848669016605],[6.859781379105688,52.29867441826744],[6.861349349397155,52.30636686701348],[6.866540345370218,52.30741610558901],[6.869340394324488,52.3121192634293],[6.877338145546914,52.31223574755181],[6.879868627956725,52.31901438435416],[6.884299126156438,52.318407414468595],[6.886199608402589,52.322311088126646],[6.894804364651165,52.324977144768965],[6.90064601045365,52.33346019572311]]]}},{"type":"Feature","properties":{"i":35,"c":"GM0175","n":"Ommen"},"geometry":{"type":"Polygon","coordinates":[[[6.323412515383431,52.59252717002204],[6.402644543359443,52.59140281994104],[6.415015306894482,52.570012284972016],[6.428281987139983,52.57122701827283],[6.438071393805797,52.569374513991654],[6.488355604054469,52.56900098678496],[6.5049386685521124,52.57588538028258],[6.5218266891062875,52.56058567855085],[6.529659581061225,52.546286051739884],[6.534115391785471,52.52833635949906],[6.5360545535767,52.52893030374385],[6.541771679058396,52.52634790703109],[6.54132298997824,52.51896976407136],[6.546593934498391,52.51855829947951],[6.5456714013711945,52.516036176125816],[6.554057583335326,52.512459665806865],[6.556677964804849,52.5132604944939],[6.554882003620859,52.51559622300459],[6.559048807041729,52.51918156288285],[6.564405121076335,52.51887092709438],[6.566838798985694,52.516082452666915],[6.564808045378617,52.514478118181195],[6.560197725440647,52.515220470596695],[6.561282473436068,52.51293115958799],[6.6096435434643634,52.492504830454756],[6.59517043696383,52.48028587271925],[6.554463463008061,52.48759329266322],[6.505468754155456,52.49096261830543],[6.503773166264543,52.481721685939405],[6.4948089104933455,52.48100209050964],[6.495789676363982,52.479256197717575],[6.492504010370733,52.47925863834587],[6.488575956407935,52.47686221189662],[6.478405127732482,52.477604504687484],[6.465451519968996,52.475115466760215],[6.458622052497544,52.46990270354431],[6.453287204644993,52.46946532701992],[6.454145409580976,52.47134526853677],[6.452529763923846,52.47104795123247],[6.450690645868553,52.468050824542935],[6.453102918980437,52.4669001907535],[6.452566318429131,52.46459833530141],[6.450651098967344,52.46689017324761],[6.4474500676653,52.46554276185586],[6.451402453779125,52.46132977199424],[6.445628048415019,52.460918958834014],[6.446132292841512,52.45760492870143],[6.441734966021874,52.45559494169353],[6.444397523648074,52.45471273887708],[6.4425157635719765,52.450070683943885],[6.438235029008461,52.4481495287169],[6.438485500278108,52.44409655464859],[6.42877716394199,52.438687454150006],[6.390315134827517,52.42814452216884],[6.380555637073838,52.42981905075064],[6.384150050373507,52.439434686292856],[6.381105097376303,52.440004586708866],[6.376209584054644,52.44782528769616],[6.37315445283921,52.4468568563848],[6.37106119241399,52.449711194240024],[6.378494287850212,52.456416828354605],[6.342616265804633,52.456905407854336],[6.344049281086606,52.481720199143005],[6.334582262896756,52.507077746683336],[6.336801913106464,52.50763501022372],[6.335436752625387,52.51087502209822],[6.3321807007996,52.512504295233896],[6.3337016655826055,52.51562345568664],[6.331515691361633,52.522074781950806],[6.338718629897916,52.52169751843794],[6.343203191255143,52.519755305212264],[6.351351263528542,52.52369816566274],[6.3532667868196055,52.522898608923576],[6.3615812827776015,52.524690451740526],[6.323412515383431,52.59252717002204]]]}},{"type":"Feature","properties":{"i":36,"c":"GM0177","n":"Raalte"},"geometry":{"type":"Polygon","coordinates":[[[6.162495460564995,52.474388357928426],[6.171294715780075,52.468738607555636],[6.174485116027673,52.468401241957345],[6.178021898272619,52.47063564475402],[6.186673230250744,52.46841763939294],[6.202577344878268,52.46872810532996],[6.213531197517281,52.46463943353031],[6.236257228801985,52.465616810379466],[6.253574604628088,52.463085887158066],[6.278241277051024,52.45704265831241],[6.27862734692808,52.44735183301629],[6.289947949896892,52.446444749661694],[6.29182524751035,52.434721417707756],[6.301834106408732,52.43522848972386],[6.302262864650352,52.43144362332735],[6.3144382097904606,52.43302818102764],[6.3188556060674825,52.432087029448354],[6.334419394814602,52.42444067681654],[6.337109560148275,52.4277225749147],[6.34940025963849,52.42485165084752],[6.350234954525669,52.42646918203614],[6.355662725321285,52.42594158549786],[6.356254404263142,52.429104368544664],[6.380398645488711,52.42779917937821],[6.38057274633433,52.4298161479346],[6.390315134827517,52.42814452216884],[6.40516950405454,52.41554160581237],[6.388409652381046,52.37978242283676],[6.382474661079594,52.380649322938865],[6.356964695190471,52.376983680540484],[6.3430821421646595,52.3700319946156],[6.333501868162223,52.35139834097802],[6.342387951736209,52.33316927105277],[6.356015674559065,52.31821878862476],[6.326529856817109,52.301631542819926],[6.267238566938473,52.30080468109207],[6.235133403873172,52.31445516638859],[6.235842527108202,52.32838918804801],[6.23248269891828,52.32960705570296],[6.231878433775749,52.33561284605214],[6.235665254499444,52.339902353279875],[6.222961222612407,52.34723670863161],[6.19685891554254,52.35211164508178],[6.196213035578188,52.35861337117563],[6.18878641422327,52.36447717649632],[6.189455840168846,52.3757458877199],[6.20133716260137,52.37139477618427],[6.199944293824376,52.37480982499006],[6.203306031467337,52.37626600879973],[6.203683132996395,52.37828680291282],[6.198685258535115,52.380429371520535],[6.201020374768164,52.380304215333],[6.201606781114803,52.38350773603844],[6.207813683941471,52.38327487793499],[6.2023545715204245,52.385180025502585],[6.20398766587166,52.38689911620662],[6.2184464161442135,52.385270436858406],[6.229883703057887,52.389843528771316],[6.232120027770507,52.39331292811998],[6.231232948311217,52.39787950731002],[6.2215785449572,52.40908891526773],[6.230958353338639,52.423499588127285],[6.207679678257744,52.42551699719968],[6.2083417612708045,52.42781554079822],[6.20636738954331,52.42823082576798],[6.196585734719159,52.427110533756235],[6.1934934479168415,52.4283242136156],[6.192585674862124,52.43096356789236],[6.190762262283505,52.43075503974329],[6.1910580661282495,52.43268985838064],[6.177428105846505,52.431149255780895],[6.157680763192543,52.453541035372005],[6.154914840062769,52.45318302991181],[6.152515900261278,52.46113451212867],[6.144145749482255,52.46766473322267],[6.162495460564995,52.474388357928426]]]}},{"type":"Feature","properties":{"i":37,"c":"GM0180","n":"Staphorst"},"geometry":{"type":"Polygon","coordinates":[[[6.159441438141529,52.69218332749929],[6.169650901599953,52.68612077478559],[6.162996116053201,52.68006182353837],[6.182215232234536,52.675179470678685],[6.181932926370096,52.676868207452614],[6.184208085863191,52.677207836812975],[6.180548211224121,52.68158787876003],[6.185870691692531,52.682503517789065],[6.187862187549273,52.67961375255586],[6.191444472017267,52.679319853409645],[6.192054774011483,52.67642647624571],[6.194229775394842,52.67662958903261],[6.195036120236527,52.67957291347499],[6.201681516502242,52.68462028764981],[6.212535765388562,52.68463363676098],[6.214979205807595,52.686486184458346],[6.2198068039902035,52.68570447155221],[6.218707907484809,52.684327218171255],[6.221090884838105,52.68277888306937],[6.232740874719381,52.68145457538629],[6.232843134699901,52.679109358010166],[6.237074552054837,52.67754764633764],[6.243760703843746,52.6787182850152],[6.248365118704891,52.675616799476266],[6.247286054511533,52.67281116651528],[6.252001455851953,52.66988137663306],[6.2605351404543095,52.67047782927276],[6.265400951772009,52.669179519747615],[6.265794247051607,52.666864993020354],[6.270067121250813,52.664794119772885],[6.273200221220483,52.664836772953436],[6.2791626993688086,52.66905302526049],[6.285464785321577,52.66702219712145],[6.2874869323527545,52.66345260520722],[6.295366874125118,52.66228604012509],[6.29763449574809,52.666386272785275],[6.309759015726769,52.66675149322015],[6.3193620150277825,52.67039794722557],[6.326989611057621,52.66919418648173],[6.3292901243851425,52.66539846257695],[6.325857256825364,52.66280981711345],[6.327797714749213,52.65869275021809],[6.30306368909452,52.59714115301649],[6.286958259156573,52.59519174824206],[6.286326524425767,52.59621179095959],[6.274898166950224,52.59370479236178],[6.2747762534012566,52.594787550028904],[6.27074429366084,52.59505147142599],[6.246925960192464,52.59032535429657],[6.195093660036771,52.584110982354204],[6.179476426102757,52.58792986374873],[6.147583063092438,52.58520374552794],[6.131377878229385,52.58124629741322],[6.12409039148683,52.59084408983035],[6.124056859752251,52.594056576701774],[6.1032249491208725,52.605368455190046],[6.106229779954387,52.607034733556],[6.103700968349494,52.612685510488554],[6.106950861455983,52.614832222702894],[6.107476764980421,52.61887277675729],[6.103930581507882,52.625569416181264],[6.09834789690351,52.62555485967692],[6.0959166611541615,52.630941200306864],[6.096847818667886,52.63562612084519],[6.101932034112813,52.64062021272918],[6.104200697203015,52.64710518657714],[6.104291291663915,52.65711978482859],[6.106631616408495,52.65675781839486],[6.120271326648839,52.66508959429008],[6.119541442590467,52.66820373130512],[6.1277571877054555,52.672056125274764],[6.131328349182477,52.671899758613876],[6.135892474120771,52.67448332871892],[6.135737677992225,52.67707171605161],[6.152088565751383,52.684245005326936],[6.1548904557749005,52.690684195368],[6.159441438141529,52.69218332749929]]]}},{"type":"Feature","properties":{"i":38,"c":"GM0183","n":"Tubbergen"},"geometry":{"type":"Polygon","coordinates":[[[6.7527344381578995,52.464110845495135],[6.77458659542525,52.459600693925545],[6.8542975907913934,52.45970626057634],[6.85254158447972,52.44991376686034],[6.861816043652257,52.451357976094336],[6.941657493960418,52.43542574082083],[6.947300376030116,52.4366214186666],[6.949223997470698,52.432864780078184],[6.928525350787237,52.43414836364892],[6.897115919986283,52.43281542674198],[6.853410848731271,52.42706230633022],[6.851494893428788,52.41458221182288],[6.862338191937319,52.40781615471796],[6.863584541007227,52.36373120397068],[6.855673742696127,52.36028772724544],[6.851789007076849,52.362168682966804],[6.835792824242,52.36262471273071],[6.817683340488587,52.36509750318608],[6.806833427969383,52.3622174723142],[6.783399481849871,52.36011592012864],[6.77832238889237,52.35021211335116],[6.773978609137949,52.34656327904378],[6.760577184558753,52.34194281687585],[6.7590353556461045,52.33206060358526],[6.750679168438857,52.329665351309984],[6.743684936462416,52.3361094695651],[6.734497265529738,52.33935478636607],[6.709740895099252,52.343434587629005],[6.720563192862301,52.35232913075154],[6.719693376014026,52.3612889713272],[6.715661340144991,52.36654912264923],[6.713465300518055,52.376489076022985],[6.705302739546718,52.378131808734985],[6.697881646115487,52.391274036409534],[6.698635306444574,52.39374107515881],[6.669673055662103,52.417367501343165],[6.672551308174448,52.422084624975035],[6.676548614576195,52.42365479359852],[6.673998977918951,52.42464689458101],[6.675140392428732,52.42697184700492],[6.677885942711707,52.42783172792612],[6.672553720822584,52.43893964467092],[6.676360917270871,52.44411276138143],[6.692082324059584,52.44734750477183],[6.6977479535654325,52.45177969087595],[6.701594669944775,52.46116270517457],[6.717706688933939,52.47813155440774],[6.723771408253138,52.4770174870394],[6.7527344381578995,52.464110845495135]]]}},{"type":"Feature","properties":{"i":39,"c":"GM0184","n":"Urk"},"geometry":{"type":"Polygon","coordinates":[[[5.6043097861067475,52.68323691219254],[5.606907676252111,52.68243718846849],[5.609663349651332,52.68031682839014],[5.625802829851256,52.682606809282184],[5.643716778525298,52.68261444976971],[5.641486760472478,52.67793940714335],[5.655379148064979,52.66595042664235],[5.642790765759139,52.66058619726582],[5.6500151774845255,52.65431082138113],[5.6488653173879255,52.649550909645356],[5.63613078631334,52.6496118192514],[5.6411006644428126,52.64254774434736],[5.622420944263203,52.63478080540845],[5.607230550901203,52.649246525378224],[5.592265253409458,52.64929097603158],[5.51129415608888,52.66355611010106],[5.361146854373946,52.675726426364754],[5.377259770836858,52.764805207347855],[5.5906672119970695,52.676296733610954],[5.594311784721886,52.67627449578147],[5.594550597989545,52.68329995363128],[5.6043097861067475,52.68323691219254]]]}},{"type":"Feature","properties":{"i":40,"c":"GM0189","n":"Wierden"},"geometry":{"type":"Polygon","coordinates":[[[6.575951938472054,52.4175135023192],[6.60854336564745,52.3671736673985],[6.6141034167625055,52.36461524862958],[6.615569148096441,52.361833592795385],[6.614276985195803,52.35643486933118],[6.610318059865098,52.354457660346156],[6.6046733825874115,52.34489774765667],[6.597704801700238,52.3428999894243],[6.603422505973618,52.3359556360468],[6.616558981588762,52.32915804385897],[6.6190202684129416,52.32614514047791],[6.604762772404298,52.31222533903096],[6.611427344846267,52.3131236762738],[6.614739910998406,52.3114222812963],[6.61391512782138,52.3096589965662],[6.616782018188653,52.309101808776575],[6.60791510239945,52.307541330304446],[6.618747463287347,52.30617549323368],[6.631782333939308,52.30177991372661],[6.626046265278471,52.28993309213666],[6.605363055906358,52.270688858876355],[6.595148418842212,52.27119855511506],[6.5753264556650075,52.269116179652755],[6.568191365772273,52.270143698125686],[6.564387981720306,52.27241187197738],[6.549962794585585,52.28780197373822],[6.55324453435497,52.29918884825392],[6.550448105016446,52.310181419358685],[6.545089039670371,52.318375271255654],[6.539651759701191,52.31580315202616],[6.535841020378772,52.31564056533796],[6.524877577047353,52.32567694028349],[6.52313763309835,52.32383358527316],[6.517908495808981,52.325174438827865],[6.499327280201293,52.323521666249036],[6.468189491133352,52.32646224964116],[6.488446846175974,52.34378535617985],[6.486608700372022,52.345208671452966],[6.489133618882802,52.34595474987675],[6.490795114331977,52.349355359141526],[6.4959778657632725,52.34995450553834],[6.501347179150465,52.35291612472232],[6.505839393139391,52.35245014821478],[6.506663209373358,52.35527639055621],[6.518872560891851,52.35516114005024],[6.520792792770116,52.361414896217624],[6.499058631379234,52.363561932966704],[6.496077864167275,52.36794289960741],[6.4955162853397495,52.376180356143536],[6.514108258332086,52.381665110246466],[6.5085387736957,52.39215224422638],[6.515982364280778,52.40612226991091],[6.575951938472054,52.4175135023192]]]}},{"type":"Feature","properties":{"i":41,"c":"GM0193","n":"Zwolle"},"geometry":{"type":"Polygon","coordinates":[[[6.19467585293329,52.584140912715796],[6.202137717158159,52.584948507285574],[6.205455509028912,52.575250251193516],[6.210810677737024,52.5677977662955],[6.189631145914791,52.53616005283592],[6.193050249763398,52.53184805839873],[6.1878514724448355,52.5235156013147],[6.182953447391971,52.51933538748742],[6.173321983641363,52.518830214569334],[6.1840709861194805,52.50774106502584],[6.188150296044465,52.49955665583177],[6.199712560301823,52.495274293730915],[6.1987428970380165,52.492816975788884],[6.20100342962495,52.490994695741094],[6.196520022206046,52.48967949820521],[6.192387966805552,52.48561548995144],[6.1925507478335895,52.48163159220777],[6.182832285861049,52.480806639733665],[6.182076349307526,52.47905707952543],[6.177529292767987,52.47982238268297],[6.177660967779323,52.47785638992592],[6.171246799703786,52.47739520793918],[6.170017697706515,52.47587931708127],[6.151314632252554,52.47108710528893],[6.144145749482255,52.46766473322267],[6.152515900261278,52.46113451212867],[6.1521971508360265,52.45743856887631],[6.155129477778246,52.453987742725275],[6.147676425534313,52.44444114452902],[6.140639578737834,52.44456638300912],[6.139991301408162,52.44190965635168],[6.137141138849689,52.44075849555854],[6.120608242198012,52.4423142606482],[6.10958001924205,52.44053073203162],[6.1022946382514975,52.445771903189225],[6.1018274628727065,52.46568155453681],[6.097901137853188,52.47149024112706],[6.0892675377280145,52.476811263499286],[6.0684229572790525,52.48372651989738],[6.0534686739940025,52.50019719456183],[6.0424091733031355,52.50559558617154],[6.0245704539037215,52.5107823179117],[6.0167693455541675,52.515562994757126],[6.0147138521231485,52.51942958818844],[6.017054625069987,52.52458408539843],[6.023643034984799,52.52736569604753],[6.024832411259645,52.5263082377818],[6.030170533462699,52.526754361136454],[6.030455062965973,52.53806057172115],[6.007287958357735,52.545118099366846],[6.003619008398338,52.55039150405952],[6.063153716264394,52.56727991284416],[6.0701559489734,52.55822620733508],[6.073544345854101,52.55917606078724],[6.0761628132800904,52.556962793711044],[6.074185756413404,52.55640236183942],[6.089399559752194,52.551840639346345],[6.097684129856358,52.55862944401145],[6.103335537658716,52.567388131563725],[6.108072369600333,52.56749416568772],[6.110059637653539,52.56741236515669],[6.109925474630918,52.561048969154896],[6.1145888033866616,52.5604567504106],[6.1180809568835794,52.55739749824628],[6.1286792328054585,52.55658125782001],[6.140527241858889,52.55210244319679],[6.1668142474854575,52.56525215804659],[6.1588123312465335,52.575405711764425],[6.157425466396474,52.580776705818394],[6.155069511840263,52.58270634929553],[6.147531516608908,52.583800489569256],[6.147583063092438,52.58520374552794],[6.179901218862704,52.587940366324425],[6.19467585293329,52.584140912715796]]]}},{"type":"Feature","properties":{"i":42,"c":"GM0197","n":"Aalten"},"geometry":{"type":"Polygon","coordinates":[[[6.569384014545708,51.97222663089734],[6.575104203704756,51.973224566583134],[6.591864870727817,51.97216091945315],[6.592541150653153,51.970841426855934],[6.598433139766504,51.97114320645112],[6.633928398665613,51.96566957413323],[6.639078374365364,51.96252397216631],[6.639471075692421,51.959810889573504],[6.62907127466406,51.95009202907261],[6.634519443590783,51.94458895128248],[6.632007924426357,51.93781689946637],[6.643557337201699,51.930094708964525],[6.6512926225547,51.92854228553519],[6.653653153825663,51.93026695640173],[6.658972101112337,51.92904380448548],[6.65803059804359,51.92433179369693],[6.663126573667883,51.91979368604993],[6.660766761875547,51.9183688430705],[6.66100981159921,51.915603382489564],[6.664375885130135,51.91657972671712],[6.668733391654593,51.91386339419858],[6.637717056235526,51.90445467583428],[6.634173725087506,51.901005382202975],[6.625309921601471,51.90194188077641],[6.585779946170498,51.8940819803705],[6.569517396358744,51.888305056531415],[6.560998135410057,51.88412378224666],[6.560611037791272,51.88221923636878],[6.555862876093967,51.88180469056296],[6.552425545831652,51.88619142301352],[6.548363009345401,51.885346659487105],[6.549586245955584,51.88314948978471],[6.544150635694128,51.8846097982716],[6.5398986129855325,51.880916191237695],[6.524572492280458,51.87369224916739],[6.515489269359412,51.87349306338418],[6.503154937384569,51.86761646438679],[6.50115017432844,51.86811429580541],[6.502207901889028,51.864705244512685],[6.498836673650694,51.8616734784709],[6.477199731780744,51.85670678792325],[6.472507806430795,51.85382302402823],[6.464682388837498,51.855179505536086],[6.46840211572428,51.86417627330978],[6.471285488149266,51.86452598931826],[6.471834801869134,51.868962554921794],[6.48116803938757,51.87419902000695],[6.484251804737282,51.87884655665925],[6.479023127704679,51.88822845904483],[6.480415506029269,51.89398445168932],[6.472348273079565,51.90735647519035],[6.487941486799187,51.91230568947093],[6.487100180056565,51.914095632971396],[6.49284204993314,51.91730044944314],[6.492359025100329,51.92593001012957],[6.497089414375212,51.929599587430104],[6.495579935706605,51.930287602036614],[6.503127509145607,51.93931313599948],[6.50077639123647,51.939522324762876],[6.504780561707398,51.945984326961764],[6.517457143805048,51.947907229593916],[6.519832243031083,51.95556266634896],[6.532828984862046,51.96235348393833],[6.527269417161353,51.966023559495845],[6.547070566468057,51.97272768963122],[6.559256238268681,51.974368360149896],[6.569384014545708,51.97222663089734]]]}},{"type":"Feature","properties":{"i":43,"c":"GM0200","n":"Apeldoorn"},"geometry":{"type":"Polygon","coordinates":[[[5.985743800089374,52.285669414405874],[5.992422413901719,52.28490036434412],[5.988974563072526,52.27409446679897],[6.028863430515594,52.27681295654831],[6.031255792124072,52.27523553715005],[6.0285308819481225,52.27098571405737],[6.031044817068045,52.270924745898625],[6.0303125073185555,52.26923252100543],[6.036417572856499,52.26859470483862],[6.034659342734706,52.265905473720004],[6.037684362470245,52.26360613630254],[6.037493479765652,52.2609204917096],[6.03508008570259,52.258283368343875],[6.031769391931207,52.25855052063991],[6.0284657605574825,52.24865775822954],[6.02484046892683,52.2491785950759],[6.028927269666371,52.244390432116504],[6.026505716572816,52.242904398495966],[6.03605079408725,52.231996717775374],[6.033639151312524,52.23151486606826],[6.033424533697707,52.224079569969014],[6.040875522917396,52.22415988806254],[6.046909211973369,52.221367721733195],[6.047908008552004,52.21300403859297],[6.0534735951675485,52.20121281719047],[6.0582509037054795,52.1961711735295],[6.05387381248686,52.194999402617476],[6.049540088938223,52.18428613098262],[6.060673387583212,52.175152648949705],[6.065694091982612,52.16522140424956],[6.0643704974945525,52.15699004787878],[6.0747259058631595,52.14816252554596],[6.078484119146391,52.13887817291857],[6.071392165576867,52.134572401000014],[6.069622181456581,52.13130493711496],[6.051108775278885,52.124206346211075],[6.047646131473696,52.11919467777374],[6.040579656496093,52.11456710928384],[6.0411299680782475,52.11237142868823],[6.035817767178315,52.10946614223058],[6.034825282966394,52.102899787596265],[6.032384477028917,52.101449647133094],[6.034053262764599,52.09572387382084],[6.031593800710941,52.09560566436589],[6.008926308351446,52.074043812554],[5.99047983131047,52.07916418256399],[5.96464595186443,52.07632221913428],[5.955930936966681,52.07333855480359],[5.94564389866476,52.078084600212165],[5.951465744844826,52.09990099286481],[5.911720978544695,52.10023279620938],[5.900104018281046,52.10378469600235],[5.883449228552258,52.10634215886164],[5.8647492987123835,52.12555522497177],[5.85954536168555,52.148749444479186],[5.845761283879966,52.15160950053023],[5.80984314192604,52.1514147211622],[5.8096464503251575,52.16669179285472],[5.80195907992469,52.177363796602414],[5.811932331806763,52.184878222276005],[5.7996571735094795,52.194651801248995],[5.792025351030689,52.19698652222018],[5.750584687656599,52.19373065722997],[5.730764538179898,52.20859924880733],[5.7274353457949925,52.21929829020945],[5.741673358183339,52.21988158598156],[5.743028775015601,52.22349002149518],[5.73840056276065,52.231467986931065],[5.730915020090631,52.23156866366024],[5.729553171332952,52.23892190404108],[5.726388868249424,52.242503064926176],[5.761448677244502,52.24830383156196],[5.749227319324957,52.26827292891314],[5.751263269305841,52.26956122351317],[5.7799201162018266,52.27060203588924],[5.797241626155865,52.26969574303411],[5.811633705377376,52.27047428071194],[5.821426653974577,52.27267189224256],[5.842718419559684,52.26714586465723],[5.850811154670096,52.26869537449725],[5.854520746754529,52.260102263873975],[5.860891917412456,52.25580705891867],[5.879592535159588,52.26499127084293],[5.9362112886375735,52.27441929878277],[5.957921467682989,52.272367009412974],[5.973889796906949,52.27320906711087],[5.9821697589024145,52.28382551482414],[5.985743800089374,52.285669414405874]]]}},{"type":"Feature","properties":{"i":44,"c":"GM0202","n":"Arnhem"},"geometry":{"type":"Polygon","coordinates":[[[5.946380866475286,52.07777296024226],[5.955930936966681,52.07333855480359],[5.943287046718135,52.06245559100242],[5.937098859652318,52.04853304130428],[5.9414021094301335,52.01148600282004],[5.946067160644986,52.01060531828224],[5.943310344558794,52.01013426111539],[5.948125762732015,52.00658680128056],[5.953613364058794,51.995001587726115],[5.959196512299345,51.98963700802949],[5.98065137880379,51.98145435966507],[5.990340041370861,51.9744060955561],[5.9646337326685614,51.97142407872758],[5.955457451493471,51.967017980536504],[5.950973249824124,51.96283200697908],[5.949249362700345,51.95745146198167],[5.955225442663771,51.94875354301641],[5.940327673639041,51.956039763258005],[5.9355971134811085,51.96041566464311],[5.9322829334794545,51.95970807064464],[5.92944625849334,51.9505925535026],[5.91506058197824,51.94990100815401],[5.901863665362015,51.93346420089509],[5.887768703672929,51.93613540296574],[5.868500282628879,51.942184478682755],[5.829927593786026,51.945236941276946],[5.8287705997438755,51.950040119229854],[5.831344524301816,51.958535740015535],[5.829339468016742,51.96084807375587],[5.83518120465121,51.96416856830335],[5.83534264265589,51.973558730674796],[5.859120798385208,51.96953633038054],[5.86532091049044,51.970915310894995],[5.87086024864424,51.975112996101785],[5.865899827098461,51.97568570795065],[5.863736866702255,51.97796467193456],[5.867369741543061,51.98028996479492],[5.866237074077817,51.984112350169866],[5.863153794946707,51.98529055316338],[5.863739547374196,51.995890028721085],[5.826275861230051,51.99955567656104],[5.802960561108541,52.00405409503692],[5.808338237739816,52.0187599385867],[5.837918049381818,52.04663184415332],[5.850045245868287,52.051601725821506],[5.859667891359955,52.05201743214466],[5.882063164072299,52.04941078867507],[5.899401353229502,52.04995818390857],[5.898124392214278,52.063361997104614],[5.909743362796205,52.06209609726882],[5.946380866475286,52.07777296024226]]]}},{"type":"Feature","properties":{"i":45,"c":"GM0203","n":"Barneveld"},"geometry":{"type":"Polygon","coordinates":[[[5.726388868249424,52.242503064926176],[5.730915020090631,52.23156866366024],[5.73840056276065,52.231467986931065],[5.743028775015601,52.22349002149518],[5.741673358183339,52.21988158598156],[5.7274353457949925,52.21929829020945],[5.730764538179898,52.20859924880733],[5.750584687656599,52.19373065722997],[5.792025351030689,52.19698652222018],[5.7996571735094795,52.194651801248995],[5.811932331806763,52.184878222276005],[5.80195907992469,52.177363796602414],[5.8096464503251575,52.16669179285472],[5.80984314192604,52.1514147211622],[5.774690564594086,52.15222847444837],[5.762105091004825,52.14759799239497],[5.743295211997675,52.14870041861914],[5.720349281993726,52.14625990355736],[5.7219388685366095,52.13859496152049],[5.717279378559954,52.13644921549297],[5.701825388995423,52.13537693091973],[5.688820904334875,52.13702718843439],[5.683932067157364,52.13214455639804],[5.680420320026614,52.131612878802045],[5.669017704193009,52.13468609568846],[5.661091101145686,52.131944863881394],[5.656954408472078,52.1325800704552],[5.64672493131991,52.13025928454915],[5.638242860506192,52.13076534893814],[5.62301136791776,52.12758482665161],[5.615880768038065,52.127748262210346],[5.607078747290288,52.12490492755769],[5.591385666782839,52.124434947979786],[5.578851686171241,52.1206766149403],[5.569172287461346,52.12219090311137],[5.56861957392,52.11820939765964],[5.565299061385134,52.122010286097286],[5.5618945154974515,52.121682217526],[5.553942231528985,52.113477542477945],[5.546744779709681,52.11137001972444],[5.550342589425944,52.10541954644847],[5.545291793986523,52.104390045709735],[5.546302199248887,52.102443641280786],[5.544012638611227,52.10194890231169],[5.541539927159448,52.10373710053935],[5.525163764358766,52.1007514586982],[5.52318656593299,52.10432230770702],[5.519368179743578,52.100494211117855],[5.517474154872633,52.10060087111778],[5.510400682635305,52.107842426277024],[5.50095892816033,52.11086981371707],[5.493861743083338,52.11109726718481],[5.491873259425611,52.11448512772743],[5.48644709008959,52.11535974030626],[5.498916520779923,52.116017641161584],[5.503949639824905,52.113720287850505],[5.507702069111453,52.11389696767028],[5.507548674359495,52.11564455295185],[5.50375599385523,52.116585637069846],[5.505353946870022,52.11975045065189],[5.49691768313427,52.11955749098994],[5.4946949295533285,52.12469789135175],[5.49675907693737,52.124814288334846],[5.497913060885395,52.13028289585263],[5.511927531798487,52.13210465174925],[5.514079392133758,52.13592306681598],[5.497306244646788,52.14144350520184],[5.498982469646652,52.147393360915984],[5.481341767345207,52.1505009783753],[5.484317297517632,52.15806385912431],[5.481495537912833,52.15829731282209],[5.482116097133466,52.15979568593328],[5.478610454835212,52.16157045541134],[5.472865767504952,52.16184840294443],[5.472981621421842,52.16382248828923],[5.478882737255487,52.164401501620056],[5.485168827466353,52.17173894555669],[5.485813352544807,52.182123449465074],[5.500823503579208,52.18857686090916],[5.512084484766758,52.188573825778576],[5.5212090936244795,52.19183457726265],[5.530807870136142,52.191539267315136],[5.542960921579471,52.177443794857766],[5.548927288186261,52.175317058200996],[5.568891379079367,52.17790870226906],[5.568180884564698,52.17991636402268],[5.5652290035299865,52.180724574967286],[5.564527965338701,52.18534059611896],[5.566493492674308,52.18652149179801],[5.577930271163219,52.186183227497246],[5.575173829332562,52.192665966992145],[5.577666733563863,52.19479700419095],[5.58816032334471,52.194841453957096],[5.600304134254882,52.19764952503438],[5.607762230555233,52.19419751412011],[5.617444273580601,52.19435876039307],[5.617796534510727,52.191181568359895],[5.6196338065000795,52.193119240989596],[5.6256508604467115,52.192724372529774],[5.634862023827026,52.20380575886601],[5.633267393400749,52.208166601683665],[5.665518662579057,52.22270448658502],[5.681270072523557,52.22533947121367],[5.683642097393066,52.24061686657142],[5.709873587023036,52.23932509884846],[5.726388868249424,52.242503064926176]]]}},{"type":"Feature","properties":{"i":46,"c":"GM0209","n":"Beuningen"},"geometry":{"type":"Polygon","coordinates":[[[5.8253909910705435,51.86012751137035],[5.817374646607206,51.8494940849912],[5.812427304964504,51.849615960581474],[5.807325773035094,51.85184011085261],[5.787217850851524,51.840928782702434],[5.779615264750575,51.84458303125452],[5.775082961522909,51.8442469674074],[5.764788860070334,51.83227186170463],[5.7286301530179395,51.838613523794905],[5.678110573896831,51.8431468236544],[5.6774043285222024,51.84625815925323],[5.681733929020605,51.846259845961946],[5.6813570417738175,51.84867752566563],[5.684820448106459,51.848780822731776],[5.68049797759964,51.85386981012034],[5.681663071615905,51.85686755382536],[5.678258109207326,51.85857415917296],[5.6795711005954095,51.86052548845602],[5.672184471921485,51.86204441095307],[5.667852645276401,51.865926632694645],[5.677855742438638,51.87882191450533],[5.685013783324728,51.89564848371827],[5.69147903250362,51.895567029648994],[5.706981906291935,51.89321616112546],[5.7309827930005,51.88613380316277],[5.81031361647231,51.87277266824299],[5.825694882022033,51.86621347538382],[5.82368957093463,51.86431347120574],[5.8253909910705435,51.86012751137035]]]}},{"type":"Feature","properties":{"i":47,"c":"GM0213","n":"Brummen"},"geometry":{"type":"Polygon","coordinates":[[[6.160634621813209,52.16187350597233],[6.184678543728082,52.161222576722764],[6.181614856722382,52.15270722491737],[6.17315662228111,52.152451404531305],[6.159397495200602,52.15767340933363],[6.147295660872677,52.157980904114744],[6.141528814381112,52.15440560073182],[6.140802184528202,52.14754622644519],[6.142803730077545,52.145663675431265],[6.149684852130721,52.1439998512837],[6.163985491478027,52.14635195370236],[6.173395821038901,52.14496978713638],[6.1721355681169205,52.143267240304816],[6.175068700254261,52.14149353562594],[6.174131259491986,52.139431961463046],[6.179013536301227,52.13852830500232],[6.17747166382532,52.13695748673417],[6.183630806025506,52.134226398340374],[6.182515354573054,52.12623898731703],[6.186184946693012,52.12451826714871],[6.187430267172366,52.11616702936896],[6.191677263616718,52.11427436872801],[6.208968334615396,52.11300117791259],[6.215352532761745,52.10896626783095],[6.218350163773703,52.09962056477832],[6.214207432376825,52.094160944024814],[6.2091914237575345,52.09227220961954],[6.19988785829935,52.09380688003605],[6.189818033857569,52.09133974206658],[6.176576311006225,52.09075031611525],[6.168336436376669,52.076341182503384],[6.159592732396661,52.07274748737735],[6.1374692334202035,52.059181112334244],[6.135353497114412,52.05973430044585],[6.13575105647244,52.06205857365038],[6.1288195988062535,52.06279875269135],[6.128720430893059,52.06427746379414],[6.122769327095113,52.063229627916094],[6.119880942997538,52.06696109330627],[6.121020736345775,52.06857568837299],[6.115698773843601,52.06823113692384],[6.113970744714401,52.071583346894464],[6.103423302772498,52.078143600077446],[6.081354774087737,52.082296184715304],[6.080750365003536,52.0838335029299],[6.077100474998507,52.08386517358532],[6.076101967524359,52.08749816107601],[6.068280535499219,52.0882459775914],[6.0449244267729485,52.07964056704874],[6.023737822068986,52.06728245436301],[6.006084879384086,52.066348936663275],[6.008848603049541,52.07401419289364],[6.017389567501482,52.08301881041726],[6.031593800710941,52.09560566436589],[6.034053262764599,52.09572387382084],[6.032384477028917,52.101449647133094],[6.034825282966394,52.102899787596265],[6.035817767178315,52.10946614223058],[6.0411299680782475,52.11237142868823],[6.040579656496093,52.11456710928384],[6.047646131473696,52.11919467777374],[6.051108775278885,52.124206346211075],[6.069622181456581,52.13130493711496],[6.071392165576867,52.134572401000014],[6.078484119146391,52.13887817291857],[6.0759663789738365,52.14391161312699],[6.100030585910008,52.1507535996216],[6.134402674779577,52.15777478971593],[6.153578151222128,52.15962229334367],[6.160634621813209,52.16187350597233]]]}},{"type":"Feature","properties":{"i":48,"c":"GM0214","n":"Buren"},"geometry":{"type":"Polygon","coordinates":[[[5.454191399404474,51.98369106350009],[5.486214006371228,51.98382644708583],[5.512481396816909,51.973081385667975],[5.538942164251552,51.967827038012366],[5.549561075950482,51.95919689691516],[5.556933778340956,51.955711028189064],[5.586616588900695,51.95082895172276],[5.584560919952837,51.947402547588375],[5.571871962636049,51.94153656566771],[5.566577905104368,51.94166838499969],[5.560695591431822,51.9440566956977],[5.549444824212667,51.94230243427059],[5.53350837584732,51.943304120025886],[5.539959019779847,51.937064935751295],[5.548441143484183,51.93425274161152],[5.554139200830919,51.934272517596774],[5.553876700369385,51.92295930078686],[5.5568367421641565,51.91920809635254],[5.551748998813707,51.91779486709185],[5.547705750786351,51.921647073454444],[5.51229874618785,51.92137509579309],[5.505294738768021,51.9239264325507],[5.498382953171113,51.92311700534641],[5.493557130412947,51.918506593009276],[5.4898267968056125,51.91824708021254],[5.486421373960872,51.91893458201397],[5.486866782459121,51.9210373215664],[5.489014826754783,51.92101910976355],[5.487839720307547,51.92293720115044],[5.490896130554108,51.92474451328385],[5.4765272257774225,51.92086977607072],[5.460071064381816,51.924131970578756],[5.446979558456336,51.92057160759029],[5.4351117335170755,51.92067043119338],[5.431868436299089,51.91850381869468],[5.422987339989868,51.91701393099316],[5.418476294583784,51.91344468444956],[5.411256782923899,51.91200881193627],[5.409625873901904,51.907857521257164],[5.404470590126477,51.90523168618928],[5.399465990558316,51.898390575384596],[5.392606369716889,51.8968404522248],[5.353782650045472,51.878066378826844],[5.345241989799467,51.8776247692641],[5.341152973742592,51.87339672676382],[5.338849239314427,51.87423211200787],[5.339456064909971,51.87787405139595],[5.335498658687139,51.88163899116028],[5.326829980416199,51.88258783366795],[5.315148412958357,51.880593286894424],[5.316294047123278,51.88332304552222],[5.32334280548647,51.88683599249466],[5.323366425021395,51.889010353676476],[5.312766777570428,51.89580300458886],[5.3066766575332585,51.896154860657745],[5.297323516782921,51.90157905196039],[5.294893407162185,51.90005231887068],[5.2736107547321005,51.92007445765179],[5.285184914012576,51.92257706082106],[5.2867777716152435,51.92820891248349],[5.284946867435534,51.93069165134299],[5.28097666312721,51.93316780328573],[5.267761263913673,51.93275605859749],[5.25516542784816,51.93538865162018],[5.241921560642141,51.94551583389607],[5.260082073204344,51.95169542485839],[5.255318350704132,51.95422111474606],[5.270373605319582,51.96542662520344],[5.300894138701417,51.96156856390141],[5.314856947116722,51.95561999618395],[5.32343914534231,51.95509710950637],[5.335220687040534,51.95804410214876],[5.347094760275688,51.96699749279516],[5.355042087612161,51.9702305215444],[5.363016122525692,51.9709501092335],[5.384808400131126,51.969481651305145],[5.417294100950825,51.9763371139129],[5.436471057153195,51.9853971342026],[5.44481710760667,51.98578802878452],[5.454191399404474,51.98369106350009]]]}},{"type":"Feature","properties":{"i":49,"c":"GM0216","n":"Culemborg"},"geometry":{"type":"Polygon","coordinates":[[[5.270373605319582,51.96542662520344],[5.255318350704132,51.95422111474606],[5.260082073204344,51.95169542485839],[5.241921560642141,51.94551583389607],[5.255222259869147,51.93562455782353],[5.243440228457717,51.92762077875678],[5.233180389534529,51.92358747494674],[5.2118099150631645,51.919645368819126],[5.207685620023268,51.926213541993526],[5.159196057817794,51.919630125024696],[5.166797053107343,51.92602015147601],[5.158309296369648,51.928450107765606],[5.150359371234274,51.92818919560181],[5.1424328765859695,51.924936585495786],[5.148459849215029,51.92948519445413],[5.148276236203347,51.932737317045486],[5.151467135619687,51.9336152573534],[5.180226657580425,51.96744832942249],[5.196104354813229,51.96080647774702],[5.210275373959198,51.959846704846775],[5.2206333098913795,51.96455625403212],[5.231896628832531,51.976993920241725],[5.241165302770441,51.97886896834721],[5.270373605319582,51.96542662520344]]]}},{"type":"Feature","properties":{"i":50,"c":"GM0221","n":"Doesburg"},"geometry":{"type":"Polygon","coordinates":[[[6.15889520372521,52.037551894576836],[6.167190537599252,52.03696575034078],[6.175539222111669,52.039377557341076],[6.175057251602281,52.031701152663736],[6.177081711080417,52.03150425522016],[6.173232631170025,52.027774700806326],[6.176818080742405,52.0252890874842],[6.17451629596642,52.02270342969273],[6.177299027438446,52.02055438222787],[6.170755821891106,52.01674510738042],[6.164511888277815,52.01697008099313],[6.164745161859441,52.01440145505474],[6.161183573827368,52.01382799234772],[6.159775523547017,52.00697955882362],[6.153947360977893,52.003523957142825],[6.159079321377393,52.003814443417376],[6.159250534616522,51.99973978578058],[6.1498309905048245,52.00186890840472],[6.139497980137837,51.996977024101035],[6.115300582285519,51.99688218681212],[6.1105381582992395,51.99556605691031],[6.114767725907501,52.00456679833199],[6.125959766974339,52.0101265540384],[6.132019628115887,52.02287139032967],[6.130031137829628,52.02994492716127],[6.121502328578584,52.03461732861338],[6.1298832127446,52.03406463041163],[6.138715242797565,52.03553719035585],[6.150416128917006,52.042097064082796],[6.155593689564725,52.041090617350555],[6.15889520372521,52.037551894576836]]]}},{"type":"Feature","properties":{"i":51,"c":"GM0222","n":"Doetinchem"},"geometry":{"type":"Polygon","coordinates":[[[6.3197818152174134,51.994118776773284],[6.3264549814937565,51.9918889039394],[6.335657881093962,51.985646468331964],[6.3276181191105385,51.97572710715162],[6.353505872636179,51.97467508555128],[6.3700285218862085,51.97625147750643],[6.365674071280036,51.96937849459776],[6.390378037005071,51.96832788689475],[6.388325186075134,51.976116882967005],[6.380878085147463,51.97773814678068],[6.390305928752691,51.9802585346981],[6.39784026607084,51.97964248911513],[6.402496722021619,51.98216788055321],[6.416081868337575,51.97262192134889],[6.403562369624813,51.95722396958714],[6.3975837143131615,51.95388881579542],[6.379963246706734,51.93628149338371],[6.381221892000317,51.933230612243015],[6.360938525104557,51.92295854454935],[6.332348238843424,51.92563514809667],[6.320944186678311,51.935812698791516],[6.31460764045382,51.93650246518527],[6.308604157731961,51.93976400102059],[6.30576280651359,51.938821022970465],[6.3013955788331,51.94161389142175],[6.302066369706418,51.944134052333325],[6.279651796401839,51.94340639082059],[6.275208396582512,51.94179506924054],[6.272847664856576,51.94188486251519],[6.272847849848697,51.943187411718434],[6.220752988750259,51.944575579544065],[6.2190413164559875,51.94314157864121],[6.216383198932345,51.94412242227128],[6.2031230104159745,51.942195511082595],[6.204708554509853,51.93666757435839],[6.193313351000763,51.940819978615224],[6.188397316184198,51.94336582610322],[6.1885616465573925,51.94557852616134],[6.178321966531956,51.94878290244484],[6.172243400097904,51.953274789070655],[6.163025622733916,51.955380783129954],[6.150944723505936,51.96626624070111],[6.145966449951792,51.97525172852961],[6.144688336596434,51.98050015723572],[6.160483489421905,51.9810367523417],[6.160582668088532,51.97951274227136],[6.1716980012994265,51.98082700606979],[6.182191798934124,51.97918941293296],[6.2051342654706065,51.98024757638882],[6.211678987392195,51.9783902650858],[6.217991674606059,51.97935849377297],[6.22979976486692,51.97620685830071],[6.231729639034441,51.9810769605845],[6.222417318892099,51.98414783346255],[6.228086626282293,51.98779502292576],[6.232579839049069,51.98650744141737],[6.232313149754358,51.9885930835117],[6.235770444957608,51.9850834676583],[6.235182223624668,51.982291537491676],[6.2435837937618,51.98070750637099],[6.243077078192289,51.97767382680626],[6.2496986533872425,51.9759482551833],[6.257298934025595,51.982528461512224],[6.24794875226135,51.984086001228185],[6.250720789378879,51.98732939197995],[6.259362339328795,51.987462455881634],[6.2704754864115975,51.98342345091515],[6.274650934012097,51.98528849576702],[6.278944780955915,51.98491256341213],[6.291897649541756,51.993345956976626],[6.295640011794808,51.98845469618445],[6.306138577655392,51.99303170683719],[6.3197818152174134,51.994118776773284]]]}},{"type":"Feature","properties":{"i":52,"c":"GM0225","n":"Druten"},"geometry":{"type":"Polygon","coordinates":[[[5.602772074859839,51.899050582625186],[5.62810662701276,51.89940488791731],[5.662676550279773,51.89594357946895],[5.685013783324728,51.89564848371827],[5.677855742438638,51.87882191450533],[5.667852645276401,51.865926632694645],[5.636177355523666,51.86736165079865],[5.640120034510054,51.85603258287506],[5.634701497336595,51.85108880801362],[5.637861398420042,51.84877066847899],[5.635931299254335,51.84745753076408],[5.643200209232802,51.8449882838122],[5.609835284308429,51.83627384894553],[5.598493643095127,51.837851202395385],[5.598269400477076,51.839544215182116],[5.585013289690337,51.83910658735805],[5.58103689451656,51.851146994855036],[5.585039372977529,51.857129555899256],[5.578710753320232,51.85920496819437],[5.577273267035798,51.86458490430753],[5.553037973654881,51.86253639940585],[5.5537823438535865,51.870373761156195],[5.559601266724012,51.87050720852627],[5.560255857251878,51.875047873880895],[5.568435464315428,51.876545473041524],[5.569378185974177,51.8797261568391],[5.566437474594278,51.88394834399828],[5.569584620957866,51.88492408398463],[5.571459826893991,51.88391188412895],[5.576992866400038,51.89243662113127],[5.550467495901841,51.88804136605095],[5.543120198478131,51.88840401444779],[5.539377517026085,51.89187530138596],[5.530982973285503,51.8913935175574],[5.531362562398016,51.894753370636295],[5.544447953007579,51.89900525018366],[5.557129210609738,51.90116377544058],[5.573372250309247,51.90169698708389],[5.602772074859839,51.899050582625186]]]}},{"type":"Feature","properties":{"i":53,"c":"GM0226","n":"Duiven"},"geometry":{"type":"Polygon","coordinates":[[[6.062393151369111,51.980567041867836],[6.068852489122934,51.98040086782028],[6.067371401788595,51.97498177529844],[6.060838846098689,51.9744832442359],[6.058461490409936,51.958309387824286],[6.0526652343372795,51.952697788759004],[6.063447030210604,51.949286494228744],[6.054805364369239,51.93993584442372],[6.053026974056883,51.94032845493289],[6.051560651614235,51.93097252359265],[6.048505555173181,51.93161386299656],[6.0423576628366655,51.927771787081184],[6.046275858663429,51.92690595489881],[6.046995237602388,51.92532768983713],[6.043061866106694,51.91681516255893],[6.038842917217476,51.916340199131014],[6.0374565599969765,51.913962169152946],[6.027044637542552,51.916511910760654],[6.015441238865848,51.91695573320771],[6.00007557502372,51.9132037935419],[5.992755431576974,51.91233396282256],[5.988921023596967,51.91396524453303],[5.9870625726071145,51.91331383538747],[5.978644725779245,51.92168148437978],[5.968612962535791,51.92821244737431],[5.972887447221978,51.92918658173449],[5.965775468988542,51.93876761825942],[5.984363846551025,51.94302088856417],[5.985942521887781,51.945110306886576],[5.984488100020969,51.94680681247123],[5.987576482893517,51.95044109900587],[5.984836207198068,51.95168234247764],[5.984943692598753,51.953701853757735],[5.987766710612144,51.96306325503614],[5.9852642879762525,51.96395954471829],[5.9866363589864715,51.96850008817967],[5.984000175121752,51.972399542277465],[5.994296892907722,51.97337331621959],[6.007931516736376,51.979065337735655],[6.02181817674019,51.97820264813057],[6.026889252934816,51.97089309311106],[6.034080638575582,51.97132600311206],[6.044394351938356,51.97999176609445],[6.060772263875994,51.98185931981027],[6.062393151369111,51.980567041867836]]]}},{"type":"Feature","properties":{"i":54,"c":"GM0228","n":"Ede"},"geometry":{"type":"Polygon","coordinates":[[[5.774690564594086,52.15222847444837],[5.845761283879966,52.15160950053023],[5.85954536168555,52.148749444479186],[5.8647492987123835,52.12555522497177],[5.883449228552258,52.10634215886164],[5.900104018281046,52.10378469600235],[5.911720978544695,52.10023279620938],[5.951465744844826,52.09990099286481],[5.946067715266269,52.07773098848679],[5.909743362796205,52.06209609726882],[5.898124392214278,52.063361997104614],[5.899401353229502,52.04995818390857],[5.882063164072299,52.04941078867507],[5.859667891359955,52.05201743214466],[5.850045245868287,52.051601725821506],[5.837918049381818,52.04663184415332],[5.8133736158674525,52.024070586737935],[5.802432778882955,52.02235785409969],[5.8036308558160385,52.02068193649859],[5.798138072648272,52.0220154248624],[5.78384286571603,52.02197786226995],[5.7451373835844395,52.01976865503521],[5.7381818104521045,52.01228748374481],[5.738813731296959,52.00814196966339],[5.73413701808098,52.00641856955836],[5.735917085916115,52.002441162051156],[5.7327763098043185,52.00074003683905],[5.724239148573911,52.00070365454396],[5.689442198997,51.99508284744431],[5.675368019038517,51.990951460432186],[5.669601397682201,51.99466844778857],[5.664337833814582,51.99359346085084],[5.66320067045811,51.99502828844061],[5.655417119329324,51.9933066964617],[5.653934855520446,51.99517368119898],[5.63722086283441,51.99191729395995],[5.633217526347316,51.99527573681358],[5.6274329383330235,51.992987538425275],[5.624945549593506,51.99514156259415],[5.619307292329102,51.99273842044435],[5.614491942967196,51.99964960291113],[5.606832089915334,51.997422417932725],[5.606017015578711,51.994164355194236],[5.602804774572313,51.99486917480393],[5.591997673920055,52.00139229542674],[5.591112702304061,52.007301477424015],[5.5860146266314645,52.01177628269761],[5.586922247779002,52.01571318040382],[5.589621611770407,52.01559482024901],[5.5902421025090945,52.02026674337836],[5.587199613135956,52.02044993060322],[5.586502548132589,52.02917104688699],[5.5867116253523506,52.03129042649724],[5.589588680058143,52.0311765936169],[5.59003013609548,52.03438706710566],[5.567385765862426,52.040605679814824],[5.570852941563807,52.04799699262078],[5.557903287708802,52.048865123326465],[5.5607293499689945,52.067501500410785],[5.559211908402083,52.0710426913827],[5.562619142742239,52.0791857737692],[5.560777798995091,52.08439407878371],[5.556687261324156,52.08548276662746],[5.5571118193925315,52.08685071059394],[5.554905152628759,52.08655033061815],[5.554429272164836,52.0953919219779],[5.550462510726536,52.09664083090248],[5.55423579368077,52.10015122354499],[5.546744779709681,52.11137001972444],[5.553942231528985,52.113477542477945],[5.5618945154974515,52.121682217526],[5.565299061385134,52.122010286097286],[5.56861957392,52.11820939765964],[5.569172287461346,52.12219090311137],[5.578851686171241,52.1206766149403],[5.591385666782839,52.124434947979786],[5.607078747290288,52.12490492755769],[5.615880768038065,52.127748262210346],[5.62301136791776,52.12758482665161],[5.638242860506192,52.13076534893814],[5.64672493131991,52.13025928454915],[5.656954408472078,52.1325800704552],[5.661091101145686,52.131944863881394],[5.669017704193009,52.13468609568846],[5.680420320026614,52.131612878802045],[5.683932067157364,52.13214455639804],[5.688820904334875,52.13702718843439],[5.701825388995423,52.13537693091973],[5.717279378559954,52.13644921549297],[5.7219388685366095,52.13859496152049],[5.720349281993726,52.14625990355736],[5.743295211997675,52.14870041861914],[5.762105091004825,52.14759799239497],[5.774690564594086,52.15222847444837]]]}},{"type":"Feature","properties":{"i":55,"c":"GM0230","n":"Elburg"},"geometry":{"type":"Polygon","coordinates":[[[5.842381815742309,52.47054951527879],[5.859525022612144,52.46230660135762],[5.864840039109059,52.46205523383512],[5.862991991230078,52.46094213913488],[5.87136287200611,52.457793348045755],[5.8725467185071105,52.45524312372325],[5.877623669900138,52.45311931935061],[5.871383526631434,52.447857173256004],[5.873765620933853,52.44699462867923],[5.868748860001478,52.44477850853824],[5.8999543893253135,52.41981643063994],[5.916291604416778,52.41294949595161],[5.905993337413655,52.40860036322694],[5.92433861437745,52.39139294494266],[5.911693853496121,52.38679336736648],[5.87600935885991,52.357872771892374],[5.871170542655032,52.361309288160896],[5.864792023562955,52.35965820876163],[5.821269408271703,52.391091308487695],[5.820578300127878,52.39693344080556],[5.817866895129044,52.39729241638259],[5.81716985382593,52.40156683115708],[5.8120453176076925,52.40066875823453],[5.811671503248142,52.402798951209924],[5.790776350252183,52.39686154878381],[5.787773170314716,52.40003759144467],[5.782622369562134,52.3994691515987],[5.770747517909562,52.39551549918487],[5.768685084902577,52.398888283170486],[5.764074729245464,52.39872350682106],[5.756291825340586,52.407426491808764],[5.810010821463943,52.43572751813931],[5.811474873103751,52.43692283994984],[5.809586334065142,52.437658569882764],[5.822411081448284,52.44970622972051],[5.815607994211193,52.45521503320987],[5.831385184672563,52.473401576837034],[5.842381815742309,52.47054951527879]]]}},{"type":"Feature","properties":{"i":56,"c":"GM0232","n":"Epe"},"geometry":{"type":"Polygon","coordinates":[[[6.014577889196117,52.370965040820565],[6.031712316002042,52.36726103071665],[6.037779032344187,52.36207230242341],[6.042716333339321,52.36350440615771],[6.041783933324825,52.35651244296583],[6.0524085825290825,52.3610012941444],[6.074169374007228,52.361802588006555],[6.077844930064744,52.364297064389525],[6.0808820258857805,52.36203611458351],[6.090712862471741,52.36044416135298],[6.094857435703869,52.35696798766571],[6.087240506081969,52.35389000315799],[6.078009886303573,52.35242643552651],[6.076070121518018,52.350570298052425],[6.076764146943623,52.33865076415406],[6.073680633463559,52.33056924359587],[6.052948024619141,52.33090729005534],[6.052713779714787,52.32582056314446],[6.03468916372487,52.29450944581236],[6.0433484471463395,52.27872656307689],[6.041251747554779,52.27190675827591],[6.043096224966482,52.2688917997937],[6.0303125073185555,52.26923252100543],[6.031044817068045,52.270924745898625],[6.0285308819481225,52.27098571405737],[6.031255792124072,52.27523553715005],[6.028863430515594,52.27681295654831],[5.988974563072526,52.27409446679897],[5.992422413901719,52.28490036434412],[5.985743800089374,52.285669414405874],[5.9821697589024145,52.28382551482414],[5.973889796906949,52.27320906711087],[5.957921467682989,52.272367009412974],[5.9362112886375735,52.27441929878277],[5.879592535159588,52.26499127084293],[5.860891917412456,52.25580705891867],[5.854520746754529,52.260102263873975],[5.84822860912637,52.273941112384804],[5.8521549751100554,52.28009014773223],[5.845821885051356,52.286760513584326],[5.840830926275248,52.3043975291001],[5.850349545296574,52.30827476890036],[5.866234585146514,52.31992489817013],[5.88095133147815,52.335185954958774],[5.864814279031871,52.35132890140427],[5.873669654301249,52.355950494092575],[5.911693853496121,52.38679336736648],[5.951024349901184,52.39843712432361],[5.957117056193385,52.39289700581886],[5.991333472598642,52.378597945176054],[6.014577889196117,52.370965040820565]]]}},{"type":"Feature","properties":{"i":57,"c":"GM0233","n":"Ermelo"},"geometry":{"type":"Polygon","coordinates":[[[5.744769277591561,52.299964838097424],[5.744681870255785,52.288194995612315],[5.754648077893506,52.282602251986134],[5.755491865969994,52.277876289615456],[5.7465025252238195,52.271552671619624],[5.761448677244502,52.24830383156196],[5.709873587023036,52.23932509884846],[5.683642097393066,52.24061686657142],[5.673725183626761,52.252532477236365],[5.661798052608857,52.25778617946298],[5.6568767193182214,52.26219563997702],[5.639210807638858,52.27186126406482],[5.62072421926943,52.27565519111046],[5.612223228236359,52.2753221870165],[5.610654341777768,52.27726299930377],[5.602999369544702,52.27839344236892],[5.587992925191722,52.278707769529554],[5.5668944774963585,52.2851160452449],[5.555273719183493,52.28670049066278],[5.552006635978098,52.29035557774863],[5.545167878046482,52.29330274872795],[5.565863595207332,52.33238908594307],[5.581412667683569,52.32261594212986],[5.602050610021264,52.31798556784655],[5.601989564480029,52.31976033346614],[5.608707301730205,52.319052025680854],[5.623111767898269,52.32753227873955],[5.63026383320316,52.32685050691786],[5.658612620296457,52.31022135003662],[5.678123687840616,52.30149213473611],[5.68644711115181,52.313142864512706],[5.706171280013092,52.328381848925524],[5.750747825218111,52.31707376443943],[5.744769277591561,52.299964838097424]]]}},{"type":"Feature","properties":{"i":58,"c":"GM0243","n":"Harderwijk"},"geometry":{"type":"Polygon","coordinates":[[[5.607398248175662,52.36294883622999],[5.611637697762384,52.359500318347386],[5.614039236636327,52.362256506836864],[5.6448672526635395,52.37086420681901],[5.6525544945731285,52.36542777158217],[5.678921588785431,52.37884126296105],[5.693794148290857,52.36211525093935],[5.697949785440068,52.36095732305936],[5.700504710183639,52.357812636732504],[5.698514384195214,52.35658635051694],[5.699018302056924,52.35290263765815],[5.704406441445413,52.34652220252501],[5.7049052410869425,52.34047446753896],[5.711103414374833,52.338683114430914],[5.7128476183337495,52.33389983769757],[5.7124114652950535,52.33176805976935],[5.68644711115181,52.313142864512706],[5.678123687840616,52.30149213473611],[5.658612620296457,52.31022135003662],[5.63026383320316,52.32685050691786],[5.623111767898269,52.32753227873955],[5.608707301730205,52.319052025680854],[5.601989564480029,52.31976033346614],[5.602050610021264,52.31798556784655],[5.581412667683569,52.32261594212986],[5.565863595207332,52.33238908594307],[5.575604008071964,52.350760388817804],[5.587707315101161,52.361454260608724],[5.5965840799831055,52.363544133530645],[5.607398248175662,52.36294883622999]]]}},{"type":"Feature","properties":{"i":59,"c":"GM0244","n":"Hattem"},"geometry":{"type":"Polygon","coordinates":[[[6.044411131525444,52.50473006014839],[6.056259926797091,52.49842782864213],[6.0684229572790525,52.48372651989738],[6.0892675377280145,52.476811263499286],[6.09827091682753,52.47118294546699],[6.101631565680616,52.466581927347754],[6.103545931303887,52.453963720857956],[6.094923995040699,52.451799880289855],[6.092848175075942,52.45480644475674],[6.076433084220962,52.45166318659531],[6.0633205065019045,52.45115134592417],[6.035429252793411,52.44376558203345],[6.022667419979315,52.44410311283366],[6.0341829470179436,52.460478325024454],[6.036255721800755,52.47330190366322],[6.027395482192405,52.48272162457537],[6.020709675064974,52.48376232858305],[6.015830791466327,52.48287928702339],[6.018527106459356,52.4844667266177],[6.018643897201686,52.48937434176425],[6.000788401868078,52.50014882829209],[6.012367446407028,52.5059397704442],[6.022851401130415,52.50533187911564],[6.027857498247955,52.509606202278896],[6.044411131525444,52.50473006014839]]]}},{"type":"Feature","properties":{"i":60,"c":"GM0246","n":"Heerde"},"geometry":{"type":"Polygon","coordinates":[[[6.092848175075942,52.45480644475674],[6.094923995040699,52.451799880289855],[6.103545931303887,52.453963720857956],[6.101920796748151,52.44705376929945],[6.103337850404773,52.4440652482957],[6.113155964150226,52.43871212192691],[6.1194721304307125,52.43291792185593],[6.116385034760691,52.43019943442386],[6.118244868994613,52.426643846045245],[6.113871946042748,52.41985326001034],[6.114741107367244,52.41425560777326],[6.110774466522659,52.40774724203253],[6.114939900995041,52.40693644809138],[6.119064764688598,52.40264187870195],[6.127579241921498,52.39961730855057],[6.130552875196124,52.39997815956865],[6.125208451206115,52.39262717252476],[6.125829979731106,52.38405853839531],[6.119000162708135,52.37869466173433],[6.081570133436055,52.37173334310514],[6.074858282443699,52.361922789376116],[6.0524085825290825,52.3610012941444],[6.041783933324825,52.35651244296583],[6.042716333339321,52.36350440615771],[6.037779032344187,52.36207230242341],[6.031650824716011,52.36728327794917],[6.017339976011302,52.369904606355334],[5.991333472598642,52.378597945176054],[5.957117056193385,52.39289700581886],[5.951004805900257,52.39833651914713],[5.951861243350965,52.4009560648849],[5.96672726411088,52.405571737800464],[5.974885043507293,52.410537497444686],[6.017755221653383,52.44420863983833],[6.035429252793411,52.44376558203345],[6.0633205065019045,52.45115134592417],[6.076433084220962,52.45166318659531],[6.092848175075942,52.45480644475674]]]}},{"type":"Feature","properties":{"i":61,"c":"GM0252","n":"Heumen"},"geometry":{"type":"Polygon","coordinates":[[[5.871474367847628,51.809903812730326],[5.879110110479267,51.809529878597516],[5.88102478660794,51.801449427958346],[5.887442785140833,51.79537367885598],[5.887978889997226,51.78298662283724],[5.893409260579436,51.7778529287347],[5.886374562639482,51.778590458333085],[5.867893200416948,51.77552102449729],[5.869244701529261,51.762860479850595],[5.864468844606554,51.75768172577058],[5.847803761551712,51.75927162178603],[5.807219699210771,51.756305087781065],[5.781114550915248,51.752305973417634],[5.766634897700362,51.75260543660093],[5.746405746874876,51.758385890519705],[5.729745377170399,51.7728510519807],[5.733980645350787,51.77993997340374],[5.740193313231908,51.77785263076789],[5.7405903998206975,51.778867024811355],[5.768779448043454,51.78260497755202],[5.769473257342432,51.785189316457696],[5.774946124749371,51.783727368155255],[5.780658842129763,51.784203985808496],[5.800948666907032,51.795151440145524],[5.8102212019497905,51.790589111484465],[5.837107757151613,51.806075586472716],[5.839220162094344,51.804539157663136],[5.843621065767388,51.80779996693285],[5.852815911140608,51.80750230146404],[5.871474367847628,51.809903812730326]]]}},{"type":"Feature","properties":{"i":62,"c":"GM0262","n":"Lochem"},"geometry":{"type":"Polygon","coordinates":[[[6.390660671501822,52.24250283497568],[6.402618867132422,52.24327171397785],[6.4166397593079765,52.24213679352631],[6.416807357269936,52.2371263430218],[6.423134324574027,52.23201269883932],[6.428610656420381,52.223724983959016],[6.446476233608437,52.21269840679116],[6.457013565141889,52.201070121777384],[6.470293355005487,52.19937358944213],[6.469998981177928,52.19269047161279],[6.479129539118386,52.18230992588879],[6.488560323235136,52.18055555446855],[6.492422284412146,52.178067874522796],[6.494372830807425,52.17318991117973],[6.49302626661,52.16952561617082],[6.483787989722162,52.15719941375842],[6.46136889231224,52.152085960754555],[6.463382691298053,52.151463519964],[6.46207397986439,52.151100657348955],[6.4624324688245505,52.15040161587491],[6.466519422378601,52.14963964378332],[6.466624912888457,52.14727379616027],[6.470711103261467,52.14640655197971],[6.471611438137571,52.143069277399135],[6.474653771110365,52.14332637800859],[6.473431827201669,52.144610200030066],[6.481292812416252,52.14242889009744],[6.4837927845533345,52.13716194738765],[6.488518332616605,52.134242601129664],[6.486518746877379,52.131936691903086],[6.488304688315148,52.126902664553086],[6.4919980146562475,52.125283193539374],[6.48966527339914,52.12054647037627],[6.4913488519903515,52.1200009438741],[6.481476264651817,52.11139292393397],[6.482002486151187,52.10592273002434],[6.478543638572369,52.10068969271344],[6.472537929880124,52.10210488588313],[6.473244028774071,52.10406155862752],[6.470185986275076,52.10424767963731],[6.470163247874576,52.10601371873698],[6.466704265904639,52.10660645841617],[6.4614635095128765,52.104026318329545],[6.46013310204599,52.106738362310985],[6.455204917713473,52.107980151544176],[6.444885071738481,52.106196105365555],[6.439742274873168,52.103132182962234],[6.437558666277228,52.10374276164826],[6.423998573602328,52.09690799213846],[6.391529657281341,52.11305094792318],[6.398389382153338,52.117647754632365],[6.391822334714477,52.12372778946923],[6.395843277636572,52.13083230338533],[6.392528940746848,52.1315293634727],[6.379871786416614,52.126099330538295],[6.377479541309676,52.126924934023855],[6.368791109367932,52.12384704570639],[6.361215727798743,52.126782280659434],[6.357721572860516,52.13029935944718],[6.35772120492343,52.135526745309235],[6.328314370949976,52.13771236564862],[6.3240399523983255,52.15276172008808],[6.300918056501166,52.14911117142136],[6.283604180520607,52.14819572086012],[6.269791384670804,52.14995870595432],[6.264541761440185,52.14709133825434],[6.248481221685554,52.14758502309858],[6.2379881892374875,52.14603055482767],[6.235260914485084,52.15542863200223],[6.231640114855154,52.155940317447964],[6.223478064611807,52.15384349538647],[6.223489144879971,52.15594712987403],[6.21915320798089,52.156076857717736],[6.218665822139816,52.15840209904186],[6.216118371865306,52.15858764559014],[6.217080768187599,52.16167336648598],[6.212220148428451,52.16264615330592],[6.207221674018992,52.1666436892132],[6.200528652492452,52.16491672722352],[6.198707966398713,52.162910279374245],[6.192799436397414,52.16980127675593],[6.19436294472949,52.17431990447218],[6.191603190393472,52.178399992903195],[6.181141252609278,52.18136551600457],[6.16965485316149,52.18904020722975],[6.160354084625528,52.1895638625742],[6.156856166687421,52.19248716793303],[6.15625793575806,52.19703113445745],[6.158753160156049,52.20007039946742],[6.163379565037339,52.201402280370736],[6.173036371867053,52.20134195128035],[6.183693929997539,52.20418664682003],[6.190663976102692,52.20911960221002],[6.189254529095479,52.21726754527903],[6.166268840203722,52.23101377627212],[6.174214230044093,52.23278133291305],[6.182530942489236,52.233825031819705],[6.189135623919916,52.22916651528758],[6.201942507147707,52.229423326462005],[6.217224276695138,52.226401483286566],[6.215113668673163,52.23154951098615],[6.222494975098116,52.2288625088214],[6.2279250562682265,52.229767921360704],[6.2380178020344195,52.22754310201952],[6.244680026527563,52.22827138162117],[6.2504292837331255,52.22690632580699],[6.257294751418906,52.227276221216854],[6.260058201898659,52.22914219117373],[6.271290922866489,52.22641363565251],[6.271007106061454,52.2279099704713],[6.292731850662281,52.23086941468211],[6.292973790291661,52.22950097800922],[6.296950934715359,52.22900480649822],[6.297942289954376,52.2255298337619],[6.320429193506671,52.22566908996117],[6.325434036571606,52.22699663999377],[6.338708313125142,52.2271528677396],[6.338024658194698,52.236222223708076],[6.341276412862005,52.235985578373956],[6.341193713906,52.23761205774563],[6.349476738880711,52.238797197305885],[6.350891835869856,52.24168008508561],[6.3668513121633366,52.24153214311733],[6.3818514702272156,52.24611281017411],[6.3834108301583266,52.24401581068415],[6.390660671501822,52.24250283497568]]]}},{"type":"Feature","properties":{"i":63,"c":"GM0263","n":"Maasdriel"},"geometry":{"type":"Polygon","coordinates":[[[5.405382547175493,51.83503562511972],[5.4161653809891925,51.82246927856578],[5.414885450618373,51.82129019023703],[5.407508744897069,51.82259073407782],[5.401706347844722,51.82089280227393],[5.369403282015263,51.79025100666776],[5.361584017287485,51.776766965565834],[5.3599274014288785,51.760587441246265],[5.353890938017164,51.75561528858425],[5.322041221914706,51.7465236336838],[5.297444186915019,51.73680887600521],[5.282960145740319,51.739835005374765],[5.2728249268574565,51.74006825474966],[5.2641414299702864,51.73882805228443],[5.255466237893751,51.734899665675094],[5.24823195200635,51.733614958420844],[5.223587939207703,51.743209820898315],[5.214900092287782,51.743305244488894],[5.196653193125693,51.74027161430123],[5.185699796858183,51.74191755996147],[5.184674646598385,51.75413909669187],[5.1805676901502915,51.7586224412898],[5.174565362218124,51.76107276369505],[5.173672361387681,51.764019560473386],[5.177037310635078,51.765363179983275],[5.180651657820565,51.76655517410424],[5.190047105571986,51.76565053327205],[5.191928673600106,51.767451493874844],[5.2077930046423875,51.769280763556516],[5.219495732745576,51.76901593193569],[5.237326215782569,51.771956179774655],[5.24886504688556,51.771236224066385],[5.262521788196338,51.77464643120693],[5.2699477919799,51.77432521325271],[5.26645254379899,51.793121894646255],[5.288436673777761,51.79957430638123],[5.281007284959423,51.801917266055206],[5.28369364364875,51.803232660303934],[5.284480182633909,51.80654026792188],[5.280852678343003,51.81040065239643],[5.284695390789787,51.8174335085325],[5.281717974937335,51.82120751798318],[5.297845704978421,51.82405728953434],[5.311269553185383,51.82314441955997],[5.323488937995308,51.81866305393568],[5.339032095673001,51.80659414883516],[5.352250804629731,51.80402526892958],[5.366009417494669,51.80809898359716],[5.385386063945628,51.82818562195395],[5.400633217372545,51.837658774296735],[5.405382547175493,51.83503562511972]]]}},{"type":"Feature","properties":{"i":64,"c":"GM0267","n":"Nijkerk"},"geometry":{"type":"Polygon","coordinates":[[[5.478624758670711,52.25747141669758],[5.474192021965304,52.25646992802018],[5.483690294442192,52.23924355181367],[5.490012969705914,52.235828784689545],[5.497379950963289,52.236387195484824],[5.499382211697533,52.23388405485816],[5.506443029028272,52.23159342309379],[5.510333317480462,52.23283800409411],[5.510246939842902,52.23533016272465],[5.512974439013537,52.23573193516732],[5.515587684874566,52.23409548636625],[5.514878605806385,52.231141745615666],[5.519397153564153,52.23062098414759],[5.5269414139524775,52.223043630895354],[5.53459231147839,52.21929637635324],[5.549917345963536,52.20233624405983],[5.60579719056221,52.20483981947384],[5.633267393400749,52.208166601683665],[5.634862023827026,52.20380575886601],[5.6256508604467115,52.192724372529774],[5.6196338065000795,52.193119240989596],[5.617796534510727,52.191181568359895],[5.617444273580601,52.19435876039307],[5.607762230555233,52.19419751412011],[5.600304134254882,52.19764952503438],[5.58816032334471,52.194841453957096],[5.577666733563863,52.19479700419095],[5.575173829332562,52.192665966992145],[5.577930271163219,52.186183227497246],[5.566493492674308,52.18652149179801],[5.564527965338701,52.18534059611896],[5.5652290035299865,52.180724574967286],[5.568180884564698,52.17991636402268],[5.568891379079367,52.17790870226906],[5.548927288186261,52.175317058200996],[5.5414520226628,52.17845904861483],[5.530807870136142,52.191539267315136],[5.5212090936244795,52.19183457726265],[5.512084484766758,52.188573825778576],[5.500823503579208,52.18857686090916],[5.4857577235972,52.18209293718205],[5.485168827466353,52.17173894555669],[5.479922364393823,52.16581455900341],[5.443594418865563,52.16882984855394],[5.4389160717037335,52.17291704604236],[5.438086207212095,52.184584824995945],[5.44103936127907,52.205693439576834],[5.439237131713265,52.20460143537836],[5.434713927891244,52.20587578567422],[5.409669928407617,52.21857957117056],[5.40722183428676,52.2134046594754],[5.393642067328655,52.22008014055178],[5.3967887008230875,52.23037717470805],[5.404643329967432,52.249630481347694],[5.463376344265005,52.2600032488662],[5.464459311298991,52.2618278777354],[5.47229900563192,52.26373992053416],[5.476121524131131,52.26392405494188],[5.478624758670711,52.25747141669758]]]}},{"type":"Feature","properties":{"i":65,"c":"GM0268","n":"Nijmegen"},"geometry":{"type":"Polygon","coordinates":[[[5.857127097838373,51.89456493295727],[5.857745799329236,51.88832716512233],[5.871481042590399,51.88865241364073],[5.872840684098114,51.88739320046177],[5.879786363954412,51.86942333785815],[5.882738269696185,51.86614396095638],[5.884319721124853,51.86701355020863],[5.886765711302665,51.86520301137816],[5.881584197491848,51.85910037202351],[5.887319535277424,51.85900904739507],[5.884622197031645,51.85016805950942],[5.887395050466755,51.84971793280954],[5.880389297783079,51.84505497764469],[5.8945303800938085,51.840556760948516],[5.892583434692103,51.83950751348284],[5.898289762946261,51.836363311750695],[5.895889043551637,51.83258482858368],[5.908346898861242,51.8293023809455],[5.905252265312336,51.827436228885496],[5.901431826421691,51.827388121987745],[5.899443627378715,51.82470734904128],[5.880530586639636,51.8203721311838],[5.886163566962034,51.81233349846325],[5.8849841748923035,51.80996830898509],[5.868975781731047,51.81009320811277],[5.852815911140608,51.80750230146404],[5.841972466228753,51.8074951535659],[5.839220162094344,51.804539157663136],[5.836599735699458,51.80591389872441],[5.8102212019497905,51.790589111484465],[5.79607571224413,51.79813564323033],[5.794374076562703,51.797315118244086],[5.792651470206893,51.79853198022927],[5.781651955008473,51.808880680469606],[5.773922884758343,51.82155115159165],[5.771334177138903,51.82306288622242],[5.757620558992549,51.82398994765421],[5.775082961522909,51.8442469674074],[5.779615264750575,51.84458303125452],[5.787217850851524,51.840928782702434],[5.807325773035094,51.85184011085261],[5.812427304964504,51.849615960581474],[5.817374646607206,51.8494940849912],[5.8253909910705435,51.86012751137035],[5.82368957093463,51.86431347120574],[5.825694882022033,51.86621347538382],[5.817074833246209,51.87026538699617],[5.824079025904297,51.87297040866588],[5.831611239352107,51.87223199694858],[5.835153814706908,51.87761901015737],[5.832813417221331,51.87843507645345],[5.8377883592003466,51.8834340068855],[5.835495806467225,51.88897984904454],[5.830198426057037,51.89172559637797],[5.830241263776213,51.89385681776587],[5.857127097838373,51.89456493295727]]]}},{"type":"Feature","properties":{"i":66,"c":"GM0269","n":"Oldebroek"},"geometry":{"type":"Polygon","coordinates":[[[5.876205401047516,52.5220250241929],[5.887276664106812,52.51690619590345],[5.906847230129642,52.500797523239214],[5.925559446873601,52.47405759016752],[5.935409707380774,52.47739203566675],[5.936879888537054,52.47649905475733],[5.952985369191965,52.48444769808438],[5.958697035002423,52.48383821260219],[5.9653607511208815,52.47645629563948],[6.000788401868078,52.50014882829209],[6.018643897201686,52.48937434176425],[6.018527106459356,52.4844667266177],[6.015830791466327,52.48287928702339],[6.020709675064974,52.48376232858305],[6.027395482192405,52.48272162457537],[6.036255721800755,52.47330190366322],[6.0341829470179436,52.460478325024454],[6.022667419979315,52.44410311283366],[6.017755221653383,52.44420863983833],[5.9675530963077374,52.40600068421119],[5.951861243350965,52.4009560648849],[5.951024349901184,52.39843712432361],[5.92433861437745,52.39139294494266],[5.905993337413655,52.40860036322694],[5.916291604416778,52.41294949595161],[5.8999543893253135,52.41981643063994],[5.868748860001478,52.44477850853824],[5.873765620933853,52.44699462867923],[5.871383526631434,52.447857173256004],[5.877623669900138,52.45311931935061],[5.8725467185071105,52.45524312372325],[5.87136287200611,52.457793348045755],[5.862991991230078,52.46094213913488],[5.864840039109059,52.46205523383512],[5.860926878001662,52.46178130142926],[5.840256037914373,52.47105821085088],[5.845591187044815,52.47820180803815],[5.851009376862582,52.49538985723283],[5.856697978528279,52.49980565266753],[5.864310177137088,52.518173433469364],[5.876205401047516,52.5220250241929]]]}},{"type":"Feature","properties":{"i":67,"c":"GM0273","n":"Putten"},"geometry":{"type":"Polygon","coordinates":[[[5.545167878046482,52.29330274872795],[5.555273719183493,52.28670049066278],[5.5668944774963585,52.2851160452449],[5.587992925191722,52.278707769529554],[5.602999369544702,52.27839344236892],[5.610654341777768,52.27726299930377],[5.612223228236359,52.2753221870165],[5.6208549785260065,52.27563624692525],[5.641854539258479,52.2708194640403],[5.661798052608857,52.25778617946298],[5.676792991724838,52.25017905401257],[5.683642097393066,52.24061686657142],[5.681270072523557,52.22533947121367],[5.665518662579057,52.22270448658502],[5.632920101871572,52.20807834548096],[5.60579719056221,52.20483981947384],[5.549917345963536,52.20233624405983],[5.53459231147839,52.21929637635324],[5.5269414139524775,52.223043630895354],[5.519397153564153,52.23062098414759],[5.514878605806385,52.231141745615666],[5.515587684874566,52.23409548636625],[5.512974439013537,52.23573193516732],[5.510246939842902,52.23533016272465],[5.510333317480462,52.23283800409411],[5.506443029028272,52.23159342309379],[5.499382211697533,52.23388405485816],[5.497379950963289,52.236387195484824],[5.490012969705914,52.235828784689545],[5.483690294442192,52.23924355181367],[5.474192021965304,52.25646992802018],[5.478625145143379,52.25744571137915],[5.476849118599418,52.2623998093651],[5.533281106269422,52.27274084161736],[5.545167878046482,52.29330274872795]]]}},{"type":"Feature","properties":{"i":68,"c":"GM0274","n":"Renkum"},"geometry":{"type":"Polygon","coordinates":[[[5.8133736158674525,52.024070586737935],[5.802960561108541,52.00405409503692],[5.826275861230051,51.99955567656104],[5.863739547374196,51.995890028721085],[5.863153794946707,51.98529055316338],[5.866237074077817,51.984112350169866],[5.867369741543061,51.98028996479492],[5.863736866702255,51.97796467193456],[5.865899827098461,51.97568570795065],[5.87086024864424,51.975112996101785],[5.865628889640502,51.971065313599944],[5.857068805175394,51.96953053598446],[5.839055996486795,51.97327912136679],[5.824420466379552,51.97310881253888],[5.78034640962966,51.95899079027853],[5.7647548959260755,51.96248246584944],[5.74489220997557,51.97022165211793],[5.730773328445298,51.96796871788902],[5.722605560550974,51.96405077384083],[5.720274820606483,51.96717866394254],[5.713690755451077,51.96796887520441],[5.721319726097506,51.980472150217985],[5.71663925387698,51.98143670848055],[5.724362613946431,52.00070833408086],[5.7327763098043185,52.00074003683905],[5.735883494037096,52.00232012742765],[5.73413701808098,52.00641856955836],[5.738813731296959,52.00814196966339],[5.7381818104521045,52.01228748374481],[5.7451373835844395,52.01976865503521],[5.78384286571603,52.02197786226995],[5.798138072648272,52.0220154248624],[5.8036308558160385,52.02068193649859],[5.802432778882955,52.02235785409969],[5.8133736158674525,52.024070586737935]]]}},{"type":"Feature","properties":{"i":69,"c":"GM0275","n":"Rheden"},"geometry":{"type":"Polygon","coordinates":[[[6.076029545693572,52.087501487795045],[6.077691348671544,52.0835262944938],[6.103423302772498,52.078143600077446],[6.113970744714401,52.071583346894464],[6.115698773843601,52.06823113692384],[6.121020736345775,52.06857568837299],[6.119880942997538,52.06696109330627],[6.122769327095113,52.063229627916094],[6.128103421719829,52.06435587008847],[6.1288195988062535,52.06279875269135],[6.13575105647244,52.06205857365038],[6.135353497114412,52.05973430044585],[6.1374692334202035,52.059181112334244],[6.135847670773671,52.057830526135966],[6.118164524422612,52.05028615946496],[6.11091576168384,52.042958163344785],[6.11330129083287,52.037670091861045],[6.126326488895211,52.03280226649281],[6.131643039414419,52.02754010581404],[6.131979875801094,52.02273962858554],[6.125959766974339,52.0101265540384],[6.114767725907501,52.00456679833199],[6.109475463803941,51.996341342996715],[6.092059570941758,51.99276820273584],[6.085001993186801,51.99456086261659],[6.078333742978837,52.00082660922749],[6.078788594644962,52.0074693138827],[6.076061617173072,52.01092076600941],[6.066209035273254,52.0147058069044],[6.0588958745630475,52.014467243783976],[6.048030269902453,52.0097761556577],[6.042935614550276,52.002106700755924],[6.032500827381044,51.99690092145084],[6.026449595206604,51.99582513437139],[6.016649848906807,51.99705693419088],[6.0113182400312155,51.99527517163828],[6.006446344053756,51.99113445287885],[6.000300625149137,51.97845512068654],[5.990340041370861,51.9744060955561],[5.980523221464753,51.98151678344993],[5.959673967724958,51.98928208085427],[5.951526323886733,51.99963781029618],[5.963086493421931,52.000318236620146],[5.974708460496837,52.002910183511496],[5.9788839332088095,52.0090713263326],[5.980460960092653,52.0184049569131],[5.995804836924225,52.02622030995769],[5.977959266954357,52.054390140335435],[6.0002476407440435,52.05441290953475],[6.005359252498925,52.05893492756823],[6.006084879384086,52.066348936663275],[6.023737822068986,52.06728245436301],[6.0449244267729485,52.07964056704874],[6.058499493066543,52.08532328193176],[6.0676056361088015,52.08820473831452],[6.076029545693572,52.087501487795045]]]}},{"type":"Feature","properties":{"i":70,"c":"GM0277","n":"Rozendaal"},"geometry":{"type":"Polygon","coordinates":[[[6.00139998739794,52.05503527576861],[5.977959266954357,52.054390140335435],[5.995804836924225,52.02622030995769],[5.980460960092653,52.0184049569131],[5.9788839332088095,52.0090713263326],[5.974708460496837,52.002910183511496],[5.963086493421931,52.000318236620146],[5.951526323886733,51.99963781029618],[5.948125762732015,52.00658680128056],[5.943310344558794,52.01013426111539],[5.946067160644986,52.01060531828224],[5.9414021094301335,52.01148600282004],[5.940192601249627,52.0187145828914],[5.937098859652318,52.04853304130428],[5.943287046718135,52.06245559100242],[5.955930936966681,52.07333855480359],[5.96464595186443,52.07632221913428],[5.99047983131047,52.07916418256399],[6.008848603049541,52.07401419289364],[6.005376524245917,52.05897555387137],[6.00139998739794,52.05503527576861]]]}},{"type":"Feature","properties":{"i":71,"c":"GM0279","n":"Scherpenzeel"},"geometry":{"type":"Polygon","coordinates":[[[5.49983094070283,52.11090188906692],[5.510400682635305,52.107842426277024],[5.517382947466419,52.10062925731867],[5.519368179743578,52.100494211117855],[5.52318656593299,52.10432230770702],[5.525163764358766,52.1007514586982],[5.531543295329677,52.10226696435221],[5.532816951682436,52.099983885676856],[5.539160183306775,52.09781370966594],[5.5350791919371805,52.09287462747187],[5.538293936505697,52.09268973285825],[5.53712744806529,52.088658876428184],[5.530856076238237,52.089774392177844],[5.526634175933558,52.084903403721746],[5.531306079975471,52.08393924615006],[5.531245022828561,52.082418786100796],[5.522654415072843,52.07754212150338],[5.519436952223819,52.079227068056554],[5.5099226531609045,52.079050181435484],[5.509203851082284,52.07697007843576],[5.505070238987563,52.0769111241444],[5.504584380232743,52.073349626182065],[5.499882448347728,52.07133520956846],[5.494067154047779,52.07190829519853],[5.4840164632371335,52.069632341368006],[5.466891058559223,52.07568577750344],[5.465434769309898,52.07842912540833],[5.459242924252477,52.08022575688898],[5.459678100344922,52.08200341363371],[5.464053568219338,52.08305618114738],[5.471885807343322,52.089381433337714],[5.486082698251873,52.09365677340575],[5.484301744564406,52.10554212169391],[5.493861743083338,52.11109726718481],[5.49983094070283,52.11090188906692]]]}},{"type":"Feature","properties":{"i":72,"c":"GM0281","n":"Tiel"},"geometry":{"type":"Polygon","coordinates":[[[5.45392225237247,51.92055269841236],[5.461643750183342,51.92162077138988],[5.469730130633304,51.919877742004815],[5.467126776061833,51.915156054192316],[5.470519431502818,51.91142479568032],[5.472151329755521,51.911716597497744],[5.472451037580072,51.90806887858514],[5.45552579350618,51.90456207975919],[5.463916747534598,51.88900895130701],[5.448283995737738,51.885713983394574],[5.433538120297692,51.877226041785256],[5.420868140968664,51.86352100114089],[5.415234179285159,51.851801023373355],[5.407976757594579,51.854411485245144],[5.3995465255922195,51.85461878839254],[5.395239160436666,51.852933506366035],[5.391688173325117,51.85392363917194],[5.378407739513706,51.863399936569834],[5.360069658527681,51.85836243040819],[5.348104943391412,51.85884126018646],[5.342808037637781,51.8567119469057],[5.338346868104681,51.858726496384634],[5.328294338820268,51.85697504333782],[5.3280326022026925,51.86479680096853],[5.336583101310318,51.869966342988384],[5.33902393796505,51.874034162201916],[5.341956365767276,51.87359574239179],[5.345241989799467,51.8776247692641],[5.353782650045472,51.878066378826844],[5.392606369716889,51.8968404522248],[5.399824416954379,51.89857589314735],[5.404470590126477,51.90523168618928],[5.409625873901904,51.907857521257164],[5.411357702909411,51.91206188474515],[5.418476294583784,51.91344468444956],[5.422987339989868,51.91701393099316],[5.431868436299089,51.91850381869468],[5.4351117335170755,51.92067043119338],[5.446979558456336,51.92057160759029],[5.453384518782056,51.922761362438195],[5.45392225237247,51.92055269841236]]]}},{"type":"Feature","properties":{"i":73,"c":"GM0285","n":"Voorst"},"geometry":{"type":"Polygon","coordinates":[[[6.052948024619141,52.33090729005534],[6.073680633463559,52.33056924359587],[6.071062223562826,52.3225034695118],[6.066126114462262,52.32030036451883],[6.066525113442974,52.31780911589206],[6.079821656467099,52.3175944196291],[6.080990106828589,52.311902481197635],[6.084780444752093,52.31174086337949],[6.082927740806253,52.30712015668778],[6.084126415441064,52.301567452610584],[6.090915901166885,52.29998742287622],[6.10132038100799,52.30122477508994],[6.104314070819154,52.29758989748306],[6.105567427465201,52.292814031085165],[6.11160764930228,52.28760325279024],[6.112627289835743,52.27792757024578],[6.1216699426110885,52.27144024933689],[6.124797223614638,52.2634103092805],[6.1300690977378025,52.260691394029834],[6.125144958195634,52.256825363072],[6.12386547655445,52.25148111060279],[6.135412343440475,52.249614662114936],[6.143526309329377,52.246404195634064],[6.150020315156894,52.24831593580165],[6.153778351125345,52.2467581293114],[6.153603873368385,52.2440178086677],[6.142236674468892,52.23845586781339],[6.141941918566657,52.233439781592644],[6.145724662562027,52.229030142161065],[6.161374929018782,52.224760403568396],[6.163960625089158,52.22183321771629],[6.162603632414846,52.2183367466017],[6.165087751985323,52.217460620210076],[6.168671380646552,52.220699152168265],[6.162499593544877,52.227916914487075],[6.1677379071733744,52.22622196920352],[6.167880611137076,52.22755159961633],[6.16302801243156,52.22852210436935],[6.166268840203722,52.23101377627212],[6.1895285759940535,52.21700459333887],[6.191116695931968,52.211345572890906],[6.189160003188132,52.20740781177093],[6.1840371682801,52.20429824674467],[6.173480698475425,52.201430995283076],[6.160222441950155,52.20073307586665],[6.156786722453783,52.198305532664506],[6.156119478676027,52.194673789267554],[6.159332040063472,52.18993183691292],[6.169952878952879,52.18891100200913],[6.181141252609278,52.18136551600457],[6.1912718108627285,52.178626257768315],[6.19436294472949,52.17431990447218],[6.191855798418556,52.1679952374269],[6.182893722508157,52.160721058209695],[6.160634621813209,52.16187350597233],[6.153578151222128,52.15962229334367],[6.142486177153645,52.15919469444692],[6.106133119975155,52.15219109995693],[6.07606728520627,52.143938078196925],[6.074466985497394,52.14848201117325],[6.0643704974945525,52.15699004787878],[6.065694091982612,52.16522140424956],[6.060673387583212,52.175152648949705],[6.049540088938223,52.18428613098262],[6.05387381248686,52.194999402617476],[6.0582509037054795,52.1961711735295],[6.0534735951675485,52.20121281719047],[6.047908008552004,52.21300403859297],[6.046909211973369,52.221367721733195],[6.040875522917396,52.22415988806254],[6.033424533697707,52.224079569969014],[6.033639151312524,52.23151486606826],[6.03605079408725,52.231996717775374],[6.028471824577247,52.239043137456726],[6.026505716572816,52.242904398495966],[6.028927269666371,52.244390432116504],[6.02480156126856,52.248936488093555],[6.0284657605574825,52.24865775822954],[6.031769391931207,52.25855052063991],[6.03508008570259,52.258283368343875],[6.037493479765652,52.2609204917096],[6.037684362470245,52.26360613630254],[6.034659342734706,52.265905473720004],[6.036394658477201,52.26853038681865],[6.043106204869168,52.268921800264906],[6.041251747554779,52.27190675827591],[6.0433484471463395,52.27872656307689],[6.034781748294806,52.29484535758952],[6.052713779714787,52.32582056314446],[6.052948024619141,52.33090729005534]]]}},{"type":"Feature","properties":{"i":74,"c":"GM0289","n":"Wageningen"},"geometry":{"type":"Polygon","coordinates":[[[5.724362613946431,52.00070833408086],[5.71663925387698,51.98143670848055],[5.721319726097506,51.980472150217985],[5.713608219969322,51.96824303041227],[5.720886128959215,51.966905215268234],[5.722605560550974,51.96405077384083],[5.681918235914221,51.95915884838434],[5.666408989528891,51.9528467497477],[5.64638191307714,51.953329644141746],[5.644038525583361,51.952214368126306],[5.649621648432056,51.95002118606775],[5.640270729868532,51.93882781156621],[5.636231928858834,51.936692372351416],[5.6296539653463284,51.936504201862775],[5.619061497171333,51.94132495638234],[5.6059396491158795,51.943124788405925],[5.616427935524587,51.94935354869438],[5.620445614179164,51.948166428767266],[5.620162496494363,51.9514981150913],[5.627314462943331,51.95257529521626],[5.624978286893647,51.96006505541352],[5.620258229606045,51.966582329785766],[5.618329295629774,51.96625760144483],[5.62485569101756,51.97044836866611],[5.626159424668193,51.97388807832381],[5.615083054858568,51.9826871040928],[5.613905261226132,51.99017981211763],[5.609972267242899,51.993691537341284],[5.6058339478652215,51.994259170565975],[5.606832089915334,51.997422417932725],[5.614491942967196,51.99964960291113],[5.619307292329102,51.99273842044435],[5.624945549593506,51.99514156259415],[5.6274329383330235,51.992987538425275],[5.633217526347316,51.99527573681358],[5.63722086283441,51.99191729395995],[5.653934855520446,51.99517368119898],[5.655417119329324,51.9933066964617],[5.66320067045811,51.99502828844061],[5.664337833814582,51.99359346085084],[5.669601397682201,51.99466844778857],[5.675368019038517,51.990951460432186],[5.682750333028651,51.992363925961826],[5.683093222419875,51.99391147153766],[5.724362613946431,52.00070833408086]]]}},{"type":"Feature","properties":{"i":75,"c":"GM0293","n":"Westervoort"},"geometry":{"type":"Polygon","coordinates":[[[6.001532854482374,51.97707511846216],[5.990198153095688,51.972273408773574],[5.983993370981433,51.97238693013827],[5.9866363589864715,51.96850008817967],[5.9852642879762525,51.96395954471829],[5.987766710612144,51.96306325503614],[5.984830470328879,51.95213637684928],[5.987576482893517,51.95044109900587],[5.984488100020969,51.94680681247123],[5.986168107485851,51.94636385257784],[5.984363846551025,51.94302088856417],[5.9752411211199865,51.94172259335656],[5.9697860736060075,51.93915453189724],[5.961794244833694,51.938792624445476],[5.959162759432656,51.94539153423493],[5.949530954807409,51.955665290319004],[5.952428806426306,51.964569888389356],[5.963628861707665,51.97114326846299],[5.990933659306609,51.9745295969678],[6.002885295449197,51.980457149039914],[6.001532854482374,51.97707511846216]]]}},{"type":"Feature","properties":{"i":76,"c":"GM0294","n":"Winterswijk"},"geometry":{"type":"Polygon","coordinates":[[[6.714134236253065,52.040064713020996],[6.752977242770649,52.02840557072872],[6.764088274694355,52.02231090402905],[6.766307132863784,52.01878220755194],[6.772149535915035,52.017894311663994],[6.81141051392129,51.99809647367707],[6.807798673807385,51.994967444372534],[6.826607412629845,51.993527385832905],[6.830351762350837,51.98619227535598],[6.829599455036227,51.97942996519778],[6.832801620433082,51.97180663415807],[6.828528887042298,51.9641054383258],[6.813837291869662,51.963633068488704],[6.812460968923174,51.961833272383835],[6.7988727722232465,51.95874404248061],[6.797270828267436,51.94255252069056],[6.793990759029873,51.93529351268861],[6.785977184408845,51.93118932045593],[6.788944677957359,51.92965659687346],[6.770035748551289,51.91619888535872],[6.754625242232766,51.913091395839146],[6.751264284090736,51.907239872689004],[6.737132447636159,51.90468124339341],[6.732497793864121,51.898722655569074],[6.721969501397018,51.89606334049574],[6.703220999296413,51.90639547153698],[6.703327106807073,51.90970557724238],[6.697667210044833,51.90987012310922],[6.695346146131064,51.915868238483654],[6.689635155837348,51.91495614559557],[6.684248592447829,51.91609696320668],[6.684224499095942,51.91759075696392],[6.668733391654593,51.91386339419858],[6.664375885130135,51.91657972671712],[6.66100981159921,51.915603382489564],[6.660766761875547,51.9183688430705],[6.663126573667883,51.91979368604993],[6.65803059804359,51.92433179369693],[6.65900400949132,51.92901938609001],[6.657601235762779,51.928449039232326],[6.655825892557066,51.930278048457794],[6.6512926225547,51.92854228553519],[6.643557337201699,51.930094708964525],[6.634152707444016,51.93529989016536],[6.634275513708312,51.9374204581331],[6.632007924426357,51.93781689946637],[6.634487339774506,51.944697251534606],[6.62907127466406,51.95009202907261],[6.6394636614770945,51.95977045453695],[6.637584791037112,51.964950172750974],[6.642420280092851,51.9657443929713],[6.657056089956943,51.97755206485593],[6.655174707117012,51.97927412381407],[6.652641263697542,51.997542847651474],[6.658492972797668,52.01147718867525],[6.655617709672603,52.01407235565674],[6.661791356761639,52.01555907722956],[6.67773349365173,52.02837513507077],[6.683569367252917,52.028202070199505],[6.6878529238716915,52.03985615626653],[6.714134236253065,52.040064713020996]]]}},{"type":"Feature","properties":{"i":77,"c":"GM0296","n":"Wijchen"},"geometry":{"type":"Polygon","coordinates":[[[5.636177355523666,51.86736165079865],[5.666226862466906,51.866334041754236],[5.6705199412769725,51.86477445036116],[5.672317701504215,51.861985393305424],[5.6795711005954095,51.86052548845602],[5.678258109207326,51.85857415917296],[5.681663071615905,51.85686755382536],[5.68049797759964,51.85386981012034],[5.684820448106459,51.848780822731776],[5.6813570417738175,51.84867752566563],[5.681733929020605,51.846259845961946],[5.6774043285222024,51.84625815925323],[5.678110573896831,51.8431468236544],[5.7286301530179395,51.838613523794905],[5.7647315428779855,51.83229129940129],[5.757620558992549,51.82398994765421],[5.771334177138903,51.82306288622242],[5.773922884758343,51.82155115159165],[5.7820066434006785,51.808492874920795],[5.7931126021139265,51.79814676526578],[5.79607571224413,51.79813564323033],[5.800365428837349,51.79436287804281],[5.780658842129763,51.784203985808496],[5.774946124749371,51.783727368155255],[5.769473257342432,51.785189316457696],[5.768779448043454,51.78260497755202],[5.7405903998206975,51.778867024811355],[5.740193313231908,51.77785263076789],[5.733980645350787,51.77993997340374],[5.729745377170399,51.7728510519807],[5.705976543189989,51.77625510064055],[5.690128241994875,51.789725890364295],[5.664066214726729,51.79418569029365],[5.652562426386613,51.802535581037375],[5.642135765396554,51.81747948407877],[5.635214685540977,51.81954368242979],[5.619261078307753,51.819630270017676],[5.5979766171266965,51.828049445088595],[5.5995445660486425,51.829118615731566],[5.603069784428208,51.8282814282914],[5.608961903328595,51.83098882683148],[5.60780819619399,51.83310367654259],[5.609857531121377,51.833939929600334],[5.606631285484648,51.83568927889821],[5.643200209232802,51.8449882838122],[5.635931299254335,51.84745753076408],[5.637861398420042,51.84877066847899],[5.634701497336595,51.85108880801362],[5.640120034510054,51.85603258287506],[5.636177355523666,51.86736165079865]]]}},{"type":"Feature","properties":{"i":78,"c":"GM0297","n":"Zaltbommel"},"geometry":{"type":"Polygon","coordinates":[[[5.087049296658644,51.826806113015955],[5.10083394878004,51.824503617750814],[5.130167199239655,51.81465819044072],[5.140907451243995,51.81411945457175],[5.170642983353218,51.81703240999152],[5.207885691385216,51.8099931233785],[5.220787402580732,51.810916095116575],[5.251697191969969,51.817914986717014],[5.281717974937335,51.82120751798318],[5.284695390789787,51.8174335085325],[5.280852678343003,51.81040065239643],[5.284480182633909,51.80654026792188],[5.28369364364875,51.803232660303934],[5.281007284959423,51.801917266055206],[5.288436673777761,51.79957430638123],[5.26645254379899,51.793121894646255],[5.2699477919799,51.77432521325271],[5.262521788196338,51.77464643120693],[5.24886504688556,51.771236224066385],[5.237444079499945,51.77196463551098],[5.219495732745576,51.76901593193569],[5.2077930046423875,51.769280763556516],[5.191928673600106,51.767451493874844],[5.18919979463425,51.76556232314878],[5.180651657820565,51.76655517410424],[5.173672361387681,51.764019560473386],[5.174565362218124,51.76107276369505],[5.1805676901502915,51.7586224412898],[5.184820658744116,51.75388406750724],[5.185699796858183,51.74191755996147],[5.165671509315005,51.74292020411271],[5.128054700924663,51.73760714609392],[5.125984491665274,51.73962919617925],[5.126335923397678,51.74502148686528],[5.138112604714811,51.75072629622248],[5.142713818515691,51.755210230182534],[5.135890660232638,51.760319748469186],[5.1395989152720345,51.76931099527017],[5.137580796600374,51.772905263739815],[5.117681797438143,51.77815539557207],[5.105342219970119,51.785506748236244],[5.097312751012821,51.787587302441935],[5.088594128916471,51.785805402976415],[5.079994421733156,51.77994346502958],[5.068411908162878,51.77992215750743],[5.06191267490036,51.78441394016218],[5.050836325400019,51.79661761632535],[5.016001029761366,51.8082070497014],[5.0109413382034536,51.81210462144038],[5.009324919633203,51.817511979245836],[5.000363908961802,51.82093338657586],[5.042106779204602,51.81735544302361],[5.052335465421732,51.81894514328778],[5.074110310797957,51.82582079269165],[5.087049296658644,51.826806113015955]]]}},{"type":"Feature","properties":{"i":79,"c":"GM0299","n":"Zevenaar"},"geometry":{"type":"Polygon","coordinates":[[[6.083575661004646,51.99554890258814],[6.092733537376249,51.99275115592746],[6.109590535186159,51.996436714087395],[6.139497980137837,51.996977024101035],[6.1498309905048245,52.00186890840472],[6.164309390369825,51.999003225510926],[6.15988422214805,51.99769064174342],[6.161975378394279,51.992795703967225],[6.1606736127308,51.98105038711371],[6.145278930820482,51.98060296459654],[6.129371215963603,51.97826448090922],[6.121090320457117,51.97339813076019],[6.1223346527644305,51.971483995393875],[6.105458418514722,51.966726376793815],[6.090393683489015,51.967844290347585],[6.089514440198013,51.963509176466204],[6.0914438957831,51.96303371234982],[6.09142715984577,51.93872105542064],[6.094148637702188,51.93882783274683],[6.094688725252301,51.93672013552107],[6.138432549914773,51.915529332115],[6.141198303337665,51.91577228406639],[6.1430611260788135,51.918501834733945],[6.143328407276804,51.91362750652516],[6.152569592971284,51.90886853976414],[6.156643676643464,51.91127923302668],[6.157558883570982,51.90687160075249],[6.167913044718434,51.900974117346706],[6.165632883093766,51.89859647644569],[6.15622531452928,51.905244859695],[6.125672610944937,51.89820133715331],[6.117889419738978,51.90165914365312],[6.114821222722282,51.897720469833764],[6.111855020033111,51.898836682756254],[6.110175980214146,51.8949428640331],[6.103447961217455,51.89247422217346],[6.118224193940183,51.89201260520266],[6.1371271171955275,51.88580273505025],[6.143610001136486,51.876251181193005],[6.144539098821985,51.86974451459383],[6.149876688794492,51.866501191977235],[6.167000284853513,51.86162164574003],[6.163597353362826,51.853679872469094],[6.166559807357282,51.84072164455144],[6.135771096934572,51.84716941331392],[6.102428389183747,51.84875492704464],[6.089555818111984,51.852597003668315],[6.0656469376430655,51.86465029594546],[6.046284695808533,51.87091321155543],[6.03715482374594,51.8754184156863],[6.029448758443692,51.88152655083232],[6.019862121455546,51.898139767386965],[5.996958068484089,51.90730520841575],[5.9870625726071145,51.91331383538747],[5.988921023596967,51.91396524453303],[5.992755431576974,51.91233396282256],[6.00007557502372,51.9132037935419],[6.015441238865848,51.91695573320771],[6.027044637542552,51.916511910760654],[6.0374565599969765,51.913962169152946],[6.038842917217476,51.916340199131014],[6.043075545798211,51.916831220565044],[6.0469928211652375,51.92529976714393],[6.046275858663429,51.92690595489881],[6.0423576628366655,51.927771787081184],[6.048505555173181,51.93161386299656],[6.051560651614235,51.93097252359265],[6.053026974056883,51.94032845493289],[6.054805364369239,51.93993584442372],[6.063447030210604,51.949286494228744],[6.0526652343372795,51.952697788759004],[6.058461490409936,51.958309387824286],[6.060838846098689,51.9744832442359],[6.067371401788595,51.97498177529844],[6.068852489122934,51.98040086782028],[6.062393151369111,51.980567041867836],[6.060772263875994,51.98185931981027],[6.045811981201022,51.980369484175995],[6.034305612794076,51.97135312375732],[6.026889252934816,51.97089309311106],[6.02181817674019,51.97820264813057],[6.005826707611213,51.97910618036348],[6.001732848695237,51.97755170820864],[6.008363118134908,51.99327946480038],[6.015940801990525,51.99696911647242],[6.026449595206604,51.99582513437139],[6.032500827381044,51.99690092145084],[6.042935614550276,52.002106700755924],[6.048215207455582,52.00988959300387],[6.06304442874696,52.015024454159],[6.077246583469016,52.009988842469355],[6.0779275501567644,52.001516681662196],[6.083575661004646,51.99554890258814]]]}},{"type":"Feature","properties":{"i":80,"c":"GM0301","n":"Zutphen"},"geometry":{"type":"Polygon","coordinates":[[[6.198560392307827,52.162990696456276],[6.200528652492452,52.16491672722352],[6.207221674018992,52.1666436892132],[6.212220148428451,52.16264615330592],[6.217080768187599,52.16167336648598],[6.216118371865306,52.15858764559014],[6.218665822139816,52.15840209904186],[6.21915320798089,52.156076857717736],[6.223489144879971,52.15594712987403],[6.223478064611807,52.15384349538647],[6.231640114855154,52.155940317447964],[6.235260914485084,52.15542863200223],[6.2379881892374875,52.14603055482767],[6.248481221685554,52.14758502309858],[6.264541761440185,52.14709133825434],[6.269791384670804,52.14995870595432],[6.283604180520607,52.14819572086012],[6.300918056501166,52.14911117142136],[6.3240399523983255,52.15276172008808],[6.328314370949976,52.13771236564862],[6.307285680309091,52.13045159380695],[6.293868304333484,52.12794286727652],[6.291112417729596,52.12644609701124],[6.292150249855652,52.125472566950535],[6.288465313439434,52.12553784028741],[6.277486967823645,52.121728793440994],[6.269843322782002,52.111643497492956],[6.257600925357844,52.11028660220044],[6.2338769808265395,52.11312580319661],[6.232415982598145,52.11074714183682],[6.226637734815196,52.109409511258285],[6.225827379877361,52.10682655389378],[6.222085101550419,52.10667713344833],[6.224515240872521,52.10017802563024],[6.220158777665573,52.10032716352179],[6.219223120809039,52.092549949358116],[6.221695769115478,52.08877479106732],[6.21940098652999,52.088743483991095],[6.2167505866355315,52.093325630635434],[6.219201417959794,52.096308920084944],[6.215352532761745,52.10896626783095],[6.208968334615396,52.11300117791259],[6.191677263616718,52.11427436872801],[6.187430267172366,52.11616702936896],[6.186184946693012,52.12451826714871],[6.182515354573054,52.12623898731703],[6.183630806025506,52.134226398340374],[6.17747166382532,52.13695748673417],[6.179013536301227,52.13852830500232],[6.174131259491986,52.139431961463046],[6.175068700254261,52.14149353562594],[6.1721355681169205,52.143267240304816],[6.173395821038901,52.14496978713638],[6.163985491478027,52.14635195370236],[6.149684852130721,52.1439998512837],[6.142803730077545,52.145663675431265],[6.140389583118206,52.148352333679675],[6.1419039105413455,52.15496529114457],[6.147422191889425,52.15799562926856],[6.159397495200602,52.15767340933363],[6.17315662228111,52.152451404531305],[6.181614856722382,52.15270722491737],[6.1852303625549645,52.16258898424599],[6.192799436397414,52.16980127675593],[6.198560392307827,52.162990696456276]]]}},{"type":"Feature","properties":{"i":81,"c":"GM0302","n":"Nunspeet"},"geometry":{"type":"Polygon","coordinates":[[[5.756291825340586,52.407426491808764],[5.764074729245464,52.39872350682106],[5.768685084902577,52.398888283170486],[5.770747517909562,52.39551549918487],[5.782622369562134,52.3994691515987],[5.787773170314716,52.40003759144467],[5.790776350252183,52.39686154878381],[5.811671503248142,52.402798951209924],[5.8120453176076925,52.40066875823453],[5.81716985382593,52.40156683115708],[5.817866895129044,52.39729241638259],[5.820578300127878,52.39693344080556],[5.821269408271703,52.391091308487695],[5.864792023562955,52.35965820876163],[5.871170542655032,52.361309288160896],[5.87600935885991,52.357872771892374],[5.864814279031871,52.35132890140427],[5.88095133147815,52.335185954958774],[5.866234585146514,52.31992489817013],[5.850349545296574,52.30827476890036],[5.840830926275248,52.3043975291001],[5.845821885051356,52.286760513584326],[5.8521549751100554,52.28009014773223],[5.8481699309438,52.27511412256723],[5.850811154670096,52.26869537449725],[5.842718419559684,52.26714586465723],[5.821426653974577,52.27267189224256],[5.809804736751923,52.270277038465736],[5.779345849619528,52.27058314583603],[5.751263269305841,52.26956122351317],[5.749227319324957,52.26827292891314],[5.746496380233938,52.27185643359308],[5.755401706770485,52.27765174955169],[5.7548211165759415,52.28170553983893],[5.744681870255785,52.288194995612315],[5.743837231663285,52.298047282741344],[5.750747825218111,52.31707376443943],[5.705980858501753,52.328441798211436],[5.712480647223511,52.331845370388805],[5.712670037909856,52.336940458813906],[5.7049052410869425,52.34047446753896],[5.704406441445413,52.34652220252501],[5.699018302056924,52.35290263765815],[5.698514384195214,52.35658635051694],[5.700504710183639,52.357812636732504],[5.697949785440068,52.36095732305936],[5.693794148290857,52.36211525093935],[5.678921588785431,52.37884126296105],[5.698762429007286,52.382003659293616],[5.7067519904348805,52.386635054362145],[5.7155836719347155,52.38803702827097],[5.733471908025309,52.39716039844765],[5.729446848758866,52.40097322481752],[5.73339695535098,52.40253330587724],[5.739427815163878,52.3984210392198],[5.756291825340586,52.407426491808764]]]}},{"type":"Feature","properties":{"i":82,"c":"GM0303","n":"Dronten"},"geometry":{"type":"Polygon","coordinates":[[[5.620737371630405,52.36412960124357],[5.611851632794288,52.37468742449578],[5.617187653596635,52.38478262694632],[5.623021182932505,52.40887172099769],[5.589069978893066,52.4111865937368],[5.587998201030191,52.41476624684212],[5.566636851010889,52.4358630017043],[5.573803178830591,52.438794102565986],[5.586388620358863,52.44771059653178],[5.56541977808059,52.470280767119164],[5.605870565470089,52.48451959295178],[5.591292728353424,52.50003612267711],[5.588055885112143,52.51377267492108],[5.591305156193689,52.51390517008724],[5.5874104954787915,52.56345977349467],[5.564508173718101,52.61500977651827],[5.51129415608888,52.66355611010106],[5.592265253409458,52.64929097603158],[5.607230550901203,52.649246525378224],[5.622420944263203,52.63478080540845],[5.627674370923021,52.636845580997694],[5.649824748836096,52.615762846856136],[5.6574724524794116,52.612185348276],[5.723818749733722,52.61129074484378],[5.72379125624448,52.60769595828641],[5.777967679420788,52.60753446201202],[5.7779299764557335,52.58085189667967],[5.804661913377766,52.580717900824354],[5.812861020402003,52.57881269472762],[5.855076151778814,52.55082418756421],[5.857600675212465,52.54565036040826],[5.862055131357779,52.52158306977464],[5.864502278828034,52.51865305609652],[5.862875012802797,52.5135256178261],[5.856697978528279,52.49980565266753],[5.851009376862582,52.49538985723283],[5.845591187044815,52.47820180803815],[5.841472397363967,52.472274686186395],[5.840256037914373,52.47105821085088],[5.831385184672563,52.473401576837034],[5.815607994211193,52.45521503320987],[5.822411081448284,52.44970622972051],[5.809586334065142,52.437658569882764],[5.811474873103751,52.43692283994984],[5.810010821463943,52.43572751813931],[5.739427815163878,52.3984210392198],[5.73339695535098,52.40253330587724],[5.729446848758866,52.40097322481752],[5.733471908025309,52.39716039844765],[5.7155836719347155,52.38803702827097],[5.7067519904348805,52.386635054362145],[5.698762429007286,52.382003659293616],[5.67765864379321,52.37872115017365],[5.6525544945731285,52.36542777158217],[5.6448672526635395,52.37086420681901],[5.620737371630405,52.36412960124357]]]}},{"type":"Feature","properties":{"i":83,"c":"GM0307","n":"Amersfoort"},"geometry":{"type":"Polygon","coordinates":[[[5.407036033101774,52.21348428736838],[5.409669928407617,52.21857957117056],[5.434713927891244,52.20587578567422],[5.439237131713265,52.20460143537836],[5.44103936127907,52.205693439576834],[5.438086207212095,52.184584824995945],[5.439875545109594,52.17119745913065],[5.4488243631554125,52.16770426728795],[5.479922364393823,52.16581455900341],[5.472433305806108,52.16285086994349],[5.479196698936287,52.16136074208311],[5.482116097133466,52.15979568593328],[5.481495537912833,52.15829731282209],[5.484317297517632,52.15806385912431],[5.482590493898457,52.1514597235356],[5.481303728535844,52.150470359906215],[5.476647055515084,52.15223146397665],[5.45934006577717,52.152914785779515],[5.442203931037716,52.16150407176884],[5.423607952109905,52.15763648304278],[5.417843573748424,52.154784687222794],[5.416513129188993,52.15069875389593],[5.408318343713232,52.14258821739034],[5.409390978364891,52.14038742762005],[5.40756325020991,52.141959815071345],[5.398074701006253,52.133547811491475],[5.374388788520027,52.13099281216578],[5.3556352106962475,52.136829577728065],[5.334036460885836,52.12041485845221],[5.310919802561861,52.10838439123807],[5.30645863727776,52.11027146753148],[5.331267845657692,52.126630205476744],[5.33385166344019,52.13134535524356],[5.330968589528228,52.13729058035671],[5.336298112649569,52.14585569672569],[5.338720282891116,52.1600565143314],[5.34348372728154,52.16027054703862],[5.3473154585009395,52.17278871590738],[5.349925436906029,52.173856672144396],[5.349897623500048,52.17560504325662],[5.340782713189495,52.17809661027193],[5.336949122417809,52.1825723087587],[5.3238865057649045,52.18246301327583],[5.324383566648562,52.187924639644955],[5.321471361263426,52.18992391203317],[5.310594587813599,52.19148606729079],[5.309316107113807,52.194661375547625],[5.313571404267529,52.202284199964666],[5.3306917406423695,52.20338483777929],[5.327882061122075,52.20935004708696],[5.330541369292427,52.214731713408455],[5.392735467282468,52.20552771119736],[5.395522357735796,52.21915385191842],[5.407036033101774,52.21348428736838]]]}},{"type":"Feature","properties":{"i":84,"c":"GM0308","n":"Baarn"},"geometry":{"type":"Polygon","coordinates":[[[5.312277975818617,52.23282883372899],[5.335808793048496,52.22854181427197],[5.334323492881882,52.22012311444043],[5.3279077207769046,52.209616118112336],[5.3306917406423695,52.20338483777929],[5.314311374844283,52.20302104223042],[5.313831091599945,52.20419233023095],[5.310605720291138,52.203450963049264],[5.308521343616896,52.204474012817215],[5.303906844632894,52.19996030590629],[5.267848999124306,52.187383381861196],[5.2390413199813795,52.16762227432303],[5.2379007228891625,52.171250914621325],[5.236156395896108,52.171148949027646],[5.236315790283609,52.16745825473647],[5.223889216588949,52.16537958062462],[5.220994979041031,52.17826047849694],[5.212075565909338,52.176373934817455],[5.216002864088081,52.188060874663826],[5.2132540812001364,52.190081840372486],[5.214232351585105,52.200786271964574],[5.22473024288259,52.225197098427074],[5.287464336761247,52.22288311491423],[5.300969553213022,52.223524298450876],[5.30687512694314,52.21927340210154],[5.31264662871897,52.2214953482857],[5.314757989414943,52.22413385786923],[5.313128566881595,52.22564902273599],[5.311206984190163,52.22456747739934],[5.3115936999877125,52.22650782689522],[5.306914604512604,52.23108748795823],[5.312277975818617,52.23282883372899]]]}},{"type":"Feature","properties":{"i":85,"c":"GM0310","n":"De Bilt"},"geometry":{"type":"Polygon","coordinates":[[[5.216002864088081,52.188060874663826],[5.212180665774895,52.1762248103593],[5.220994979041031,52.17826047849694],[5.221218802372545,52.17457130070062],[5.222701644641811,52.17468714422554],[5.230930387533805,52.116788889403736],[5.218219182294563,52.11367266753546],[5.222328886692381,52.1038932494958],[5.210814685164206,52.10072707583029],[5.212727198663284,52.09767433159728],[5.20860875448116,52.093618914627534],[5.2105876378957685,52.090314430348165],[5.207229760522821,52.086439272705974],[5.205517204423362,52.08682955051186],[5.2055246184065265,52.08489559426212],[5.189913205757449,52.086241395927],[5.186170037008407,52.092927683438525],[5.182270418952602,52.09441106377201],[5.180564114793947,52.093131874193],[5.1609042527218865,52.09457554487864],[5.156171342394236,52.09858942655294],[5.161915012027233,52.107215373316734],[5.150380812688111,52.110875390251444],[5.148160795443645,52.119802776402715],[5.140163456441206,52.120582027954185],[5.126523487672106,52.12460448361151],[5.107092850785514,52.13321116401809],[5.120528952066838,52.1455411435292],[5.094889715998381,52.155349030750884],[5.118845195317851,52.17240604729607],[5.1152937302037,52.179852795812025],[5.121358978679527,52.18095524316302],[5.192585966447547,52.17783294963171],[5.215500728202794,52.20427342955131],[5.2132540812001364,52.190081840372486],[5.216002864088081,52.188060874663826]]]}},{"type":"Feature","properties":{"i":86,"c":"GM0312","n":"Bunnik"},"geometry":{"type":"Polygon","coordinates":[[[5.161456659855266,52.07988394118232],[5.166917256138435,52.07668122343285],[5.1716062502465885,52.07867498698011],[5.1792925729368005,52.07790216423603],[5.181401612996044,52.076192387941234],[5.192639262620373,52.07791425568181],[5.200400626076657,52.07686704187663],[5.225021987086999,52.06492174176219],[5.219131937867661,52.05975245641918],[5.247423097242213,52.0586465550604],[5.251677308430259,52.053957728430476],[5.248005951336768,52.04741282639495],[5.251039583224966,52.045757453933305],[5.2494943996952745,52.04098601542952],[5.252677333234957,52.03859957338145],[5.257796628291713,52.038285848583136],[5.257498860068337,52.03267744350433],[5.263880216469641,52.031969314337374],[5.269298255887032,52.02917031362472],[5.270866794470202,52.02740334268789],[5.263239402794277,52.02438010736743],[5.271693122802701,52.0146091948148],[5.279909911545415,52.01072159104154],[5.2801532338190915,52.00891126783554],[5.275796438510669,52.00603680299217],[5.277630874759875,52.00084959113976],[5.27628584876008,51.999233386014296],[5.2721472784488626,51.997742066529575],[5.268651324198742,51.99851444110421],[5.264736236378957,52.003220132084664],[5.259562567661944,52.00099922287716],[5.24319059349444,51.99879303440558],[5.230572025148678,52.01035591645378],[5.224035745576817,52.01370373216492],[5.2019918502213205,52.01747012333307],[5.203527070797552,52.02007610444997],[5.199103164912391,52.0252188967662],[5.200892907338638,52.03171348998187],[5.195432503163508,52.036426919769525],[5.192503618341607,52.03440872338026],[5.189541358825983,52.03698846139202],[5.191556155475775,52.04303604506616],[5.178930727574594,52.04634041511923],[5.160743552578811,52.04551468370066],[5.153030626874163,52.056757299974784],[5.157755292408379,52.05834183819758],[5.15689066158557,52.06342685757432],[5.159502625575544,52.06726295274768],[5.1556628022259945,52.071464189172026],[5.161456659855266,52.07988394118232]]]}},{"type":"Feature","properties":{"i":87,"c":"GM0313","n":"Bunschoten"},"geometry":{"type":"Polygon","coordinates":[[[5.404643329967432,52.249630481347694],[5.393219530399227,52.220723062531825],[5.395522357735796,52.21915385191842],[5.392735467282468,52.20552771119736],[5.330541369292427,52.214731713408455],[5.334323492881882,52.22012311444043],[5.335784933070324,52.228569189785745],[5.312277975818617,52.23282883372899],[5.310680372582728,52.2463259187708],[5.314128994368182,52.25195416977775],[5.32433717219688,52.25300818289212],[5.328621328045857,52.2553655704781],[5.322133417359269,52.26306218112257],[5.327454758662562,52.26693538049112],[5.3395635892632605,52.28773172714568],[5.404643329967432,52.249630481347694]]]}},{"type":"Feature","properties":{"i":88,"c":"GM0317","n":"Eemnes"},"geometry":{"type":"Polygon","coordinates":[[[5.2659776919659205,52.28192617172989],[5.305834429773858,52.277328573085676],[5.335461441237505,52.290218418349056],[5.3395635892632605,52.28773172714568],[5.327454758662562,52.26693538049112],[5.322133417359269,52.26306218112257],[5.328621328045857,52.2553655704781],[5.32433717219688,52.25300818289212],[5.314128994368182,52.25195416977775],[5.310554195453478,52.246029249191004],[5.313318390225765,52.23415538694838],[5.306601343673769,52.23036035877123],[5.3115936999877125,52.22650782689522],[5.311206984190163,52.22456747739934],[5.313128566881595,52.22564902273599],[5.314594711265507,52.22456152419217],[5.312918755993581,52.22168777799836],[5.30687512694314,52.21927340210154],[5.300969553213022,52.223524298450876],[5.287464336761247,52.22288311491423],[5.222901248366461,52.22526095456171],[5.2659776919659205,52.28192617172989]]]}},{"type":"Feature","properties":{"i":89,"c":"GM0321","n":"Houten"},"geometry":{"type":"Polygon","coordinates":[[[5.153030626874163,52.056757299974784],[5.160743552578811,52.04551468370066],[5.178930727574594,52.04634041511923],[5.191556155475775,52.04303604506616],[5.189541358825983,52.03698846139202],[5.192503618341607,52.03440872338026],[5.195432503163508,52.036426919769525],[5.200892907338638,52.03171348998187],[5.199103164912391,52.0252188967662],[5.203527070797552,52.02007610444997],[5.2019918502213205,52.01747012333307],[5.219374024829358,52.015215380451735],[5.229408454565847,52.01119300302885],[5.245385268189601,51.99598372278886],[5.256204246721485,51.993725291100326],[5.253325332482996,51.9923350274669],[5.254141132746084,51.98607069164721],[5.271446599066584,51.9811335333752],[5.2659810964270015,51.975770358387564],[5.2562711392449994,51.970941403056685],[5.245260154050346,51.97799949608954],[5.235464675413797,51.97847029844412],[5.229912521300328,51.9756489628045],[5.218714571262543,51.96320448274522],[5.205988821403433,51.95943248690662],[5.193362181483227,51.961594395196336],[5.175484575995178,51.969052525098995],[5.15509432967785,51.9715863663606],[5.148784082695947,51.97491984193546],[5.139676762309786,51.993943238211536],[5.133868036165355,51.99668725613565],[5.119563211447595,51.99992413786378],[5.128386274556012,52.02478111127588],[5.13099327907913,52.02472381259443],[5.121774162656425,52.03043280784338],[5.129681645664538,52.04986419799043],[5.124717973547125,52.04991544379917],[5.126831958019151,52.054918228259965],[5.14567568350029,52.05255912143074],[5.153030626874163,52.056757299974784]]]}},{"type":"Feature","properties":{"i":90,"c":"GM0327","n":"Leusden"},"geometry":{"type":"Polygon","coordinates":[[[5.438951655650726,52.161388641875845],[5.45934006577717,52.152914785779515],[5.476747482499922,52.15221756419436],[5.485247814668817,52.14905984598691],[5.498982469646652,52.147393360915984],[5.497306244646788,52.14144350520184],[5.514079392133758,52.13592306681598],[5.511927531798487,52.13210465174925],[5.497913060885395,52.13028289585263],[5.49675907693737,52.124814288334846],[5.4946949295533285,52.12469789135175],[5.49691768313427,52.11955749098994],[5.505353946870022,52.11975045065189],[5.50375599385523,52.116585637069846],[5.507548674359495,52.11564455295185],[5.507702069111453,52.11389696767028],[5.503949639824905,52.113720287850505],[5.498916520779923,52.116017641161584],[5.48644709008959,52.11535974030626],[5.479079033102063,52.11742618416941],[5.47582548777934,52.11207110761311],[5.476037135801681,52.10501215766883],[5.473707065811803,52.10475963228277],[5.471987320467214,52.10145568755952],[5.467516497237589,52.1004002619883],[5.457865964006582,52.10536925747139],[5.443806669664022,52.107074566169715],[5.437937946802007,52.09974400399779],[5.4296290253144806,52.095910469096495],[5.421040523678983,52.096901231668795],[5.410158514777326,52.103263263475135],[5.404520868224669,52.1041064015636],[5.40133209616585,52.08933353720948],[5.378009911485149,52.0904716095686],[5.3358743196521035,52.095969831029464],[5.310919802561861,52.10838439123807],[5.334036460885836,52.12041485845221],[5.3556352106962475,52.136829577728065],[5.374388788520027,52.13099281216578],[5.398074701006253,52.133547811491475],[5.40756325020991,52.141959815071345],[5.409390978364891,52.14038742762005],[5.408318343713232,52.14258821739034],[5.416513129188993,52.15069875389593],[5.417843573748424,52.154784687222794],[5.423547366232118,52.15762012581048],[5.438951655650726,52.161388641875845]]]}},{"type":"Feature","properties":{"i":91,"c":"GM0331","n":"Lopik"},"geometry":{"type":"Polygon","coordinates":[[[5.02029537091684,52.02562707270597],[5.034062766051225,52.003845928128676],[5.042555256256712,52.005635534835484],[5.054240258317546,51.996318712519574],[5.053082257350108,51.995384665436475],[5.062638116826846,51.991233081396835],[5.042857324449388,51.980381313713224],[5.036127491112567,51.97132855119242],[5.032069041973979,51.96956040819409],[5.024787552427765,51.96931118130715],[5.003009512030136,51.978138238769354],[4.998073524608676,51.97787150877946],[4.988045362693423,51.97399285468762],[4.975436108934076,51.96288590039111],[4.968288607848557,51.95937716981546],[4.948691209897147,51.96347175423081],[4.939820509157782,51.96343996464597],[4.934563141396721,51.96061073533419],[4.92449371343165,51.948945951287456],[4.91637988316543,51.94317845704256],[4.877792921350175,51.93803067946015],[4.871222883171469,51.95464349888551],[4.860805963801307,51.96778403402609],[4.845621869382878,51.97498493601999],[4.834134313325014,51.98565899289003],[4.909734674984043,52.01104142013692],[4.919867293082927,52.009988430343746],[4.954917790878577,52.017347209562764],[4.980715372856894,52.02088523914603],[4.99216215472913,52.02103249469228],[5.02029537091684,52.02562707270597]]]}},{"type":"Feature","properties":{"i":92,"c":"GM0335","n":"Montfoort"},"geometry":{"type":"Polygon","coordinates":[[[4.936142505860893,52.07992033515405],[4.956333252701144,52.0702993633088],[4.956773344703077,52.06593289392027],[4.970500847493512,52.06756012627219],[4.9826101553402,52.064949990715206],[4.996098540220715,52.06734265908566],[5.018010508773974,52.062218978688875],[5.010283667005553,52.053741023162914],[5.00493433729831,52.055558632103605],[4.996330814179083,52.052782722482995],[4.99100712334906,52.05288370108536],[4.983276645614283,52.040236668179716],[4.9783791187676005,52.03972311158059],[4.9831389811465145,52.02778455539287],[4.994046259455925,52.029740066859276],[4.99519903510763,52.021502767685384],[4.954917790878577,52.017347209562764],[4.920044826786975,52.010014005462985],[4.904974606756648,52.02647753232857],[4.920059170275292,52.025557854826495],[4.9264354171655445,52.02847585870463],[4.926681022255297,52.029986878853514],[4.911398028349716,52.040181629130586],[4.9171177988276416,52.04379086068052],[4.906504665958729,52.05347564552429],[4.89602589732488,52.050687716795224],[4.895411340235783,52.048233929022686],[4.875506489975029,52.06157979113164],[4.871457911863093,52.05922460723778],[4.86822503994727,52.06344633667671],[4.8732004130109905,52.06874539710606],[4.905083265678602,52.070014780883206],[4.9308466421764106,52.079285499909524],[4.936142505860893,52.07992033515405]]]}},{"type":"Feature","properties":{"i":93,"c":"GM0339","n":"Renswoude"},"geometry":{"type":"Polygon","coordinates":[[[5.550342589425944,52.10541954644847],[5.55423579368077,52.10015122354499],[5.550562578468536,52.09639356618908],[5.554429272164836,52.0953919219779],[5.554905152628759,52.08655033061815],[5.5571118193925315,52.08685071059394],[5.556687261324156,52.08548276662746],[5.560777798995091,52.08439407878371],[5.562746195520478,52.07827798815234],[5.559210561158191,52.07103370528268],[5.560781776435816,52.068589887799284],[5.558637331200392,52.049964918393],[5.557874864870367,52.04864080361008],[5.5446395439357214,52.04937331054476],[5.540729494742976,52.04266961637482],[5.531420146558715,52.03946881644148],[5.517424868896142,52.04674993103874],[5.51568124474185,52.05419115609083],[5.497875964583433,52.057018213697816],[5.495657290357376,52.071359044650094],[5.499882448347728,52.07133520956846],[5.504584380232743,52.073349626182065],[5.505070238987563,52.0769111241444],[5.509203851082284,52.07697007843576],[5.509694104793181,52.078980088104466],[5.519436952223819,52.079227068056554],[5.522654415072843,52.07754212150338],[5.531142189776325,52.082279534258355],[5.531306079975471,52.08393924615006],[5.526634175933558,52.084903403721746],[5.530856076238237,52.089774392177844],[5.537118482496882,52.088643814904835],[5.538293936505697,52.09268973285825],[5.5350791919371805,52.09287462747187],[5.539160183306775,52.09781370966594],[5.532816951682436,52.099983885676856],[5.531543295329677,52.10226696435221],[5.541539927159448,52.10373710053935],[5.544012638611227,52.10194890231169],[5.546302199248887,52.102443641280786],[5.545291793986523,52.104390045709735],[5.550342589425944,52.10541954644847]]]}},{"type":"Feature","properties":{"i":94,"c":"GM0340","n":"Rhenen"},"geometry":{"type":"Polygon","coordinates":[[[5.553096676840772,51.9990790466243],[5.558045058856079,52.00363202359162],[5.570478577789062,51.99695836023162],[5.589488744681731,52.0094555268937],[5.591997673920055,52.00139229542674],[5.602804774572313,51.99486917480393],[5.609972267242899,51.993691537341284],[5.613905261226132,51.99017981211763],[5.615083054858568,51.9826871040928],[5.626159424668193,51.97388807832381],[5.62485569101756,51.97044836866611],[5.618329295629774,51.96625760144483],[5.620258229606045,51.966582329785766],[5.62725503750604,51.954961705117825],[5.627185657053102,51.95236405598004],[5.620162496494363,51.9514981150913],[5.620445614179164,51.948166428767266],[5.616427935524587,51.94935354869438],[5.605782326886471,51.94315971294852],[5.590991783816987,51.949775788494556],[5.555657822036654,51.95615692789435],[5.537520486335645,51.968285331510266],[5.512481396816909,51.973081385667975],[5.486214006371228,51.98382644708583],[5.477664501331026,51.983472675357255],[5.477849819187163,51.987691715418286],[5.480640965139511,51.988864236664085],[5.4796249542181075,51.99171444218122],[5.484594725611549,51.987759578406894],[5.485293836322803,51.990965031332095],[5.490897720327572,51.99656105714612],[5.4942016762285455,51.99490106407653],[5.512592175231498,52.018516101028226],[5.533676726888668,52.01266514227349],[5.532366010766738,52.01090013002558],[5.535819156019431,52.01005075872779],[5.535140587943186,52.00888663362204],[5.553096676840772,51.9990790466243]]]}},{"type":"Feature","properties":{"i":95,"c":"GM0342","n":"Soest"},"geometry":{"type":"Polygon","coordinates":[[[5.308521343616896,52.204474012817215],[5.314475541980319,52.203482885341415],[5.309316107113807,52.194661375547625],[5.310671685655617,52.19142774095515],[5.321471361263426,52.18992391203317],[5.324383566648562,52.187924639644955],[5.3238865057649045,52.18246301327583],[5.336949122417809,52.1825723087587],[5.340782713189495,52.17809661027193],[5.349897623500048,52.17560504325662],[5.349925436906029,52.173856672144396],[5.3473154585009395,52.17278871590738],[5.34348372728154,52.16027054703862],[5.338720282891116,52.1600565143314],[5.336298112649569,52.14585569672569],[5.330968589528228,52.13729058035671],[5.33385166344019,52.13134535524356],[5.331267845657692,52.126630205476744],[5.30645863727776,52.11027146753148],[5.291823459436529,52.114542759842166],[5.282138309690495,52.11206293005771],[5.271936111896898,52.12704553712791],[5.2641018227239265,52.12508007380141],[5.255915566480577,52.13672406390079],[5.254793959996044,52.14951592674071],[5.2431726297113315,52.170076421347005],[5.247165455493853,52.174378460299565],[5.26840648245178,52.187678278829],[5.303906844632894,52.19996030590629],[5.308521343616896,52.204474012817215]]]}},{"type":"Feature","properties":{"i":96,"c":"GM0344","n":"Utrecht"},"geometry":{"type":"Polygon","coordinates":[[[5.002950429862026,52.14180158119791],[5.012564155402782,52.129301121458006],[5.032675614651952,52.11676799957019],[5.047556020693838,52.12997241635383],[5.061204542855207,52.12256178300552],[5.070198665340208,52.12718149148788],[5.072328044146412,52.12532505424845],[5.0761584641179045,52.127049125438646],[5.087164524818756,52.13567146037736],[5.101084364216386,52.1298446314733],[5.103397424512675,52.129848375733836],[5.107092850785514,52.13321116401809],[5.126523487672106,52.12460448361151],[5.140163456441206,52.120582027954185],[5.146915698055433,52.12038252653948],[5.149310118272426,52.11849122250211],[5.150380812688111,52.110875390251444],[5.161915012027233,52.107215373316734],[5.156402759549679,52.098148548725426],[5.161791647682852,52.09429927097645],[5.180564114793947,52.093131874193],[5.180702654388049,52.09460846599023],[5.186170037008407,52.092927683438525],[5.189740241038782,52.08635034723433],[5.192763170216435,52.08606114616669],[5.195154971679589,52.077346289518644],[5.181401612996044,52.076192387941234],[5.1792925729368005,52.07790216423603],[5.1716062502465885,52.07867498698011],[5.166917256138435,52.07668122343285],[5.1601798964897965,52.08029616328988],[5.160441417123703,52.07778845558653],[5.155661677949387,52.07145596286832],[5.159502625575544,52.06726295274768],[5.15689066158557,52.06342685757432],[5.157755292408379,52.05834183819758],[5.145733712712647,52.05256373440056],[5.124456056379398,52.055256930181194],[5.121339067494434,52.054370317499185],[5.111261475203516,52.05832358384636],[5.107344363772959,52.05002560912518],[5.104397662661061,52.04993781542487],[5.097352131277824,52.05948050880789],[5.094124154681971,52.05875472513842],[5.089387903842262,52.060825659118294],[5.07052687366771,52.06186886633375],[5.064398799473597,52.0527236137066],[5.063094210190465,52.02686674867885],[5.061020770666372,52.02628198847807],[5.049495118981171,52.031204732126966],[5.038064435515321,52.04415481594406],[5.02845102797597,52.05062327691391],[5.027119595654705,52.05539561895473],[5.021133197982864,52.05624505030497],[5.018010508773974,52.062218978688875],[4.999498258417034,52.06613145110336],[5.005011261519858,52.08848530225089],[4.994216723463266,52.0903665003404],[4.989327150993524,52.10075531088308],[4.975659728804673,52.09978958809344],[4.973053720971613,52.10166054200061],[4.9760969482624215,52.10782285673365],[4.979624917983694,52.108722435585186],[4.98022784444916,52.11222566778308],[4.9700959829963125,52.12244167485179],[4.973938347798342,52.12967324335443],[4.985237993542739,52.13243713717938],[4.986398314463432,52.13525474202488],[5.002950429862026,52.14180158119791]]]}},{"type":"Feature","properties":{"i":97,"c":"GM0345","n":"Veenendaal"},"geometry":{"type":"Polygon","coordinates":[[[5.5446395439357214,52.04937331054476],[5.570852941563807,52.04799699262078],[5.567385765862426,52.040605679814824],[5.59003013609548,52.03438706710566],[5.589588680058143,52.0311765936169],[5.5867116253523506,52.03129042649724],[5.586502548132589,52.02917104688699],[5.587199613135956,52.02044993060322],[5.5902421025090945,52.02026674337836],[5.589621611770407,52.01559482024901],[5.586922247779002,52.01571318040382],[5.5860146266314645,52.01177628269761],[5.589488744681731,52.0094555268937],[5.570478577789062,51.99695836023162],[5.558045058856079,52.00363202359162],[5.553229242632973,51.99903084468713],[5.551100040908462,51.99980499020144],[5.532366010766738,52.01090013002558],[5.533676726888668,52.01266514227349],[5.512592175231498,52.018516101028226],[5.529347882461199,52.04020243187877],[5.531420146558715,52.03946881644148],[5.535409841605456,52.04147782178465],[5.538818689559093,52.04126480919583],[5.5446395439357214,52.04937331054476]]]}},{"type":"Feature","properties":{"i":98,"c":"GM0351","n":"Woudenberg"},"geometry":{"type":"Polygon","coordinates":[[[5.479079033102063,52.11742618416941],[5.49183090190987,52.11450789602799],[5.49393962480813,52.11270840329792],[5.493861743083338,52.11109726718481],[5.484301744564406,52.10554212169391],[5.486082698251873,52.09365677340575],[5.471885807343322,52.089381433337714],[5.464053568219338,52.08305618114738],[5.459678100344922,52.08200341363371],[5.459242924252477,52.08022575688898],[5.465434769309898,52.07842912540833],[5.467008828310987,52.07562723036444],[5.483897460889819,52.06965640143988],[5.496136148132101,52.07167448745049],[5.497875964583433,52.057018213697816],[5.484032185622758,52.055961817561126],[5.47719475985746,52.05285492070802],[5.4657024645926136,52.050814441178815],[5.460877295539601,52.04863795487108],[5.461138084118615,52.04725906345185],[5.4535246730503495,52.049979996204584],[5.44852976088638,52.04312322621024],[5.445702715946619,52.04525888180595],[5.435187483584535,52.0478498290837],[5.428639483052913,52.05534438312674],[5.430339907146931,52.05889093985237],[5.435105098142228,52.05951846316299],[5.436451193779111,52.061609285667814],[5.43831584082642,52.07035189381233],[5.4355812632855995,52.07287722994769],[5.422057851101185,52.07295784029668],[5.410046582235968,52.06940759696322],[5.401896331229797,52.064298576019134],[5.398956349767186,52.066938271720836],[5.400815951493882,52.067831364892555],[5.399536892962818,52.06921058977683],[5.407061228444957,52.07257682592431],[5.405893847047981,52.07522048423801],[5.388340819080648,52.074931941669085],[5.384527217250035,52.078268409693166],[5.3322508863673,52.08416338280913],[5.298300713722008,52.09644540318552],[5.322462382685968,52.101900924809556],[5.3342974574976365,52.096333249451504],[5.340567718035039,52.09503154765358],[5.378009911485149,52.0904716095686],[5.40133209616585,52.08933353720948],[5.404520868224669,52.1041064015636],[5.410158514777326,52.103263263475135],[5.421040523678983,52.096901231668795],[5.429401973758748,52.095914856193254],[5.437937946802007,52.09974400399779],[5.443806669664022,52.107074566169715],[5.457865964006582,52.10536925747139],[5.467516497237589,52.1004002619883],[5.471987320467214,52.10145568755952],[5.473707065811803,52.10475963228277],[5.476037135801681,52.10501215766883],[5.476348114394579,52.113546829345644],[5.479079033102063,52.11742618416941]]]}},{"type":"Feature","properties":{"i":99,"c":"GM0352","n":"Wijk bij Duurstede"},"geometry":{"type":"Polygon","coordinates":[[[5.342245321985697,52.020250312730326],[5.381554462328484,52.00216643933913],[5.3989055987728305,52.002922806530776],[5.415277266137488,51.99670169139361],[5.399422290492259,51.98794812796625],[5.378394149570462,51.98611942438419],[5.387590708887127,51.97630891590454],[5.394164746683266,51.97593427173389],[5.394950932144723,51.97444163514562],[5.392009635064045,51.973402582553554],[5.390976069634005,51.970730200597465],[5.379799769146191,51.96910753206708],[5.363016122525692,51.9709501092335],[5.3548360014242915,51.97018485024707],[5.347094760275688,51.96699749279516],[5.335220687040534,51.95804410214876],[5.321611260756273,51.95491917378128],[5.314856947116722,51.95561999618395],[5.300894138701417,51.96156856390141],[5.272412900767078,51.96484914310942],[5.256266299650397,51.97093920455606],[5.2660475244330325,51.97580702663856],[5.271446599066584,51.9811335333752],[5.254141132746084,51.98607069164721],[5.253325332482996,51.9923350274669],[5.256204246721485,51.993725291100326],[5.245385268189601,51.99598372278886],[5.242355107644848,51.9986619783383],[5.259562567661944,52.00099922287716],[5.264736236378957,52.003220132084664],[5.267366582465518,51.99907977302064],[5.2715753482205105,51.99777904126315],[5.27458346029544,51.99845741466082],[5.277543319542129,52.000142923867244],[5.275701641528449,52.00572028558889],[5.2801532338190915,52.00891126783554],[5.279909911545415,52.01072159104154],[5.291219991012318,52.00835381730328],[5.3146492406058075,52.02700147622753],[5.323985487513512,52.02282544881847],[5.342245321985697,52.020250312730326]]]}},{"type":"Feature","properties":{"i":100,"c":"GM0353","n":"IJsselstein"},"geometry":{"type":"Polygon","coordinates":[[[5.017191611162147,52.061098203983036],[5.02161044071638,52.0558078922539],[5.027119595654705,52.05539561895473],[5.02845102797597,52.05062327691391],[5.038064435515321,52.04415481594406],[5.049906858894481,52.03086959240169],[5.055339664241696,52.02973823254977],[5.061020770666372,52.02628198847807],[5.062912699479076,52.02669386485062],[5.07486076848573,52.003553505918916],[5.072472688233094,52.00021062610378],[5.075704128288618,52.00091937435719],[5.077717553369486,51.99870497486773],[5.077535243077963,51.99745183591054],[5.066286186493902,51.994073410609836],[5.062638116826846,51.991233081396835],[5.053082257350108,51.995384665436475],[5.054240258317546,51.996318712519574],[5.042555256256712,52.005635534835484],[5.034062766051225,52.003845928128676],[5.02029537091684,52.02562707270597],[4.995194698761786,52.021720384798584],[4.994046259455925,52.029740066859276],[4.9831389811465145,52.02778455539287],[4.9783791187676005,52.03972311158059],[4.983276645614283,52.040236668179716],[4.990329770446462,52.05246557464987],[4.996905753091224,52.05289760974655],[5.00493433729831,52.055558632103605],[5.010283667005553,52.053741023162914],[5.017191611162147,52.061098203983036]]]}},{"type":"Feature","properties":{"i":101,"c":"GM0355","n":"Zeist"},"geometry":{"type":"Polygon","coordinates":[[[5.2383598062158905,52.16777471545629],[5.243065069200773,52.17027726895139],[5.254793959996044,52.14951592674071],[5.255915566480577,52.13672406390079],[5.2641018227239265,52.12508007380141],[5.271936111896898,52.12704553712791],[5.282138309690495,52.11206293005771],[5.291823459436529,52.114542759842166],[5.3078645755538805,52.10969484243798],[5.322462382685968,52.101900924809556],[5.298300713722008,52.09644540318552],[5.3322508863673,52.08416338280913],[5.332609277255151,52.078742782085094],[5.3204596868679985,52.070330928304976],[5.290760143293637,52.08656772577191],[5.2578897676544445,52.06588231966689],[5.25642021320832,52.0630037795977],[5.24783108542205,52.058798100640345],[5.223818986183773,52.05945126588748],[5.218460263749161,52.06023876798202],[5.225021987086999,52.06492174176219],[5.200548154601575,52.076812178662685],[5.195154971679589,52.077346289518644],[5.192752059064002,52.08607645247595],[5.2055246184065265,52.08489559426212],[5.205517204423362,52.08682955051186],[5.207229760522821,52.086439272705974],[5.2105876378957685,52.090314430348165],[5.20860875448116,52.093618914627534],[5.212727198663284,52.09767433159728],[5.210814685164206,52.10072707583029],[5.222328886692381,52.1038932494958],[5.218219182294563,52.11367266753546],[5.230930387533805,52.116788889403736],[5.224998822481588,52.165699615017004],[5.236315790283609,52.16745825473647],[5.236156395896108,52.171148949027646],[5.2379007228891625,52.171250914621325],[5.2383598062158905,52.16777471545629]]]}},{"type":"Feature","properties":{"i":102,"c":"GM0356","n":"Nieuwegein"},"geometry":{"type":"Polygon","coordinates":[[[5.074071580556386,52.06225556971238],[5.089986242079174,52.060728812669055],[5.094124154681971,52.05875472513842],[5.097352131277824,52.05948050880789],[5.104397662661061,52.04993781542487],[5.107344363772959,52.05002560912518],[5.111261475203516,52.05832358384636],[5.12056941451931,52.05450318465678],[5.126831958019151,52.054918228259965],[5.124717973547125,52.04991544379917],[5.129681645664538,52.04986419799043],[5.121774162656425,52.03043280784338],[5.13099327907913,52.02472381259443],[5.128386274556012,52.02478111127588],[5.119563211447595,51.99992413786378],[5.103214051195779,52.003026701143604],[5.091047527217318,52.00177300290771],[5.077535243077963,51.99745183591054],[5.075704128288618,52.00091937435719],[5.072472688233094,52.00021062610378],[5.07486076848573,52.003553505918916],[5.065629415412638,52.018631636010106],[5.062511477555917,52.02860275544286],[5.064729073650684,52.053861993885256],[5.069637678185102,52.061412753035285],[5.074071580556386,52.06225556971238]]]}},{"type":"Feature","properties":{"i":103,"c":"GM0358","n":"Aalsmeer"},"geometry":{"type":"Polygon","coordinates":[[[4.80988369376125,52.30577610392926],[4.823792829987595,52.2898064288248],[4.7950853385199,52.26025609543773],[4.768471332387574,52.2479303370935],[4.768504643424624,52.24468850909293],[4.773271521547752,52.24103402275348],[4.723301961412691,52.216353869165076],[4.724154532373842,52.23237133750797],[4.703714237275514,52.233789195435044],[4.696494090739388,52.23221648377228],[4.6861509955342,52.22661013662455],[4.676699024401584,52.225925524285145],[4.670293394871782,52.23079527489967],[4.6773272478845875,52.23456157157308],[4.681248683543658,52.23914288921082],[4.7017568504270155,52.244401964887395],[4.713220180073588,52.255400901068136],[4.720785657546955,52.2587815032701],[4.725940939569814,52.263371036195245],[4.739579235684226,52.26774849074746],[4.746699288296474,52.27225335636507],[4.764012465255481,52.276417700746926],[4.779910315906244,52.28313029931373],[4.789562320081984,52.28953305014592],[4.79576153663075,52.29942802084197],[4.803749738703341,52.303604396816034],[4.80988369376125,52.30577610392926]]]}},{"type":"Feature","properties":{"i":104,"c":"GM0361","n":"Alkmaar"},"geometry":{"type":"Polygon","coordinates":[[[4.749748562914906,52.68240581766022],[4.779025774209407,52.67648396371525],[4.779091589676805,52.67467965813158],[4.774486666858336,52.665330198653606],[4.778042042300755,52.66431777076024],[4.7729810673842366,52.65340362975804],[4.775710977870086,52.65286338281962],[4.773669373516043,52.64835445391043],[4.800509468323386,52.660240921613344],[4.799030347248191,52.65408358757969],[4.785278977306853,52.63811468516292],[4.791767946112884,52.638530581769764],[4.807816215125205,52.6339896848879],[4.83022461368526,52.632677864006475],[4.838549298624504,52.64613782570462],[4.842635469845207,52.645962816117915],[4.847476480303408,52.6420331261999],[4.860645579862773,52.63909206254414],[4.863881992315635,52.635359506014105],[4.880722534177677,52.633693031563986],[4.884792880491765,52.63127391619477],[4.8894143116919,52.62403260199973],[4.883992167025343,52.613138557104584],[4.922427206892212,52.61147119850088],[4.926925471537784,52.606697003388575],[4.915415364085471,52.608650659164866],[4.898774092195328,52.601599513163436],[4.8900104710937695,52.59418826672564],[4.886444671116629,52.58626769123461],[4.880215985669751,52.58030894577538],[4.8656270030068525,52.573705444109585],[4.861449335128594,52.56240750237289],[4.851828284445997,52.55483163841138],[4.842278025246562,52.543493491345224],[4.833910386347689,52.53896035312107],[4.824461714457861,52.542689312121304],[4.8169929957395885,52.53564821257278],[4.824451328902472,52.53383456576714],[4.821581753396317,52.5318774012644],[4.811626573477756,52.530190504864265],[4.8049233515483785,52.52543553548389],[4.79828427685588,52.52436048336237],[4.792439651680912,52.519725206333405],[4.788373375714879,52.51916418731029],[4.782476458831745,52.51958096433862],[4.777795827564181,52.53199249133249],[4.7778861834664195,52.544192891639206],[4.78162284645907,52.55710224198972],[4.752932440753006,52.56262822922585],[4.745083763376174,52.56685153283604],[4.756477863277788,52.591568343635764],[4.737461909991861,52.59385829796653],[4.736413018374817,52.605460283826076],[4.733347835586407,52.60754719216725],[4.73945107618846,52.613868177618045],[4.728850598384258,52.61978505708421],[4.714586524316688,52.6247819025463],[4.7152867436134445,52.625819720065195],[4.709796383825992,52.628723832009506],[4.7114185583303225,52.62988702788842],[4.708275693004499,52.63084959342598],[4.710037897857341,52.64248612309931],[4.714200941666427,52.64282162608634],[4.712814555476973,52.64621062594908],[4.717609117125923,52.6466497687562],[4.716908091681193,52.64959347648496],[4.722676470845751,52.64936490384551],[4.721793071912827,52.6507250229905],[4.729368632497826,52.656203596771306],[4.725707163008237,52.657309418790476],[4.732853378663301,52.65989002032097],[4.731199358060612,52.661708105408266],[4.7352818908686,52.66139688172869],[4.734099575064875,52.66293061926111],[4.739034208618475,52.66297766140151],[4.7426054619047955,52.6611816116345],[4.751747148409876,52.66967539429199],[4.752410998351625,52.67144555286864],[4.747707278277183,52.676850318818666],[4.741741608617797,52.6808068717767],[4.749748562914906,52.68240581766022]]]}},{"type":"Feature","properties":{"i":105,"c":"GM0362","n":"Amstelveen"},"geometry":{"type":"Polygon","coordinates":[[[4.855994404045414,52.33007643387103],[4.856754887004276,52.32141329111912],[4.896291649775537,52.32241986283206],[4.909151213515217,52.31814530425912],[4.905390629864329,52.315912740045455],[4.9076781865671135,52.306572196195326],[4.8985277832504215,52.29985800238944],[4.9010940694514415,52.29616017896633],[4.8920798692520036,52.29493183956744],[4.890913311007304,52.29149401327965],[4.887074572354978,52.2897384472713],[4.889731415134157,52.2874846150713],[4.885759630504717,52.286489185968335],[4.878909654004925,52.27924023855986],[4.881629633790468,52.27446286002484],[4.879470152802625,52.26707561261347],[4.8823448324441205,52.26403950748476],[4.878462667725714,52.261474250572576],[4.873624640392506,52.26089140303952],[4.868779159530935,52.251698348961675],[4.857521717553051,52.24772305977302],[4.854098600441057,52.2418678237392],[4.834811159091243,52.24994666259285],[4.794545502397051,52.26084820436752],[4.823860423596338,52.28993755176358],[4.80988369376125,52.30577610392926],[4.816773980852382,52.31107786696111],[4.818752571839508,52.32556026216451],[4.839405275672791,52.32735936290749],[4.839476485396356,52.32914569858368],[4.8439609643525365,52.33021848696566],[4.855994404045414,52.33007643387103]]]}},{"type":"Feature","properties":{"i":106,"c":"GM0363","n":"Amsterdam"},"geometry":{"type":"MultiPolygon","coordinates":[[[[5.014745992254007,52.347007936594785],[5.009613962111356,52.34203374809575],[4.999320654335152,52.34153632891863],[4.969594781826193,52.35610168235391],[4.965822862332267,52.354696678825555],[4.949548297755721,52.33837864687197],[4.936511667850981,52.3345919918417],[4.928493322509877,52.33655481908276],[4.9237652850743405,52.33544267778055],[4.922550464709117,52.333084199262714],[4.912931720275922,52.33051041816147],[4.913881307114152,52.324551540039295],[4.910334169781144,52.323566328228566],[4.914281498927456,52.32040798231835],[4.912375607129453,52.31824801477624],[4.896291649775537,52.32241986283206],[4.856754887004276,52.32141329111912],[4.855924355382718,52.33031781949037],[4.8439609643525365,52.33021848696566],[4.839476485396356,52.32914569858368],[4.839405275672791,52.32735936290749],[4.818425787209979,52.325557199627625],[4.797765491194837,52.33528251964149],[4.7905412005009005,52.341841694736274],[4.755314015913792,52.356537053194124],[4.75857468468483,52.371594354816594],[4.756433873807784,52.37776354414901],[4.759124708669768,52.3793292482046],[4.757818089449303,52.39666338903425],[4.728758928786511,52.40071135200887],[4.739208096919776,52.43106383388932],[4.856078012038493,52.416662171473696],[4.859857714337676,52.42047370027797],[4.857947579759043,52.42471710962688],[4.862677454652346,52.42994131914188],[4.8707409705262235,52.43039461241665],[4.877666292064152,52.42588281497341],[4.892458063124956,52.425448961887156],[4.901885797860558,52.42362301758624],[4.930715884491968,52.41160758559583],[4.944068987890702,52.414342481396716],[4.947788575475427,52.421562245289856],[4.951481367206727,52.421929748841464],[4.951332245982251,52.42322617170863],[4.952769748035203,52.42367940914866],[4.955949733658461,52.421954407441525],[4.973319809817831,52.42279733833872],[4.982636420832095,52.4267622965622],[4.987101493226076,52.4228417020466],[4.9904451990193275,52.425520784140836],[5.000156687504799,52.425443123213775],[5.018205110574105,52.419059553601386],[5.021610886498149,52.421222053294024],[5.028357308945623,52.41941642929072],[5.030044793147939,52.41564349995812],[5.035470171744628,52.41827396424625],[5.049177134812343,52.415129276715064],[5.068269839008021,52.41655785829687],[5.074261628427736,52.41383846398537],[5.079162221016443,52.38865412091212],[5.037679685440306,52.375401270034835],[5.039056501152306,52.3545755769125],[5.014745992254007,52.347007936594785]]],[[[4.981625574515776,52.33080407223907],[4.989938010287566,52.327209403415225],[4.997860333893399,52.31397885438826],[5.016133680929735,52.32451212576267],[5.016653254959412,52.32298690001933],[5.018489480888483,52.32329498340501],[5.017273291928013,52.330186715230845],[5.02195410719251,52.33087193630937],[5.03918777482242,52.32914373753275],[5.061513567424491,52.323674721683],[5.061468426124183,52.32174710095909],[5.05674179244163,52.31959943859226],[5.058340032102414,52.316317296009515],[5.065259457380813,52.31918152403205],[5.065858825505718,52.32223747619809],[5.092966304419472,52.31420150699063],[5.092125954895238,52.31301374528485],[5.100554105270075,52.31043692253702],[5.096257259331272,52.30686354667703],[5.097186934567227,52.29995276833346],[5.107687874624176,52.29725019465024],[5.106065061819684,52.29466849277642],[5.0984735430954276,52.29163615436641],[5.104700161325678,52.285561192120944],[5.102065808012643,52.279890840821295],[5.087704174585012,52.28168492928458],[5.0846155185648145,52.27940750869639],[5.077081954003408,52.277976613217604],[5.064627930172103,52.2782636296839],[5.065471488013103,52.28519816122829],[5.059540300678951,52.28932013722826],[5.0527691460712845,52.2864852588948],[5.050404332048265,52.28787198650097],[5.042778658857407,52.28248814342133],[5.030528419199456,52.288487185379395],[5.024381634026845,52.281357450835685],[5.021867210335102,52.28265327298401],[5.021543197750203,52.30245685410933],[5.014264635656915,52.30367703977674],[5.00383450590892,52.29850932023583],[5.0017893471344905,52.29279291183658],[4.997475368621308,52.28911835905605],[4.983505891974225,52.29036814074988],[4.969726307902007,52.28312083183552],[4.96767433829888,52.279582305366795],[4.966165619974444,52.28097984413487],[4.962243970240719,52.280206531520605],[4.961053635578966,52.27817420516387],[4.955240526213305,52.27830490581886],[4.929328207491762,52.30853211240542],[4.938723884613838,52.31509106966472],[4.941042847466026,52.31961979284011],[4.937619079286667,52.32329938741103],[4.94049379205633,52.32567782479592],[4.947658677303463,52.32813828271107],[4.952675654769862,52.322644044078814],[4.967541190422339,52.32775759353305],[4.970254483322382,52.326169307431094],[4.97530711953543,52.330561679917686],[4.981625574515776,52.33080407223907]]]]}},{"type":"Feature","properties":{"i":107,"c":"GM0373","n":"Bergen (NH.)"},"geometry":{"type":"Polygon","coordinates":[[[4.6510400108561365,52.75584691238507],[4.671148532111275,52.74060663855068],[4.678799696568835,52.739226751910934],[4.683528609507844,52.733536513747765],[4.6898223613626095,52.73299197268519],[4.692646677528532,52.7310053058325],[4.715807132323199,52.710047287836744],[4.720223236246832,52.69745775350878],[4.747707278277183,52.676850318818666],[4.7523703403930115,52.67076582260469],[4.7426054619047955,52.6611816116345],[4.739034208618475,52.66297766140151],[4.734099575064875,52.66293061926111],[4.7352818908686,52.66139688172869],[4.731199358060612,52.661708105408266],[4.732853378663301,52.65989002032097],[4.725707163008237,52.657309418790476],[4.729368632497826,52.656203596771306],[4.721793071912827,52.6507250229905],[4.722676470845751,52.64936490384551],[4.716908091681193,52.64959347648496],[4.717609117125923,52.6466497687562],[4.712814555476973,52.64621062594908],[4.714200941666427,52.64282162608634],[4.710037897857341,52.64248612309931],[4.708275693004499,52.63084959342598],[4.7152867436134445,52.625819720065195],[4.710875483920057,52.621920659080395],[4.707955071057971,52.62034832438481],[4.689993182917232,52.623751040145116],[4.685635124354728,52.61951031677872],[4.68369286935026,52.61267229518984],[4.678365162489544,52.605829837795184],[4.674442624902103,52.60377146467483],[4.672581365771308,52.59090410521048],[4.655432918403134,52.5855371574728],[4.655274574781616,52.58293037315146],[4.610371012742389,52.573699930426315],[4.594074430809376,52.57548203459933],[4.611468224306149,52.65551980628552],[4.611190901770215,52.662860660453774],[4.6169552875767135,52.68229275036903],[4.623756562819798,52.72577189769353],[4.634478581764348,52.758328852711074],[4.6510400108561365,52.75584691238507]]]}},{"type":"Feature","properties":{"i":108,"c":"GM0375","n":"Beverwijk"},"geometry":{"type":"Polygon","coordinates":[[[4.666398558729656,52.50146687870052],[4.677993438415145,52.493364616194704],[4.690382967320527,52.4908303821082],[4.694741582355306,52.49133913550531],[4.695508860316766,52.48738546981078],[4.699666008634437,52.489799233960795],[4.707974827902271,52.48630302435677],[4.705472024118172,52.48185623580075],[4.700728961805269,52.48023677071897],[4.695245700272629,52.468539402023616],[4.684266302927417,52.46352103565731],[4.685069353344055,52.46255679538296],[4.674848022102094,52.455520411971676],[4.661924747770485,52.46175677671855],[4.667605906027164,52.4684262217305],[4.653333228383564,52.47715474006416],[4.64928270123363,52.476531545787346],[4.64673624860348,52.47708158314464],[4.646924808446058,52.478570573984605],[4.613553366290136,52.48380308631955],[4.604049615484963,52.481468479567425],[4.596435834025821,52.48588405737917],[4.566312337248067,52.49274412335904],[4.571494447197203,52.50203579178757],[4.599930667877993,52.4972609580585],[4.598635797519097,52.495944539198696],[4.604313825996335,52.494388846130484],[4.6114737229683636,52.496630921809476],[4.634999688259548,52.49952910815515],[4.6553793317638466,52.49792524358034],[4.666398558729656,52.50146687870052]]]}},{"type":"Feature","properties":{"i":109,"c":"GM0376","n":"Blaricum"},"geometry":{"type":"Polygon","coordinates":[[[5.3054552669851045,52.3076311801153],[5.335461441237505,52.290218418349056],[5.305834429773858,52.277328573085676],[5.2659776919659205,52.28192617172989],[5.244081130438458,52.25466278830516],[5.2258967760046415,52.267976458766945],[5.225507904807025,52.272908876610714],[5.209244444981039,52.265934518572365],[5.203821977976062,52.26711509263029],[5.207222371606829,52.27434898320429],[5.210888978766288,52.277351138270284],[5.227729229110468,52.277125492642085],[5.23249228054479,52.281270231488556],[5.246490720079326,52.28228364595574],[5.271077630654513,52.29094891929731],[5.277499743292052,52.29601685992786],[5.280911791526898,52.293780738771325],[5.3054552669851045,52.3076311801153]]]}},{"type":"Feature","properties":{"i":110,"c":"GM0377","n":"Bloemendaal"},"geometry":{"type":"Polygon","coordinates":[[[4.5878228726311425,52.43443644096844],[4.6249921946712265,52.42349222894395],[4.623576328689588,52.422075071556236],[4.6259139767786905,52.420556909505024],[4.626399068894301,52.41652884232369],[4.628735498902102,52.41584441759137],[4.627617970382718,52.412597602862306],[4.631647597052339,52.41166554758456],[4.621605773473768,52.38798176011027],[4.610819513049287,52.38982113722179],[4.6085518949679525,52.38544363967031],[4.604023081536936,52.3853286123169],[4.600530924933289,52.38292103341074],[4.599520324910936,52.377353155888144],[4.601526442220244,52.37227825734697],[4.604586480226148,52.371355260305315],[4.604157740960056,52.36759250215628],[4.607323889643574,52.3670447183541],[4.590186117036557,52.328352627780326],[4.59729229827064,52.32783128448859],[4.611383865461488,52.3222045840298],[4.611676040277476,52.313559916666435],[4.596505267201911,52.31775283179452],[4.587686423785756,52.31788092510851],[4.587486139238248,52.31676214158885],[4.583272457025381,52.318395053897305],[4.5732405590970355,52.31535552407449],[4.5689550643615,52.316512568014254],[4.563707433367594,52.309298012170046],[4.547322261153764,52.31399660229647],[4.591658967002019,52.391715698794414],[4.526045099457213,52.40516737438671],[4.539973652262321,52.42787774028957],[4.5440652762178795,52.43930241012785],[4.5878228726311425,52.43443644096844]]]}},{"type":"Feature","properties":{"i":111,"c":"GM0383","n":"Castricum"},"geometry":{"type":"Polygon","coordinates":[[[4.598665696473604,52.53107397454513],[4.583320874815787,52.53389207361725],[4.594074430809376,52.57548203459933],[4.610371012742389,52.573699930426315],[4.655274574781616,52.58293037315146],[4.655432918403134,52.5855371574728],[4.672581365771308,52.59090410521048],[4.673990403083371,52.58988643118292],[4.670645315773743,52.58878585922863],[4.671641319837811,52.58729803189304],[4.677634576730623,52.585574642000374],[4.6775971013910755,52.58423546809728],[4.686247814600892,52.58297768881041],[4.685317228833789,52.58097671104273],[4.691218436971774,52.5795542080793],[4.696856839163701,52.57897163206833],[4.698318835861709,52.5818596147202],[4.724883311563813,52.5787371249516],[4.727092234287116,52.579738522125595],[4.739992729315417,52.578928141139365],[4.744455867318042,52.5902884087155],[4.75096846630254,52.58911879413793],[4.752431530637208,52.592584728328774],[4.754938232329776,52.59219432736362],[4.756477863277788,52.591568343635764],[4.744853156285076,52.56711599920753],[4.752932440753006,52.56262822922585],[4.78162284645907,52.55710224198972],[4.7778861834664195,52.544192891639206],[4.777733438305249,52.533744880810396],[4.768019001183339,52.534634517354675],[4.762266297684286,52.5375280885083],[4.75527555672984,52.535735555064434],[4.725453542412619,52.546551983649245],[4.719804467187048,52.54385454540512],[4.718859817358189,52.55164250960678],[4.705897652262906,52.548223396270835],[4.706431103610074,52.54629493410376],[4.703692819462943,52.54539640304519],[4.694532748842722,52.54418821018181],[4.697613011817358,52.5292134390119],[4.695736165915098,52.52672806730712],[4.659882638487734,52.53176341101264],[4.653075558987249,52.53068873205434],[4.598665696473604,52.53107397454513]]]}},{"type":"Feature","properties":{"i":112,"c":"GM0384","n":"Diemen"},"geometry":{"type":"Polygon","coordinates":[[[4.970328741551127,52.35602815240416],[4.999320654335152,52.34153632891863],[5.009527459953083,52.342004154221755],[5.015899097131609,52.348322872236224],[5.039056501152306,52.3545755769125],[5.039969156852569,52.3412660120055],[5.0237388507334835,52.33654201741016],[5.016122378378996,52.33264341009606],[5.01279385478185,52.33020742817981],[5.016133680929735,52.32451212576267],[4.997860333893399,52.31397885438826],[4.9907417687148685,52.32634684049398],[4.984788468558166,52.33048125450906],[4.97530711953543,52.330561679917686],[4.970254483322382,52.326169307431094],[4.967541190422339,52.32775759353305],[4.952675654769862,52.322644044078814],[4.947658677303463,52.32813828271107],[4.94471619165005,52.3271297193271],[4.942693555877589,52.329334268730186],[4.948900824374374,52.331462912892825],[4.946005996354562,52.333767606536725],[4.949701348918963,52.338727460672104],[4.953837037276761,52.34106065855029],[4.965822862332267,52.354696678825555],[4.970328741551127,52.35602815240416]]]}},{"type":"Feature","properties":{"i":113,"c":"GM0385","n":"Edam-Volendam"},"geometry":{"type":"Polygon","coordinates":[[[5.059463220901411,52.485612632798805],[5.059094937018065,52.49095567106195],[5.038611551462718,52.48831668545399],[5.03190375886771,52.48867173333893],[5.0246338125393075,52.48456840574407],[4.997964433638147,52.49473277042898],[5.0247000586133135,52.522402730425],[5.008968083054369,52.52770609159885],[5.001030815052597,52.52688890405394],[4.992270068959973,52.519733477609556],[4.967422677923335,52.52732572375063],[4.956998750816812,52.52911036065261],[4.961952001850984,52.536348142207544],[4.976455563565181,52.546618732931826],[4.976519961537718,52.56117159659033],[4.997165122735177,52.57515768873043],[4.99189451416085,52.582234364565714],[4.979921980660893,52.58698953094635],[4.955168349896869,52.57997975812802],[4.949389500782204,52.594824736527016],[5.004881213990656,52.59757305174143],[5.007949381284269,52.60779907484277],[5.0065739953352475,52.6105061200503],[5.018853051149777,52.61243751007946],[5.027030923602921,52.61260604833549],[5.060428139316123,52.57893613501088],[5.100721613730054,52.5080405986704],[5.112987773264616,52.49788606628821],[5.059463220901411,52.485612632798805]]]}},{"type":"Feature","properties":{"i":114,"c":"GM0388","n":"Enkhuizen"},"geometry":{"type":"Polygon","coordinates":[[[5.286673447674596,52.68938002984769],[5.268962125165864,52.680268254421165],[5.259189513361153,52.68630353286347],[5.254318886082591,52.74701061444378],[5.259341241310607,52.744870058679254],[5.2699868055616665,52.745183916667514],[5.27438737768927,52.75063376964009],[5.211337516119388,52.800405700577535],[5.281178904812311,52.84063142893411],[5.377259770836858,52.764805207347855],[5.361146854373946,52.675726426364754],[5.301635260119559,52.69242668285512],[5.287618846658062,52.69165631190445],[5.286673447674596,52.68938002984769]]]}},{"type":"Feature","properties":{"i":115,"c":"GM0392","n":"Haarlem"},"geometry":{"type":"Polygon","coordinates":[[[4.650689471061572,52.42853650361847],[4.669856847121926,52.423666233724205],[4.674372408954359,52.418634229823695],[4.681227178485865,52.41933145286062],[4.68249588605563,52.41336881040121],[4.676518650547109,52.40996335593418],[4.6719623433399065,52.409447078433644],[4.6743794370216065,52.4064693207204],[4.668816210608187,52.40416280282611],[4.668664577459232,52.401399405793796],[4.678685686294664,52.39947745776334],[4.673198870613025,52.39368795126621],[4.674491048879719,52.39092298872995],[4.681190362451881,52.39028666661382],[4.682595868910557,52.38821608893152],[4.686921137177586,52.38744370694098],[4.685597250408585,52.38297744640198],[4.671471165817646,52.37207322804424],[4.676452459478614,52.356256229340076],[4.675285337716352,52.352477694872874],[4.649410879472376,52.34059989261347],[4.63964801771084,52.33890608137281],[4.640385597014767,52.34983365656846],[4.634930648026234,52.355909107517604],[4.636971413343609,52.361148377528664],[4.617903384539141,52.361471787239616],[4.60572367542039,52.36340486130521],[4.607323889643574,52.3670447183541],[4.604157740960056,52.36759250215628],[4.604586480226148,52.371355260305315],[4.601526442220244,52.37227825734697],[4.600068379364294,52.38081377127144],[4.602060341687544,52.38465408636132],[4.6085518949679525,52.38544363967031],[4.610819513049287,52.38982113722179],[4.621605773473768,52.38798176011027],[4.631647753651097,52.41166584518185],[4.636183773572146,52.41082019103849],[4.650689471061572,52.42853650361847]]]}},{"type":"Feature","properties":{"i":116,"c":"GM0394","n":"Haarlemmermeer"},"geometry":{"type":"Polygon","coordinates":[[[4.739208096919776,52.43106383388932],[4.728758928786511,52.40071135200887],[4.75785753003526,52.39658744535488],[4.759124708669768,52.3793292482046],[4.756433873807784,52.37776354414901],[4.75857468468483,52.371594354816594],[4.755314015913792,52.356537053194124],[4.7905412005009005,52.341841694736274],[4.797765491194837,52.33528251964149],[4.8171287799249844,52.326920263633006],[4.819156612061875,52.32391555831655],[4.8167139400354095,52.31098922666364],[4.809878242989853,52.30577243723093],[4.79576153663075,52.29942802084197],[4.789562320081984,52.28953305014592],[4.779910315906244,52.28313029931373],[4.764012465255481,52.276417700746926],[4.746699288296474,52.27225335636507],[4.739579235684226,52.26774849074746],[4.72942828093775,52.2650053722451],[4.713220180073588,52.255400901068136],[4.7016190039804595,52.24432708546241],[4.681248683543658,52.23914288921082],[4.6773272478845875,52.23456157157308],[4.665317657290632,52.227685650449715],[4.646609871542059,52.22096973180951],[4.632456503730183,52.21614259550338],[4.618149753922487,52.21446840931111],[4.6017074966986655,52.21465106246009],[4.583553196004669,52.21887420993917],[4.5713962551256015,52.216958921503334],[4.5569810979111445,52.21909582127812],[4.550470362776421,52.22674472000862],[4.554208114008877,52.23139749605986],[4.562936945103601,52.234758184766854],[4.56952080387541,52.25969116007818],[4.567922400361408,52.26797677560242],[4.58859863209268,52.28068069496067],[4.597970330582444,52.2973755599244],[4.611533102105124,52.312240093966885],[4.612661298011766,52.32720072391064],[4.619777945896169,52.33358669264455],[4.631057609620461,52.33765831784653],[4.649046107718178,52.340465018506634],[4.672855818410845,52.350747902798],[4.676106657709247,52.35354868732524],[4.671471165817646,52.37207322804424],[4.685597250408585,52.38297744640198],[4.686921137177586,52.38744370694098],[4.682595868910557,52.38821608893152],[4.681190362451881,52.39028666661382],[4.674428806134371,52.39099138902598],[4.673198870613025,52.39368795126621],[4.678685686294664,52.39947745776334],[4.668664577459232,52.401399405793796],[4.668816210608187,52.40416280282611],[4.6743794370216065,52.4064693207204],[4.6719623433399065,52.409447078433644],[4.681130565582191,52.41231705511325],[4.7005372244425345,52.42551292168808],[4.71065498130203,52.42769275791091],[4.7219830950756485,52.433336172705715],[4.739208096919776,52.43106383388932]]]}},{"type":"Feature","properties":{"i":117,"c":"GM0396","n":"Heemskerk"},"geometry":{"type":"Polygon","coordinates":[[[4.660057627257746,52.5317378170338],[4.695736165915098,52.52672806730712],[4.690496540993132,52.51863343095984],[4.692559989608027,52.51067713892223],[4.695314304296304,52.50972742548376],[4.694393409677318,52.50782594007185],[4.709151741232069,52.50985641499619],[4.7079375639041245,52.506141158592236],[4.706096121495205,52.506658442769094],[4.703442727572994,52.50310441615062],[4.705423761612343,52.5001075248077],[4.711703867202448,52.496816879136205],[4.720367093550109,52.49495391677748],[4.713865687521488,52.49268341301258],[4.707968884397965,52.48633244276347],[4.699666008634437,52.489799233960795],[4.695508860316766,52.48738546981078],[4.694741582355306,52.49133913550531],[4.690382967320527,52.4908303821082],[4.677993438415145,52.493364616194704],[4.666054124152693,52.501744031123245],[4.6553793317638466,52.49792524358034],[4.634999688259548,52.49952910815515],[4.6114737229683636,52.496630921809476],[4.604313825996335,52.494388846130484],[4.598635797519097,52.495944539198696],[4.599930667877993,52.4972609580585],[4.571494447197203,52.50203579178757],[4.583320874815787,52.53389207361725],[4.598665696473604,52.53107397454513],[4.653075558987249,52.53068873205434],[4.660057627257746,52.5317378170338]]]}},{"type":"Feature","properties":{"i":118,"c":"GM0397","n":"Heemstede"},"geometry":{"type":"Polygon","coordinates":[[[4.60572367542039,52.36340486130521],[4.617903384539141,52.361471787239616],[4.625628790398192,52.36212637125532],[4.630340573354874,52.36064680067544],[4.6366263383292425,52.36148418064636],[4.637607126651535,52.359504433715415],[4.634930648026234,52.355909107517604],[4.6403141996603665,52.35005300601312],[4.641033667981723,52.343985560332676],[4.63964801771084,52.33890608137281],[4.629740835064178,52.33731023132789],[4.617619326777459,52.33237925545649],[4.612144253484821,52.3264178619638],[4.611383865461488,52.3222045840298],[4.59729229827064,52.32783128448859],[4.590186117036557,52.328352627780326],[4.603870633681193,52.36079996725358],[4.60572367542039,52.36340486130521]]]}},{"type":"Feature","properties":{"i":119,"c":"GM0399","n":"Heiloo"},"geometry":{"type":"Polygon","coordinates":[[[4.714586524316688,52.6247819025463],[4.73945107618846,52.613868177618045],[4.733347835586407,52.60754719216725],[4.736413018374817,52.605460283826076],[4.737461909991861,52.59385829796653],[4.752138625467999,52.59189089277659],[4.75096846630254,52.58911879413793],[4.744455867318042,52.5902884087155],[4.739992729315417,52.578928141139365],[4.727092234287116,52.579738522125595],[4.724883311563813,52.5787371249516],[4.698318835861709,52.5818596147202],[4.696856839163701,52.57897163206833],[4.693623196253782,52.57917426381464],[4.685317228833789,52.58097671104273],[4.686247814600892,52.58297768881041],[4.6775971013910755,52.58423546809728],[4.677634576730623,52.585574642000374],[4.6706492872416705,52.588541613375455],[4.673990403083371,52.58988643118292],[4.672232622966728,52.5919007182473],[4.674442624902103,52.60377146467483],[4.678365162489544,52.605829837795184],[4.683586787852628,52.612531670724714],[4.685561026610229,52.61942303446967],[4.689993182917232,52.623751040145116],[4.707955071057971,52.62034832438481],[4.714586524316688,52.6247819025463]]]}},{"type":"Feature","properties":{"i":120,"c":"GM0400","n":"Den Helder"},"geometry":{"type":"Polygon","coordinates":[[[4.808329820521222,52.914343104939654],[4.804531786594972,52.91048705028362],[4.794909201778529,52.912578277031415],[4.7709389206719015,52.87862622920688],[4.629450657182545,52.8897219400497],[4.6462012814951414,52.94106928723468],[4.741033739188506,52.98024376506405],[4.791652829592622,52.980506598396516],[4.876246567599739,53.02197818058573],[4.92583796401342,52.963126894843136],[4.874999978135469,52.89036240454618],[4.808329820521222,52.914343104939654]]]}},{"type":"Feature","properties":{"i":121,"c":"GM0402","n":"Hilversum"},"geometry":{"type":"Polygon","coordinates":[[[5.12634930751054,52.27867611514812],[5.1330681771029125,52.27866760023639],[5.143945677901933,52.27430125241277],[5.143798488962926,52.269760199948514],[5.137723698353201,52.26306357518395],[5.13760933012815,52.25960390474757],[5.161808367762589,52.25992643248242],[5.162128839202173,52.25579580371411],[5.180355414308092,52.264164914553156],[5.201117096793867,52.26813994926745],[5.203821977976062,52.26711509263029],[5.188852859578143,52.24765056706],[5.1989507281625835,52.24084805407983],[5.218960323919164,52.21212871847717],[5.217214079865433,52.206232789934425],[5.192585966447547,52.17783294963171],[5.124110589313233,52.18082739596406],[5.12193900441216,52.18558027815075],[5.136496327250657,52.19060196328871],[5.145679547496164,52.197774354933195],[5.140526789883136,52.20727268701506],[5.142512040798559,52.20780361335787],[5.142436024443694,52.20870696251925],[5.139828259419864,52.20798031630809],[5.1339431447627035,52.21429483605754],[5.12252675883054,52.21882509949493],[5.122298736450658,52.22075096711024],[5.130008319497662,52.22149102891565],[5.12794469637676,52.22440382581257],[5.141791305069059,52.2254934755533],[5.142277249206028,52.24331684454658],[5.14004796356167,52.24577423828719],[5.139604522529948,52.25401479323371],[5.136801242760705,52.25395055810905],[5.136470566834938,52.259816078960185],[5.1256608349288415,52.26014699571503],[5.1193446489571794,52.273417915225096],[5.103254515937584,52.27746541948126],[5.102013313956561,52.28165404342281],[5.104646016747754,52.28538466891974],[5.1072273551152945,52.28547967865827],[5.121851167708845,52.281705186957396],[5.12634930751054,52.27867611514812]]]}},{"type":"Feature","properties":{"i":122,"c":"GM0405","n":"Hoorn"},"geometry":{"type":"Polygon","coordinates":[[[5.106279724766168,52.63582728614766],[5.094862394318488,52.63230373892876],[5.125219719706368,52.615173877341306],[5.135305664114523,52.60393718732967],[5.060428139316123,52.57893613501088],[5.027030923602921,52.61260604833549],[5.020493813211947,52.630007838685714],[5.013536648342489,52.63043138462652],[5.017125288883542,52.637466960209615],[5.032159660645573,52.644176747189235],[5.038140187643577,52.64893429180889],[5.03904290305207,52.655863588801346],[5.034762672018379,52.66655635623246],[5.0355399917619,52.67045296460838],[5.063455470392919,52.67313339212058],[5.062291813971367,52.67670763522635],[5.086730400903624,52.68436548457207],[5.09857469483032,52.671743804514286],[5.096266103816007,52.669722864076135],[5.106554065106331,52.663149888063316],[5.110620686154326,52.65675288940249],[5.119414042570498,52.651163232346015],[5.1019293534420775,52.6471807520403],[5.106279724766168,52.63582728614766]]]}},{"type":"Feature","properties":{"i":123,"c":"GM0406","n":"Huizen"},"geometry":{"type":"Polygon","coordinates":[[[5.3054552669851045,52.3076311801153],[5.280911791526898,52.293780738771325],[5.277499743292052,52.29601685992786],[5.271077630654513,52.29094891929731],[5.246490720079326,52.28228364595574],[5.23249228054479,52.281270231488556],[5.227729229110468,52.277125492642085],[5.210888978766288,52.277351138270284],[5.207222371606829,52.27434898320429],[5.203821977976062,52.26711509263029],[5.1847028275211695,52.278009688696656],[5.19501975159657,52.28092318370412],[5.194662173717036,52.28347856392047],[5.192137398944227,52.28411570406115],[5.193802864952961,52.28552789498744],[5.195683157689886,52.28476537826157],[5.195378561292358,52.288624335628775],[5.193241105136243,52.28814052824571],[5.192379476140202,52.29032929715903],[5.187075246499726,52.29260290483311],[5.195917130184638,52.29507667929074],[5.194991650899516,52.297107374995704],[5.197798072136054,52.30033455361555],[5.206866918082828,52.29991902783253],[5.210060655267418,52.30197271665934],[5.214142536550792,52.2984787174729],[5.229560713497696,52.30172389810664],[5.230341605264061,52.30584374675813],[5.224590086743946,52.325761536502796],[5.2811408955563035,52.31677034768968],[5.3054552669851045,52.3076311801153]]]}},{"type":"Feature","properties":{"i":124,"c":"GM0415","n":"Landsmeer"},"geometry":{"type":"Polygon","coordinates":[[[4.921347789541329,52.490219183746],[4.941478038831159,52.48539086167276],[4.943457185249667,52.48773301819242],[4.948942126315585,52.48658023020064],[4.946877229922644,52.468883111118835],[4.950660785748996,52.45859522469706],[4.9479820990148236,52.452260030934596],[4.950689658491899,52.42359613511151],[4.944068987890702,52.414342481396716],[4.930715884491968,52.41160758559583],[4.898741018754174,52.42448976808669],[4.89928488759739,52.432774235851525],[4.8944557259625325,52.43711966528955],[4.896742186224044,52.440150180952536],[4.8964892275133565,52.4461841468932],[4.893318973891403,52.457276074101635],[4.908096327522209,52.482998078952555],[4.921347789541329,52.490219183746]]]}},{"type":"Feature","properties":{"i":125,"c":"GM0417","n":"Laren (NH.)"},"geometry":{"type":"Polygon","coordinates":[[[5.226001953068612,52.26789758174134],[5.24509312487133,52.25443107217685],[5.222901248366461,52.22526095456171],[5.22473024288259,52.225197098427074],[5.218960323919164,52.21212871847717],[5.1989507281625835,52.24084805407983],[5.188852859578143,52.24765056706],[5.203821977976062,52.26711509263029],[5.209244444981039,52.265934518572365],[5.225507904807025,52.272908876610714],[5.226001953068612,52.26789758174134]]]}},{"type":"Feature","properties":{"i":126,"c":"GM0420","n":"Medemblik"},"geometry":{"type":"Polygon","coordinates":[[[5.271966734073845,52.74631476770592],[5.259432220507397,52.74486170861461],[5.254318886082591,52.74701061444378],[5.257501408290838,52.71618077811482],[5.221499851277295,52.71769718994619],[5.210698315584096,52.71685388780853],[5.185373419865709,52.71022808367902],[5.187023106936553,52.70745180441306],[5.125448110856375,52.6911639182815],[5.091490569064965,52.678831454939804],[5.086730400903624,52.68436548457207],[5.0826066644991466,52.68400320776428],[5.062291813971367,52.67670763522635],[5.063455470392919,52.67313339212058],[5.0355399917619,52.67045296460838],[5.034898491429006,52.66658234457218],[5.023915216004953,52.66459490303272],[5.003414422758951,52.67048913660804],[5.002353035134001,52.67492679995033],[4.983009359544415,52.67509999678761],[4.979221209714829,52.679548912031464],[4.981157394743253,52.69275971013826],[4.986064899884277,52.699222248500696],[4.971888144624057,52.71213815681446],[4.984523442095945,52.716918073334405],[4.988271292785531,52.71338227032584],[5.011163559286519,52.72290737694937],[5.0110472499536005,52.7262414904208],[5.007422056940838,52.724981890663805],[4.996386536019213,52.7386196406335],[4.998401833095023,52.74032908123663],[4.995215378900583,52.74369565988524],[4.998403942685369,52.74464309946121],[4.9961439165746855,52.7471507883753],[4.996860452874749,52.75206533508089],[5.02592630965448,52.751571097895],[5.0454994274136675,52.75323207319879],[5.058219952530823,52.75822482874018],[5.069722978123447,52.76810317202207],[5.09210784775547,52.76928521189548],[5.099812028486036,52.773441081522186],[5.106523297137268,52.774468524603414],[5.111993250567616,52.779170929477786],[5.121475866512102,52.845927657130744],[5.215063785388782,52.91610234606265],[5.238681789512345,52.87406095614572],[5.281178904812311,52.84063142893411],[5.211337516119388,52.800405700577535],[5.27438737768927,52.75063376964009],[5.271966734073845,52.74631476770592]]]}},{"type":"Feature","properties":{"i":127,"c":"GM0431","n":"Oostzaan"},"geometry":{"type":"Polygon","coordinates":[[[4.906469643370009,52.47982647916062],[4.893110237767478,52.45634941479949],[4.8964892275133565,52.4461841468932],[4.896742186224044,52.440150180952536],[4.894464133239391,52.43706457037587],[4.89928488759739,52.432774235851525],[4.898739715068043,52.42446134389227],[4.877666292064152,52.42588281497341],[4.8707409705262235,52.43039461241665],[4.861763382037018,52.42968378311459],[4.853572085293523,52.44227431455222],[4.842950948672722,52.45226083208502],[4.849153452183457,52.460677161510034],[4.852504939042605,52.4703670704196],[4.862407596203504,52.468468109421856],[4.882437861867462,52.474801841958886],[4.8905324524797535,52.478959191209256],[4.895630965668133,52.47822751224517],[4.906469643370009,52.47982647916062]]]}},{"type":"Feature","properties":{"i":128,"c":"GM0432","n":"Opmeer"},"geometry":{"type":"Polygon","coordinates":[[[4.955348720827086,52.75372811248312],[4.996860452874749,52.75206533508089],[4.9961439165746855,52.7471507883753],[4.998403942685369,52.74464309946121],[4.995215378900583,52.74369565988524],[4.998401833095023,52.74032908123663],[4.996386536019213,52.7386196406335],[5.007422056940838,52.724981890663805],[5.0110472499536005,52.7262414904208],[5.011163559286519,52.72290737694937],[4.988271292785531,52.71338227032584],[4.984523442095945,52.716918073334405],[4.971888144624057,52.71213815681446],[4.986064899884277,52.699222248500696],[4.981157394743253,52.69275971013826],[4.979204711183874,52.67967916754109],[4.976759446614506,52.67742004374588],[4.970622533275655,52.67963136105521],[4.96641878189325,52.67854998817875],[4.966320513283709,52.67719532818341],[4.962094357419513,52.67599182130695],[4.96176589752752,52.67370890503632],[4.952742725581885,52.671765479416855],[4.948479399891935,52.67477776822283],[4.905618213470363,52.68641909943859],[4.917313527940161,52.69290862279011],[4.918112595479704,52.69691864548897],[4.9159131151869495,52.69932181570887],[4.910928639051131,52.699911791210724],[4.899860113803249,52.6975866000415],[4.8986694101162485,52.70683194550856],[4.931250924345669,52.74168651121602],[4.932792671809165,52.7489275424514],[4.940327785356137,52.75042135075855],[4.9443860764972305,52.75365900602174],[4.9543421686544225,52.75529633718152],[4.955348720827086,52.75372811248312]]]}},{"type":"Feature","properties":{"i":129,"c":"GM0437","n":"Ouder-Amstel"},"geometry":{"type":"Polygon","coordinates":[[[4.950433370190719,52.33833593535234],[4.946005996354562,52.333767606536725],[4.948900824374374,52.331462912892825],[4.942693555877589,52.329334268730186],[4.94471619165005,52.3271297193271],[4.937961030146581,52.32412235727842],[4.941042847466026,52.31961979284011],[4.938723884613838,52.31509106966472],[4.929328207491762,52.30853211240542],[4.955240526213305,52.27830490581886],[4.9426915207456785,52.2781839640726],[4.9337550777331955,52.28089577149743],[4.926444448563468,52.279779618901216],[4.926651427002988,52.27244479538321],[4.9294216842884095,52.26840341108176],[4.924747907497558,52.26700060137753],[4.923256631664231,52.26309038701954],[4.91811789901432,52.26169544428786],[4.91760069140949,52.257076597960534],[4.9108051265714785,52.2526139703499],[4.903075744020323,52.25320452323537],[4.898568545861059,52.2509322449477],[4.8913254373477235,52.25330292738906],[4.887016496295553,52.25089884404742],[4.882757219593926,52.25371322104548],[4.872609742446386,52.250995274650826],[4.870121267480334,52.253282159263286],[4.873273507344462,52.26059985469298],[4.879080322284896,52.26171255254179],[4.882460324004308,52.264275645601245],[4.879470152802625,52.26707561261347],[4.881629633790468,52.27446286002484],[4.878909654004925,52.27924023855986],[4.885759630504717,52.286489185968335],[4.889731415134157,52.2874846150713],[4.887032827885803,52.28957437710247],[4.890913311007304,52.29149401327965],[4.8912485940723975,52.29429777787891],[4.901155402595472,52.29624739738878],[4.898629040957897,52.30007821821936],[4.907811925794974,52.30700293118869],[4.905255207331125,52.31068428646561],[4.905450402437909,52.31609576841236],[4.909135283442548,52.318253201299484],[4.912375607129453,52.31824801477624],[4.914281498927456,52.32040798231835],[4.910334169781144,52.323566328228566],[4.913881307114152,52.324551540039295],[4.912931720275922,52.33051041816147],[4.922550464709117,52.333084199262714],[4.9237652850743405,52.33544267778055],[4.928493322509877,52.33655481908276],[4.936511667850981,52.3345919918417],[4.950433370190719,52.33833593535234]]]}},{"type":"Feature","properties":{"i":130,"c":"GM0439","n":"Purmerend"},"geometry":{"type":"Polygon","coordinates":[[[4.9552924381721315,52.61228516185975],[4.958528468411352,52.60315046923901],[4.948828710063331,52.5987192648971],[4.954754237228188,52.58021130934152],[4.979921980660893,52.58698953094635],[4.99189451416085,52.582234364565714],[4.997168098168451,52.57512149782721],[4.976519961537718,52.56117159659033],[4.976455563565181,52.546618732931826],[4.961952001850984,52.536348142207544],[4.956998750816812,52.52911036065261],[4.967422677923335,52.52732572375063],[4.992270068959973,52.519733477609556],[5.001030815052597,52.52688890405394],[5.008968083054369,52.52770609159885],[5.0247000586133135,52.522402730425],[4.973187274510412,52.47036728847078],[4.957994801699322,52.4712272896264],[4.953617341194612,52.47569402773165],[4.953997732870285,52.482938691859566],[4.948316323227866,52.48400483251087],[4.948942126315585,52.48658023020064],[4.943457185249667,52.48773301819242],[4.941478038831159,52.48539086167276],[4.92065089375308,52.49043448106973],[4.923788248219024,52.4931598958886],[4.926209461167317,52.50017903033297],[4.925116266620331,52.505530376637125],[4.934724216099748,52.51027959997767],[4.934352057345176,52.511640610465626],[4.922600962131364,52.511412194229024],[4.909367271665841,52.51703941326017],[4.8749114922153005,52.52001394854938],[4.8593817838039515,52.525034085755166],[4.847956530332733,52.5253052605905],[4.837564521922626,52.530545256655074],[4.833910386347689,52.53896035312107],[4.8423190195897705,52.543527022781696],[4.851828284445997,52.55483163841138],[4.861341488967513,52.56227735529301],[4.865671952376368,52.57375018268628],[4.880191492631197,52.58028860182659],[4.886444671116629,52.58626769123461],[4.8900104710937695,52.59418826672564],[4.901081918713795,52.6028818938192],[4.915552514524636,52.608668423010904],[4.925337224052701,52.60751710079695],[4.928947567381345,52.605165448729274],[4.934613101848779,52.60621108141415],[4.95072130620715,52.614106436970935],[4.9552924381721315,52.61228516185975]]]}},{"type":"Feature","properties":{"i":131,"c":"GM0441","n":"Schagen"},"geometry":{"type":"Polygon","coordinates":[[[4.693992207034626,52.88447262501626],[4.7709389206719015,52.87862622920688],[4.758855261464448,52.84868928534469],[4.782562569916117,52.85143551068619],[4.794422891996214,52.847373652632676],[4.809647017989985,52.83689892399338],[4.83457335972637,52.80777848534006],[4.831256230126607,52.78381994809585],[4.827409166485963,52.783565281171256],[4.8289967160587,52.77532622380101],[4.819849393853507,52.77412948435597],[4.820753967422388,52.76960718316772],[4.813336472563224,52.771333669765134],[4.8068464258657135,52.77028039731722],[4.809667600137519,52.76533906559365],[4.83137375021496,52.74630135846706],[4.840065294332558,52.7344337934666],[4.850374466861579,52.72537713941824],[4.847685314071777,52.7202593715221],[4.805025850448255,52.71420878849514],[4.797602470085398,52.72084754138043],[4.786565102043409,52.721033990930906],[4.786566024551654,52.727945715212996],[4.778812256321059,52.73134688245413],[4.772585119984869,52.71953760175137],[4.7696470226703696,52.69879349299633],[4.752893314639473,52.69731293509037],[4.72885382168404,52.69140379024649],[4.719780316925543,52.697986340206896],[4.715258251882201,52.71065273721762],[4.692012721901879,52.731478094253596],[4.6898223613626095,52.73299197268519],[4.683528609507844,52.733536513747765],[4.678799696568835,52.739226751910934],[4.671148532111275,52.74060663855068],[4.662931741660093,52.74665470700296],[4.659595214095675,52.747051112611516],[4.658956356000111,52.74963437951825],[4.6510400108561365,52.75584691238507],[4.634478581764348,52.758328852711074],[4.656364573598326,52.79701933533263],[4.693992207034626,52.88447262501626]]]}},{"type":"Feature","properties":{"i":132,"c":"GM0448","n":"Texel"},"geometry":{"type":"Polygon","coordinates":[[[4.8183757207411775,53.214274798214355],[5.050952586697521,53.14326574108631],[5.144281382565852,53.02615235454883],[5.074493846703044,53.01842416344429],[5.006986105107515,53.04428857772596],[4.932435095119287,53.044028589098716],[4.876246567599739,53.02197818058573],[4.791652829592622,52.980506598396516],[4.741033739188506,52.98024376506405],[4.6462012814951414,52.94106928723468],[4.613329456818976,52.960973023997695],[4.613000601897026,52.97948328309108],[4.687076739163032,53.00240618249542],[4.686353230634786,53.047333870995026],[4.715549919345209,53.0879393553572],[4.818788950176523,53.18282647862901],[4.8183757207411775,53.214274798214355]]]}},{"type":"Feature","properties":{"i":133,"c":"GM0450","n":"Uitgeest"},"geometry":{"type":"Polygon","coordinates":[[[4.718970203456372,52.55081240876241],[4.719804467187048,52.54385454540512],[4.725453542412619,52.546551983649245],[4.75527555672984,52.535735555064434],[4.762266297684286,52.5375280885083],[4.768019001183339,52.534634517354675],[4.777733438305249,52.533744880810396],[4.782476458831745,52.51958096433862],[4.763619449484055,52.51970718572376],[4.761227658151773,52.51855380848447],[4.752281239489984,52.52117632097475],[4.748142526661826,52.51705499493228],[4.752767808924499,52.51059188297623],[4.750674067704709,52.50829093117458],[4.731577195907964,52.496331447997264],[4.720367093550109,52.49495391677748],[4.711703867202448,52.496816879136205],[4.705423761612343,52.5001075248077],[4.703442727572994,52.50310441615062],[4.706096121495205,52.506658442769094],[4.7079375639041245,52.506141158592236],[4.709151741232069,52.50985641499619],[4.706546973668627,52.51040150839827],[4.70385416863612,52.50832820718291],[4.694611804433587,52.507624006541704],[4.695314304296304,52.50972742548376],[4.692559989608027,52.51067713892223],[4.690512231463447,52.51518274277896],[4.690854463082251,52.51984471974112],[4.697613011817358,52.5292134390119],[4.694532748842722,52.54418821018181],[4.703692819462943,52.54539640304519],[4.706431103610074,52.54629493410376],[4.705897652262906,52.548223396270835],[4.718970203456372,52.55081240876241]]]}},{"type":"Feature","properties":{"i":134,"c":"GM0451","n":"Uithoorn"},"geometry":{"type":"Polygon","coordinates":[[[4.795210562597563,52.261015585843964],[4.834811159091243,52.24994666259285],[4.852053259770811,52.24201349423702],[4.851625656162926,52.2389949357463],[4.847392668469072,52.23980440731628],[4.842826069800322,52.23533922593801],[4.838686664104933,52.23536565801951],[4.830107177448557,52.23091267141704],[4.814100012046542,52.2271693349013],[4.8054037781815575,52.22798871151185],[4.79544091913629,52.226654312390586],[4.780985630286242,52.228741239768375],[4.762074488354409,52.21813027521447],[4.7532985068318485,52.21746780644061],[4.747971566457172,52.21486790303706],[4.743478852014363,52.21472459656991],[4.734338951909729,52.20651642433701],[4.72446054523042,52.212751449217784],[4.723764401008628,52.21657365615897],[4.773271521547752,52.24103402275348],[4.767877311340743,52.245835526398295],[4.770866688783787,52.24990889175705],[4.795210562597563,52.261015585843964]]]}},{"type":"Feature","properties":{"i":135,"c":"GM0453","n":"Velsen"},"geometry":{"type":"Polygon","coordinates":[[[4.604166727917886,52.48148135933778],[4.613553366290136,52.48380308631955],[4.646924808446058,52.478570573984605],[4.64673624860348,52.47708158314464],[4.64928270123363,52.476531545787346],[4.653333228383564,52.47715474006416],[4.667605906027164,52.4684262217305],[4.661924747770485,52.46175677671855],[4.7099687247993804,52.43664519744692],[4.7219830950756485,52.433336172705715],[4.71065498130203,52.42769275791091],[4.7005372244425345,52.42551292168808],[4.682476169619669,52.413848703726366],[4.681227178485865,52.41933145286062],[4.674372408954359,52.418634229823695],[4.672084090828656,52.422463075617536],[4.6668768526820426,52.425057591202794],[4.650768611161068,52.42856966608103],[4.636183773572146,52.41082019103849],[4.627617970382718,52.412597602862306],[4.628735498902102,52.41584441759137],[4.626399068894301,52.41652884232369],[4.6259139767786905,52.420556909505024],[4.623576328689588,52.422075071556236],[4.6249921946712265,52.42349222894395],[4.621468409503082,52.424904251666874],[4.618102409492144,52.424826295017354],[4.5878228726311425,52.43443644096844],[4.5440652762178795,52.43930241012785],[4.543318209973166,52.44911297309191],[4.5302217065449675,52.45009755122103],[4.519926797375856,52.457473609637795],[4.517549748456687,52.4646284998417],[4.52066728762783,52.46924411051505],[4.540799580207129,52.47773021448908],[4.554703349166604,52.478071307554735],[4.566312337248067,52.49274412335904],[4.596435834025821,52.48588405737917],[4.604166727917886,52.48148135933778]]]}},{"type":"Feature","properties":{"i":136,"c":"GM0473","n":"Zandvoort"},"geometry":{"type":"Polygon","coordinates":[[[4.547322261153764,52.31399660229647],[4.477649435964445,52.33251095168645],[4.526045099457213,52.40516737438671],[4.591658967002019,52.391715698794414],[4.547322261153764,52.31399660229647]]]}},{"type":"Feature","properties":{"i":137,"c":"GM0479","n":"Zaanstad"},"geometry":{"type":"Polygon","coordinates":[[[4.761096571941877,52.51859579868678],[4.763619449484055,52.51970718572376],[4.789860920848659,52.5192358906361],[4.788708475802554,52.51124147840902],[4.793557861106882,52.50663701716374],[4.795099121981967,52.496576926758436],[4.792076772650828,52.49133476477851],[4.798842867671627,52.49110526251532],[4.816586954010629,52.48261217618026],[4.837080528972341,52.4798603614907],[4.842555504900511,52.472004334326506],[4.852504939042605,52.4703670704196],[4.849153452183457,52.460677161510034],[4.842950948672722,52.45226083208502],[4.853572085293523,52.44227431455222],[4.862805017920139,52.429622571455205],[4.857947579759043,52.42471710962688],[4.859857714337676,52.42047370027797],[4.856078012038493,52.416662171473696],[4.718303369348715,52.434020843406984],[4.709402575592326,52.43691813553807],[4.674848022102094,52.455520411971676],[4.685069353344055,52.46255679538296],[4.684266302927417,52.46352103565731],[4.695296369714041,52.468587341333475],[4.700728961805269,52.48023677071897],[4.705541208701057,52.481921398355546],[4.708445038319343,52.48862568177282],[4.713865687521488,52.49268341301258],[4.720667309721087,52.49503901788627],[4.731577195907964,52.496331447997264],[4.750674067704709,52.50829093117458],[4.752767808924499,52.51059188297623],[4.748253304892531,52.51531647696843],[4.749753279910945,52.52009601364037],[4.752656286556893,52.52125364226779],[4.761096571941877,52.51859579868678]]]}},{"type":"Feature","properties":{"i":138,"c":"GM0482","n":"Alblasserdam"},"geometry":{"type":"Polygon","coordinates":[[[4.628774664574614,51.88121215658159],[4.637075576445019,51.876294453899945],[4.642138302789608,51.88019967631173],[4.664438762972101,51.87494835745747],[4.676153350936475,51.87490144596365],[4.687814952157414,51.87871765877325],[4.700239704884543,51.87970988433843],[4.690438932240256,51.866847051852346],[4.686449444014138,51.86628995143339],[4.68070889660387,51.859638567725526],[4.683190671870061,51.84849145807331],[4.681348895032149,51.84867814156133],[4.6803975254097345,51.84443943008265],[4.672606188829574,51.838650332565855],[4.648849901815914,51.86184224677367],[4.634220403350383,51.87036298284541],[4.626391054973094,51.88065776694265],[4.628774664574614,51.88121215658159]]]}},{"type":"Feature","properties":{"i":139,"c":"GM0484","n":"Alphen aan den Rijn"},"geometry":{"type":"Polygon","coordinates":[[[4.681209372743411,52.16750423153737],[4.705672694372419,52.15215660632115],[4.703800566029488,52.14462015053223],[4.726053875035793,52.156396892440014],[4.726811409436011,52.15899521437834],[4.7418388114408305,52.16267322556162],[4.760073144958665,52.13098146771263],[4.753240333151208,52.119441968656744],[4.73885670092497,52.106507441323444],[4.740222863922108,52.10464809573495],[4.734878941914416,52.10189095425381],[4.7047318018368385,52.095240865680076],[4.708758134999062,52.09364389742242],[4.715505854045107,52.081188416237694],[4.713034264258408,52.07692951076035],[4.704905030042319,52.07683641460419],[4.6965286774108455,52.07454678196409],[4.69441120408551,52.06776739286054],[4.685296680467953,52.0693947891263],[4.681973527515967,52.059104067766796],[4.679298396937978,52.05921590044545],[4.677246985107024,52.06552053181418],[4.665660022821321,52.06572394326983],[4.6659105830562515,52.063951613912906],[4.63822512237292,52.064823599147374],[4.636850896284173,52.07373713323251],[4.625307180997248,52.074447230438416],[4.625320377665837,52.07644334051384],[4.606906814255547,52.07704971904048],[4.607427111806971,52.065526522624275],[4.565042961959719,52.05856938344893],[4.533694957728817,52.073051135067786],[4.536047380019492,52.076928100475044],[4.5301035219943175,52.080082108480866],[4.537134665602375,52.083945983048935],[4.53532276872804,52.12043248190555],[4.541905300892842,52.11866020785387],[4.542948831203245,52.12123481574805],[4.540640915844781,52.12156228188945],[4.549309835472725,52.13769798358516],[4.551621143055987,52.13792746796101],[4.5601213636254,52.13190333667463],[4.566053965129315,52.13521758116991],[4.570467445762158,52.14285823921307],[4.571480910527093,52.153109032048434],[4.572736680012388,52.15224832139827],[4.6426066688209495,52.16195295723849],[4.679841096328961,52.162745427154256],[4.681209372743411,52.16750423153737]]]}},{"type":"Feature","properties":{"i":140,"c":"GM0489","n":"Barendrecht"},"geometry":{"type":"Polygon","coordinates":[[[4.548700793215066,51.87394728273622],[4.564105825326334,51.85347338859252],[4.565961257169342,51.852086314024604],[4.569970696493352,51.8526205417919],[4.571412307084676,51.849135849735234],[4.5687313518321195,51.84455714621463],[4.559876907326573,51.83864606414954],[4.553608701410051,51.829896909520144],[4.54574872536052,51.831944953728076],[4.525477943404125,51.829854244943675],[4.502188248930203,51.83486596888623],[4.489094304511702,51.83539557366278],[4.489731943449287,51.8407545509838],[4.492227115425779,51.84144421910119],[4.487187289540036,51.84854916378207],[4.490125179271576,51.85131549878137],[4.48028751091607,51.85514859282513],[4.479915516315625,51.86527446714917],[4.494040269593099,51.868968184554134],[4.5260954380879435,51.86973076261405],[4.532026634187891,51.86877671681229],[4.542578666869454,51.870798658734536],[4.548700793215066,51.87394728273622]]]}},{"type":"Feature","properties":{"i":141,"c":"GM0498","n":"Drechterland"},"geometry":{"type":"Polygon","coordinates":[[[5.246002265768171,52.68660278657673],[5.262266016682655,52.67682932080244],[5.2571865982081825,52.64447070622124],[5.135305664114523,52.60393718732967],[5.125219719706368,52.615173877341306],[5.094862394318488,52.63230373892876],[5.106279724766168,52.63582728614766],[5.1019293534420775,52.6471807520403],[5.119414042570498,52.651163232346015],[5.110620686154326,52.65675288940249],[5.106554065106331,52.663149888063316],[5.096266103816007,52.669722864076135],[5.098818274311906,52.67126186461892],[5.091752305652387,52.678923727353336],[5.125045587933278,52.69103185001068],[5.187023106936553,52.70745180441306],[5.204595136415989,52.67761367652606],[5.208790423720306,52.683809245753125],[5.246002265768171,52.68660278657673]]]}},{"type":"Feature","properties":{"i":142,"c":"GM0502","n":"Capelle aan den IJssel"},"geometry":{"type":"Polygon","coordinates":[[[4.583831973083927,51.96550384509769],[4.602068263710355,51.94947560222958],[4.599734009855935,51.94767230069424],[4.619488625419134,51.9334922723441],[4.61506785646439,51.927353643163336],[4.610724390351483,51.925341098252],[4.59859889297736,51.92623329031128],[4.58211706929662,51.92047547888986],[4.5778681824685306,51.915054465179615],[4.5676615955917255,51.90979593744812],[4.549901260055322,51.90672849096172],[4.551050579462643,51.909637949416236],[4.556828309389325,51.91038571234682],[4.556495888187476,51.91480314357842],[4.554024935414491,51.91477955901413],[4.553995874801194,51.91661780473691],[4.550262688139738,51.91481795165333],[4.547696035057486,51.90717380584878],[4.542135954527206,51.90620456107569],[4.537311707770142,51.9135545450875],[4.5382220921558645,51.91534416478459],[4.540522590289188,51.915241866164926],[4.537549565178805,51.91977838236622],[4.556912466099315,51.91991201486108],[4.566238814851801,51.92590884243738],[4.560594461467879,51.940910083515924],[4.5727796456100345,51.94345611657208],[4.5640634384394785,51.9508088577728],[4.5620531092960235,51.958874549671],[4.564367131586324,51.95992454047266],[4.568012881339086,51.95807991221655],[4.583831973083927,51.96550384509769]]]}},{"type":"Feature","properties":{"i":143,"c":"GM0503","n":"Delft"},"geometry":{"type":"Polygon","coordinates":[[[4.373606712729043,52.032498920773115],[4.386244900226945,52.023308196006134],[4.3945159411010986,52.01125565064961],[4.388345523124867,52.00944764545996],[4.388655683866561,52.0054935462922],[4.385915733085969,52.00483525951942],[4.397030128722176,51.978974025909984],[4.4011523288481325,51.97834600674865],[4.4079108770252144,51.968198609685395],[4.402933413266053,51.96631631833615],[4.393809811972044,51.977503480375816],[4.383622482911962,51.97581587188436],[4.38630287908715,51.97221405602558],[4.369175464885074,51.96887047011902],[4.368173839480566,51.97158176353248],[4.359540232621846,51.970135401724214],[4.356625881653519,51.977296261325094],[4.338227325474537,51.97417772014625],[4.332723642160796,51.98045665454188],[4.331855203199665,51.984489733468294],[4.324111927999938,51.989858608920756],[4.325732345045039,51.99195122975733],[4.333109543119163,51.993171802066016],[4.331525001456555,51.99785217618076],[4.337716916160315,51.99880248570531],[4.335834291993373,52.001055318055535],[4.341142501387763,52.00271036580887],[4.338453228594193,52.005690738381105],[4.336370856618917,52.004753185495],[4.332655693710818,52.00788284378681],[4.323244422649516,52.00433561706575],[4.320635738091382,52.009322036769866],[4.355770832791784,52.025988431579584],[4.373606712729043,52.032498920773115]]]}},{"type":"Feature","properties":{"i":144,"c":"GM0505","n":"Dordrecht"},"geometry":{"type":"Polygon","coordinates":[[[4.675222592676188,51.72420939413641],[4.620403883052327,51.7141235555655],[4.631633309753167,51.74555842586605],[4.626342655644244,51.7636173652315],[4.627497349678383,51.782163544231274],[4.621221576521447,51.800803685593245],[4.630159036073755,51.80168807164674],[4.639937438908349,51.8046885011483],[4.661898520984429,51.81851163025168],[4.670429182255173,51.82082145383304],[4.682302122120008,51.820572719040484],[4.7090973016724265,51.82335828151571],[4.748724127013983,51.82208993784533],[4.765035400249806,51.81635009281751],[4.77318958167647,51.81528592937488],[4.78680361004195,51.81531367797808],[4.820114957250601,51.819057875529495],[4.871245931722915,51.81758562246011],[4.883322904083643,51.8186274013806],[4.8846425134616585,51.81647140167945],[4.8544134638934935,51.800683132168686],[4.836108442104033,51.797839100485504],[4.806875682439188,51.800336290275574],[4.797194139286933,51.79976996843334],[4.773539018867329,51.79332433957459],[4.755239672232467,51.78161140931114],[4.740770000883662,51.758818210875546],[4.717281336369066,51.74381905839394],[4.693262895327256,51.732281629892626],[4.681597590088941,51.72841873177137],[4.675222592676188,51.72420939413641]]]}},{"type":"Feature","properties":{"i":145,"c":"GM0512","n":"Gorinchem"},"geometry":{"type":"Polygon","coordinates":[[[4.956972587801599,51.859573120550834],[4.959309563055564,51.86288493913545],[4.98331861019734,51.85710825511345],[4.981260293579935,51.85187031033925],[4.996341909354557,51.84922862832865],[4.999151285839632,51.85228465010362],[4.998825451839218,51.84525511266111],[5.00112509124124,51.84405258356766],[5.003447864867198,51.844768934132425],[5.010720175799172,51.84252738154825],[5.031415002930456,51.841084806233155],[5.026351768102164,51.81885674371767],[5.0082806458128095,51.82101944758706],[4.987756925050461,51.821059367360434],[4.936064117519737,51.8283145033675],[4.926986581033002,51.828305965162286],[4.924844789156821,51.8398335292377],[4.92182281556857,51.84078889397489],[4.930140704254804,51.84011009303933],[4.937255125049964,51.844500442876914],[4.9427200379551035,51.84478636979319],[4.93839867869905,51.86362936408862],[4.956972587801599,51.859573120550834]]]}},{"type":"Feature","properties":{"i":146,"c":"GM0513","n":"Gouda"},"geometry":{"type":"Polygon","coordinates":[[[4.719866266880761,52.03389038054142],[4.719848014929136,52.02648437977093],[4.734400031839552,52.02502015547512],[4.7367826515334475,52.02274822845181],[4.743697437359032,52.02260807437822],[4.746016654535789,52.01697639282587],[4.750991278241008,52.013898798245044],[4.757329808613247,52.00134169894844],[4.745463177621384,52.0029079116536],[4.737733368741406,52.0068414393123],[4.737291800284099,52.00593512960875],[4.7292522741007605,52.007485007856026],[4.7227926002352625,52.00548206206618],[4.7275697806732575,52.00158288615973],[4.718861288932074,51.99836956779512],[4.707217069720916,52.00176226990149],[4.699880999128735,51.99723188900265],[4.68868451365854,51.9962580460641],[4.684021275543691,51.99795767639322],[4.680229461251183,51.99654157900068],[4.670716944804131,52.00232611504361],[4.662810242881234,52.00324582868614],[4.6594545600871164,52.00528770041278],[4.670728921802474,52.011126413770306],[4.666606553635756,52.01297063976274],[4.681823105672237,52.019307507439315],[4.667278996606637,52.0250783407814],[4.686667123443857,52.030356396179805],[4.706039290425628,52.040119702757835],[4.716260764443918,52.03822268983835],[4.719866266880761,52.03389038054142]]]}},{"type":"Feature","properties":{"i":147,"c":"GM0518","n":"'s-Gravenhage"},"geometry":{"type":"Polygon","coordinates":[[[4.196328766294688,52.05567695884128],[4.18499842032111,52.061450722866034],[4.238716741326928,52.09998006103561],[4.237587551095189,52.10430469754734],[4.243142799486707,52.110625570101064],[4.256907466377266,52.113587625022916],[4.290063187592443,52.13503622543212],[4.302505794457216,52.12861600203258],[4.333060414087676,52.10573078588448],[4.330317365933304,52.10434201377397],[4.332264275519504,52.10304008868886],[4.323282025903323,52.09921651475113],[4.327484459342882,52.09556709983114],[4.3372529304728715,52.098769514979644],[4.3385733738980905,52.097434813021444],[4.342318100385341,52.09748183501793],[4.358489258424486,52.1057613172317],[4.372709297259247,52.094772598397384],[4.371466750763293,52.09383465611893],[4.3735144714463265,52.09229680394113],[4.335213194914282,52.07500040581403],[4.355518702715689,52.068039806417964],[4.342195736664965,52.06113456291262],[4.348003601009939,52.056498117680185],[4.352281472042046,52.05939410093556],[4.357349787614268,52.05625471576846],[4.359822718973646,52.057366335041934],[4.360826111312334,52.05846834162312],[4.356011121090137,52.06156746886201],[4.3799958426905246,52.07474501964764],[4.3845826638665155,52.07623427876926],[4.388650954079473,52.072973790320646],[4.394621525552733,52.07590692269217],[4.397092323018979,52.074763207772904],[4.403923545775136,52.07784526510854],[4.420690707243541,52.06345524213633],[4.422489655046279,52.057194044377916],[4.415230887342323,52.05701290739468],[4.422072404318243,52.05167309217663],[4.401624777604749,52.05353642010615],[4.398549538616925,52.05121787427434],[4.394444998529277,52.054053904721385],[4.389676176730994,52.04996135080892],[4.387904518786151,52.05116949266494],[4.372645571876763,52.040919742469754],[4.37985819716838,52.035952287677944],[4.387436173518953,52.03864691917515],[4.39389101269521,52.03291742492601],[4.379735288795747,52.02673268638654],[4.373499160035516,52.032598800586655],[4.359769518514409,52.02654604624234],[4.3537778558350055,52.03067598648113],[4.350405618989682,52.039472984290455],[4.346394750868521,52.04289167601332],[4.3468774932956205,52.04551755896512],[4.352638708400241,52.04909517949527],[4.3445191410651,52.0540469672996],[4.346983797747525,52.05682542853634],[4.3403068663270945,52.0619468218268],[4.321360543730017,52.0546208143873],[4.319881992580977,52.05199359499001],[4.2983667233951595,52.04555710515847],[4.290951689873492,52.041572979381314],[4.297929931114256,52.029410031450624],[4.307638585447399,52.018151363570915],[4.302664062132456,52.0164880531381],[4.301075365238798,52.01786895588191],[4.295512149142487,52.01484843665463],[4.289736089014445,52.01764781836419],[4.294344584596398,52.01935865392019],[4.286733718543811,52.02298458824674],[4.2882545497044084,52.02375763246747],[4.285249861231385,52.027422329417575],[4.281710779096897,52.02743099357323],[4.272662683006637,52.035917129800275],[4.248217103039813,52.025225799620515],[4.235014721699128,52.039294994089374],[4.2283262557755465,52.03464209943979],[4.219226713610053,52.03373678308371],[4.212292221091481,52.030711628327666],[4.209584526712668,52.03365469769887],[4.21243434652849,52.03403306058244],[4.1988535445771324,52.050002364140916],[4.196328766294688,52.05567695884128]]]}},{"type":"Feature","properties":{"i":148,"c":"GM0523","n":"Hardinxveld-Giessendam"},"geometry":{"type":"Polygon","coordinates":[[[4.838082139976627,51.86073467510463],[4.847949470636326,51.83261731735863],[4.863006820548613,51.832940833345724],[4.866450570576836,51.83483691480681],[4.867928356424434,51.83199367153879],[4.877898664499124,51.83251404427248],[4.906938089629085,51.83849247028178],[4.924863832630559,51.839718416995126],[4.926986581033002,51.828305965162286],[4.911273501944046,51.82598178485542],[4.8846425134616585,51.81647140167945],[4.883322904083643,51.8186274013806],[4.871245931722915,51.81758562246011],[4.83905200716738,51.819254634803706],[4.811415833732348,51.81865820082632],[4.811384104824903,51.82114788523707],[4.805075450764187,51.82194943131642],[4.803378550514581,51.84635341046305],[4.838082139976627,51.86073467510463]]]}},{"type":"Feature","properties":{"i":149,"c":"GM0531","n":"Hendrik-Ido-Ambacht"},"geometry":{"type":"Polygon","coordinates":[[[4.6465981465992865,51.86360575183539],[4.672492088120703,51.83890318070673],[4.669208516220117,51.82959866661962],[4.670438837656634,51.82358912268133],[4.6618857624242676,51.83160788928001],[4.63720863392965,51.82534832138087],[4.600154904417481,51.83873008222166],[4.604885362401359,51.84838588337281],[4.61871526621239,51.85123791786354],[4.627318642111222,51.8546529212564],[4.636515978236232,51.849662427932486],[4.646948044872218,51.85666106678261],[4.639021897763374,51.86364014825484],[4.635333587369456,51.86984693001511],[4.6465981465992865,51.86360575183539]]]}},{"type":"Feature","properties":{"i":150,"c":"GM0532","n":"Stede Broec"},"geometry":{"type":"Polygon","coordinates":[[[5.259274442976421,52.68716911966738],[5.268962125165864,52.680268254421165],[5.262266016682655,52.67682932080244],[5.246002265768171,52.68660278657673],[5.20836783435709,52.68372668678886],[5.204595136415989,52.67761367652606],[5.185373419865709,52.71022808367902],[5.21566826366607,52.71738993464321],[5.257501408290838,52.71618077811482],[5.259274442976421,52.68716911966738]]]}},{"type":"Feature","properties":{"i":151,"c":"GM0534","n":"Hillegom"},"geometry":{"type":"Polygon","coordinates":[[[4.587486139238248,52.31676214158885],[4.587686423785756,52.31788092510851],[4.596505267201911,52.31775283179452],[4.611676040277476,52.313559916666435],[4.611622897058313,52.31249870219733],[4.597970330582444,52.2973755599244],[4.58843971228446,52.28050160283341],[4.57274903552997,52.27124002283794],[4.542289156186025,52.287324955033746],[4.555376158770773,52.29914406043015],[4.5689550643615,52.316512568014254],[4.5732405590970355,52.31535552407449],[4.583272457025381,52.318395053897305],[4.587486139238248,52.31676214158885]]]}},{"type":"Feature","properties":{"i":152,"c":"GM0537","n":"Katwijk"},"geometry":{"type":"Polygon","coordinates":[[[4.419883463664143,52.21429568224073],[4.425696363319078,52.21628889113116],[4.429421621155814,52.21226444298494],[4.433277323619368,52.213504061605754],[4.435463623710175,52.21060290737333],[4.437137639233224,52.21119945667216],[4.440188056640845,52.2073555874909],[4.4483780400024475,52.21251733427405],[4.45124493474812,52.21166957062385],[4.463601695828974,52.21594823866448],[4.466216626883161,52.21410570281839],[4.466462465643021,52.21290293055763],[4.455648581855011,52.20702998865197],[4.462674707183218,52.203411519371684],[4.460417364393994,52.202199087671374],[4.463471481939235,52.20020156689731],[4.461760583982329,52.197106487161534],[4.4663703023143455,52.19688623959782],[4.458623295259306,52.183455754026156],[4.4349468342559275,52.18085651468553],[4.445831416232123,52.17879942365129],[4.448796105209517,52.1755861972636],[4.445384141578586,52.16779514321374],[4.448368280741225,52.16205196075647],[4.44047818070712,52.15565298792713],[4.425973997077557,52.159229811979124],[4.4197715326211675,52.16234433496292],[4.417786313231048,52.16147753270332],[4.411595085211282,52.16347918178995],[4.4093191797580005,52.16934206037141],[4.404801793511002,52.16750240944765],[4.375015719365246,52.18661292654706],[4.360001774001398,52.192677399651686],[4.390975592546348,52.2252436924993],[4.419883463664143,52.21429568224073]]]}},{"type":"Feature","properties":{"i":153,"c":"GM0542","n":"Krimpen aan den IJssel"},"geometry":{"type":"Polygon","coordinates":[[[4.617703933753869,51.93105014563017],[4.643019108375096,51.912569172829365],[4.635225199522087,51.91007390403219],[4.62145632839337,51.9083300265696],[4.601463717248318,51.90699770141368],[4.596799012566934,51.90781842656942],[4.595173305459929,51.90708212561313],[4.596744645016078,51.90576358254396],[4.59351090145009,51.90410159400389],[4.592212982738766,51.90560117774735],[4.588747707597939,51.90418742897549],[4.589098557038822,51.902367499080746],[4.582617785962814,51.90409450104054],[4.576328454935596,51.903031724272516],[4.555087560167495,51.90564646268199],[4.54923843615672,51.90488212948073],[4.549901260055322,51.90672849096172],[4.5676615955917255,51.90979593744812],[4.5778681824685306,51.915054465179615],[4.5827170450561034,51.92074115587406],[4.599777207169506,51.926536114133384],[4.611467348490802,51.925452814827786],[4.617703933753869,51.93105014563017]]]}},{"type":"Feature","properties":{"i":154,"c":"GM0546","n":"Leiden"},"geometry":{"type":"Polygon","coordinates":[[[4.497562227568554,52.183982655781115],[4.518353822090585,52.18249183878451],[4.518487897062597,52.174216046712424],[4.515080714991841,52.17101590635037],[4.514699206571803,52.161017144643814],[4.520820699958732,52.15655101847266],[4.524037681930485,52.147397871569645],[4.515544987655127,52.14446361225719],[4.510676580845136,52.14086588089112],[4.513212768724919,52.13997414868675],[4.472975416446902,52.11895161480871],[4.472941440287303,52.123703189780585],[4.468149283179825,52.1285508211771],[4.4644922893679375,52.12731117429427],[4.469298617174363,52.13393054245335],[4.465405525204919,52.1494429034599],[4.459287266387879,52.149696723101265],[4.4496050089797246,52.14098427002535],[4.44467808485453,52.14061988819303],[4.439232476538766,52.15470747459072],[4.449000581520318,52.1626784421506],[4.454170540598302,52.17114046297973],[4.466867945936489,52.16992856921073],[4.468509167435201,52.173482052540244],[4.478601578822459,52.17958687591999],[4.487126020721571,52.17692534701105],[4.4878398509549795,52.17815371135302],[4.492382279787075,52.17534293502839],[4.496165410591448,52.17889128698043],[4.497562227568554,52.183982655781115]]]}},{"type":"Feature","properties":{"i":155,"c":"GM0547","n":"Leiderdorp"},"geometry":{"type":"Polygon","coordinates":[[[4.528261803295651,52.17984445612097],[4.5387791507632045,52.18013007475534],[4.541883472493424,52.172538828933746],[4.55093404230185,52.16330636508509],[4.560592305893466,52.16678300846746],[4.562399818610264,52.16611888141958],[4.560490158215676,52.16413010973184],[4.5616338751538965,52.16081907175873],[4.571480910527093,52.153109032048434],[4.570467445762158,52.14285823921307],[4.567525690840682,52.13726935290808],[4.5601213636254,52.13190333667463],[4.54674919653718,52.14008595200902],[4.533351826738866,52.141276531096636],[4.527825461074563,52.14320958055463],[4.5240892703966775,52.147299736374364],[4.520740906768502,52.15666178043425],[4.514739751178184,52.160913134408254],[4.515080714991841,52.17101590635037],[4.518487897062597,52.174216046712424],[4.518368684007631,52.18211626275081],[4.528261803295651,52.17984445612097]]]}},{"type":"Feature","properties":{"i":156,"c":"GM0553","n":"Lisse"},"geometry":{"type":"Polygon","coordinates":[[[4.5425503008261074,52.28664416282958],[4.57274903552997,52.27124002283794],[4.567868604303309,52.267795426336754],[4.56952080387541,52.25969116007818],[4.562848933191083,52.23455812229396],[4.554208114008877,52.23139749605986],[4.550565981544914,52.227030854607364],[4.553933984072134,52.222205422592346],[4.524922691885833,52.23556121936971],[4.529471933336289,52.238137291414816],[4.527416559515333,52.239159601286964],[4.530050807842448,52.241162383807584],[4.524088214548922,52.24437716977502],[4.526594223457115,52.24725279900837],[4.513522963386649,52.25500584390374],[4.532690685569373,52.27289221127672],[4.530178437527997,52.27414662194697],[4.535459998764478,52.27914989693304],[4.5364432995566935,52.27835927869491],[4.5425503008261074,52.28664416282958]]]}},{"type":"Feature","properties":{"i":157,"c":"GM0556","n":"Maassluis"},"geometry":{"type":"Polygon","coordinates":[[[4.2317408515251325,51.94294627136967],[4.2390759494785355,51.94363305743449],[4.264284084579823,51.92545222827513],[4.270960169170929,51.92347742211422],[4.292611009228445,51.92123632368477],[4.267571211230232,51.90533504648],[4.238864235960649,51.91590902091344],[4.224040864206015,51.928019361498556],[4.212717692580472,51.9337274674115],[4.228292031206155,51.94799150611368],[4.2317408515251325,51.94294627136967]]]}},{"type":"Feature","properties":{"i":158,"c":"GM0569","n":"Nieuwkoop"},"geometry":{"type":"Polygon","coordinates":[[[4.781629993016482,52.22875560909622],[4.794575698827034,52.22673066922233],[4.79442987513672,52.223423404321885],[4.802138800506799,52.21765418033874],[4.802925128546588,52.2010277611362],[4.813594311293709,52.201847122620784],[4.8143998753275845,52.199309257020545],[4.822209134530573,52.196124585922696],[4.823444801458339,52.19326570270831],[4.843920856558452,52.18012163179502],[4.855581829857066,52.17891717931639],[4.8922726214058585,52.16159276314747],[4.873623465538308,52.156082513365554],[4.874518482020099,52.138831419262104],[4.855238668051162,52.13720962248782],[4.851478613242483,52.13967440661917],[4.842871911978285,52.13945955803366],[4.840276082110146,52.14156075001355],[4.837366435385595,52.14064959788651],[4.836704643281685,52.142879926431675],[4.83412819579715,52.14287649511129],[4.832857875636504,52.14476236272649],[4.826471852682553,52.142176335215396],[4.820547310752808,52.14223243319689],[4.816914029838185,52.13946798666157],[4.813261065826386,52.14022745688978],[4.809093356628772,52.13764215697836],[4.808065125958151,52.128947989258045],[4.8026008442175145,52.12505975681319],[4.793113435001791,52.12382451252204],[4.791509843223804,52.1203426234667],[4.784028809642748,52.12075557871142],[4.78396921990039,52.11743723565785],[4.779609202589856,52.11770703920046],[4.77492851333205,52.1148427162878],[4.770692015533732,52.11512210657302],[4.768434327718385,52.11323011655199],[4.762471891893579,52.113691140835954],[4.759328661813517,52.110344621723506],[4.754564704221296,52.10881033721205],[4.738963895126944,52.106484751200284],[4.7561683267869395,52.12308350170633],[4.760073144958665,52.13098146771263],[4.759025223926583,52.135142521871124],[4.7418388114408305,52.16267322556162],[4.726811409436011,52.15899521437834],[4.726053875035793,52.156396892440014],[4.703800566029488,52.14462015053223],[4.705672694372419,52.15215660632115],[4.69821768713232,52.158527965907574],[4.681209372743411,52.16750423153737],[4.688941102236279,52.191931399995624],[4.695315937082191,52.18915449012759],[4.707665740877938,52.20505244898211],[4.720774392580333,52.20127650799191],[4.7235918094069245,52.21161639792091],[4.734338951909729,52.20651642433701],[4.743478852014363,52.21472459656991],[4.747971566457172,52.21486790303706],[4.7532985068318485,52.21746780644061],[4.762074488354409,52.21813027521447],[4.774603195602292,52.2245466895541],[4.776450839558147,52.22740088173732],[4.781629993016482,52.22875560909622]]]}},{"type":"Feature","properties":{"i":159,"c":"GM0575","n":"Noordwijk"},"geometry":{"type":"Polygon","coordinates":[[[4.477649435964445,52.33251095168645],[4.563707433367594,52.309298012170046],[4.555376158770773,52.29914406043015],[4.545165391543798,52.290732824657944],[4.5364432995566935,52.27835927869491],[4.535459998764478,52.27914989693304],[4.530178437527997,52.27414662194697],[4.532872097889642,52.273095549845166],[4.52077981747715,52.26054952836655],[4.466213434670939,52.225229295625745],[4.47070432570991,52.221762524541525],[4.465932273795015,52.21691918962578],[4.45124493474812,52.21166957062385],[4.4483780400024475,52.21251733427405],[4.440188056640845,52.2073555874909],[4.437137639233224,52.21119945667216],[4.435463623710175,52.21060290737333],[4.433277323619368,52.213504061605754],[4.429421621155814,52.21226444298494],[4.425696363319078,52.21628889113116],[4.419446208772984,52.214339252603004],[4.390975592546348,52.2252436924993],[4.436154318084353,52.27717672338464],[4.477649435964445,52.33251095168645]]]}},{"type":"Feature","properties":{"i":160,"c":"GM0579","n":"Oegstgeest"},"geometry":{"type":"Polygon","coordinates":[[[4.480259655536661,52.20195087243632],[4.4867284781186925,52.20418500314577],[4.488032478941804,52.20292296630689],[4.491447184937264,52.2036872066102],[4.493439040499598,52.194967312536605],[4.487744845596982,52.19018862290231],[4.491201127413298,52.1859467168052],[4.489683653344889,52.18159454544591],[4.494329314398723,52.181669843152086],[4.495256036736839,52.183938860588555],[4.497562227568554,52.183982655781115],[4.495280673775987,52.17768771323413],[4.492382279787075,52.17534293502839],[4.4878398509549795,52.17815371135302],[4.487126020721571,52.17692534701105],[4.478596946613521,52.17958602231514],[4.468509167435201,52.173482052540244],[4.466867945936489,52.16992856921073],[4.454170540598302,52.17114046297973],[4.448368280741225,52.16205196075647],[4.4453811040491615,52.16764820297902],[4.448656203931333,52.17358441477671],[4.448093098433108,52.17718049877761],[4.445247638147822,52.17899110870262],[4.4349468342559275,52.18085651468553],[4.458623295259306,52.183455754026156],[4.4663703023143455,52.19688623959782],[4.461760583982329,52.197106487161534],[4.463376565291882,52.20014342449139],[4.467659982385287,52.201932975072744],[4.471504796328214,52.201597391970836],[4.4784212411578705,52.20479892998785],[4.480259655536661,52.20195087243632]]]}},{"type":"Feature","properties":{"i":161,"c":"GM0589","n":"Oudewater"},"geometry":{"type":"Polygon","coordinates":[[[4.871412584424657,52.059280998678375],[4.875506489975029,52.06157979113164],[4.895411340235783,52.048233929022686],[4.89602589732488,52.050687716795224],[4.906504665958729,52.05347564552429],[4.9171177988276416,52.04379086068052],[4.911398028349716,52.040181629130586],[4.926681022255297,52.029986878853514],[4.9264354171655445,52.02847585870463],[4.920059170275292,52.025557854826495],[4.904974606756648,52.02647753232857],[4.920044826786975,52.010014005462985],[4.908844918069907,52.010826314326174],[4.835217849338545,51.986143024415206],[4.817805906659207,51.99976689296954],[4.857126557559708,52.00595951190742],[4.847474182043095,52.017715670213306],[4.833334777424093,52.01642293839758],[4.824994257994788,52.01723661284421],[4.815616229142339,52.01398073041705],[4.8035232039443265,52.01395616338028],[4.798700209167597,52.02227173199298],[4.809933420735512,52.02676452108886],[4.806704371254352,52.0331673055127],[4.811822229184249,52.03382451501076],[4.817192931334907,52.036931100649625],[4.829490284818108,52.04981340418642],[4.847967523464399,52.05813633769907],[4.85630507758105,52.05915179123989],[4.86822503994727,52.06344633667671],[4.871412584424657,52.059280998678375]]]}},{"type":"Feature","properties":{"i":162,"c":"GM0590","n":"Papendrecht"},"geometry":{"type":"Polygon","coordinates":[[[4.707366536804596,51.841038033570754],[4.715332661269262,51.84134357176529],[4.737263919441169,51.84646376374117],[4.7386538372887435,51.84357352029942],[4.743394625810111,51.842719745741114],[4.729638672316333,51.82216874298592],[4.707473757341077,51.82334740742553],[4.683180439999816,51.82063295650686],[4.67172945504411,51.82079131154761],[4.669672291300033,51.83137414642507],[4.672606188829574,51.838650332565855],[4.6803975254097345,51.84443943008265],[4.68182675201472,51.84909326754694],[4.707366536804596,51.841038033570754]]]}},{"type":"Feature","properties":{"i":163,"c":"GM0597","n":"Ridderkerk"},"geometry":{"type":"Polygon","coordinates":[[[4.576328454935596,51.903031724272516],[4.594782293613395,51.89423951738444],[4.61957217128148,51.88952270365348],[4.639021897763374,51.86364014825484],[4.647330743636116,51.85712244787392],[4.636515978236232,51.849662427932486],[4.627318642111222,51.8546529212564],[4.61871526621239,51.85123791786354],[4.604885362401359,51.84838588337281],[4.600154904417481,51.83873008222166],[4.571058446852479,51.8471167788059],[4.569970696493352,51.8526205417919],[4.565961257169342,51.852086314024604],[4.564105825326334,51.85347338859252],[4.549253302676403,51.87420089628907],[4.561590297176815,51.87823156846139],[4.56914614778561,51.87818036033533],[4.576328454935596,51.903031724272516]]]}},{"type":"Feature","properties":{"i":164,"c":"GM0599","n":"Rotterdam"},"geometry":{"type":"Polygon","coordinates":[[[4.071281120658267,51.933415515203606],[3.972617445403727,51.910964959269116],[3.9407495231828715,51.92157114318328],[3.9531308761008654,51.98914354978354],[4.032776826831228,52.00357127231881],[4.118589081338691,52.0045276304607],[4.1325176325520525,51.99854260041824],[4.1309872632675875,51.997179321116356],[4.135688022794809,51.992635531519824],[4.1509716872216575,51.98763620249546],[4.147280705214043,51.981393287753264],[4.155348666716927,51.97970746868319],[4.155062571849471,51.97783806176175],[4.175898189624858,51.971693793045965],[4.18749279700974,51.96683701895967],[4.187163941880206,51.9656581217405],[4.190608816413088,51.96598162456799],[4.186723852735901,51.96267591848941],[4.192396037874331,51.95480594329502],[4.21968772174625,51.941524806427395],[4.212717692580472,51.9337274674115],[4.224040864206015,51.928019361498556],[4.238864235960649,51.91590902091344],[4.285586598589595,51.89913025921404],[4.326613818831569,51.8940634085776],[4.338088745049882,51.89480464961266],[4.360241480107958,51.89944781110028],[4.391978485222565,51.89668735160646],[4.413710316260571,51.900754627114566],[4.412338318198659,51.90242111690068],[4.415676955242997,51.905024786023255],[4.409075322013517,51.91204973954171],[4.415251846650104,51.91448393680859],[4.417012492859354,51.922521876260554],[4.408177972617334,51.93218736815129],[4.409553359070114,51.93621208766679],[4.417712927726508,51.9384765965394],[4.415492170280551,51.940758547129256],[4.410802902048438,51.93826773674604],[4.403920168311498,51.937252618993924],[4.393447923149765,51.944259524637296],[4.395187815650649,51.94692704547069],[4.388910302716832,51.945529830294106],[4.379309466051416,51.96340663074408],[4.389779413904299,51.96512640571801],[4.393564127657642,51.96247163927178],[4.428131901953881,51.97662010085507],[4.44668207632061,51.96278595782473],[4.450513514588264,51.965812912172446],[4.460098399141048,51.96878248383825],[4.463240984814009,51.977526517397436],[4.469012150665038,51.98054916411708],[4.4952580469242225,51.96740299881613],[4.495799688374937,51.97184449078303],[4.5185864777034555,51.960286289319434],[4.521013105871307,51.96345256517191],[4.534985107835055,51.96827230646173],[4.535874209200227,51.97047655134464],[4.539855095774938,51.96986575401768],[4.547686283340241,51.97280661567032],[4.5565593733578185,51.96845521328272],[4.562413739891584,51.971926722981145],[4.5669360330492585,51.97118981882175],[4.574363306056129,51.972876215593956],[4.578999819739915,51.975787198703316],[4.573529403019007,51.97457612273603],[4.570229901952938,51.97903010496126],[4.5789184877093625,51.981134206044196],[4.5773122286950185,51.98640483711471],[4.57968715894923,51.987267162205505],[4.578935759587371,51.98986986932911],[4.594367518409924,51.99428155736533],[4.598720645946469,51.98832385950187],[4.593740614041994,51.97608859645752],[4.601808263517392,51.97214010485915],[4.590021947443496,51.96858096604197],[4.568012881339086,51.95807991221655],[4.564367131586324,51.95992454047266],[4.5620531092960235,51.958874549671],[4.5640634384394785,51.9508088577728],[4.5727796456100345,51.94345611657208],[4.560594461467879,51.940910083515924],[4.5652881931726075,51.92982578591424],[4.5652524408461455,51.924291562441674],[4.556912466099315,51.91991201486108],[4.537549565178805,51.91977838236622],[4.540522590289188,51.915241866164926],[4.5382220921558645,51.91534416478459],[4.537311707770142,51.9135545450875],[4.542135954527206,51.90620456107569],[4.547696035057486,51.90717380584878],[4.550262688139738,51.91481795165333],[4.553995874801194,51.91661780473691],[4.554024935414491,51.91477955901413],[4.556495888187476,51.91480314357842],[4.556828309389325,51.91038571234682],[4.551050579462643,51.909637949416236],[4.54923843615672,51.90488212948073],[4.555087560167495,51.90564646268199],[4.576328454935596,51.903031724272516],[4.569114960357262,51.878150345615296],[4.561456360808859,51.87820168339692],[4.542578666869454,51.870798658734536],[4.532026634187891,51.86877671681229],[4.5260954380879435,51.86973076261405],[4.494040269593099,51.868968184554134],[4.479915516315625,51.86527446714917],[4.480402616197965,51.86232756538618],[4.471862787563316,51.86166724169929],[4.44102022570157,51.86590974657002],[4.434700305185363,51.869109385036325],[4.418148582706474,51.87237474587059],[4.412252882424317,51.871428586248015],[4.405770930884913,51.873198200091075],[4.394846161657979,51.87233271229558],[4.388526782841334,51.86882090404401],[4.384449575909649,51.86160899627943],[4.383664525461348,51.8421182589693],[4.3675994035319565,51.84438311340303],[4.352582372319391,51.84950452125329],[4.342680194788092,51.85589544641803],[4.335553842830001,51.86430174907491],[4.266104929894935,51.8646570148669],[4.240890361320599,51.87235639697975],[4.232969616667684,51.877485803604884],[4.22769211632153,51.88772188755069],[4.2165918144009975,51.89853644648926],[4.176474620504365,51.91791967731756],[4.16818680524271,51.919057021246736],[4.167018188918261,51.92312549135318],[4.16266851504243,51.9266519509159],[4.1434882397537525,51.93170364768714],[4.107723827186142,51.936141611639506],[4.101719640398135,51.92700928294276],[4.1020027309368166,51.9235301615041],[4.09289389283768,51.932527944945555],[4.071281120658267,51.933415515203606]]]}},{"type":"Feature","properties":{"i":165,"c":"GM0603","n":"Rijswijk (ZH.)"},"geometry":{"type":"Polygon","coordinates":[[[4.3403068663270945,52.0619468218268],[4.347096416088672,52.056470658756055],[4.3445191410651,52.0540469672996],[4.352638708400241,52.04909517949527],[4.3468774932956205,52.04551755896512],[4.346394750868521,52.04289167601332],[4.3577902827076995,52.02686320107119],[4.325956241519585,52.0127933174191],[4.319389468029758,52.019916645687516],[4.309819262190722,52.01563404293073],[4.297929931114256,52.029410031450624],[4.290951689873492,52.041572979381314],[4.2983667233951595,52.04555710515847],[4.319881992580977,52.05199359499001],[4.321360543730017,52.0546208143873],[4.3403068663270945,52.0619468218268]]]}},{"type":"Feature","properties":{"i":166,"c":"GM0606","n":"Schiedam"},"geometry":{"type":"Polygon","coordinates":[[[4.379659822092736,51.96278845272806],[4.388910302716832,51.945529830294106],[4.395187815650649,51.94692704547069],[4.393447923149765,51.944259524637296],[4.403920168311498,51.937252618993924],[4.410802902048438,51.93826773674604],[4.415492170280551,51.940758547129256],[4.417712927726508,51.9384765965394],[4.409553359070114,51.93621208766679],[4.408177972617334,51.93218736815129],[4.417012492859354,51.922521876260554],[4.415251846650104,51.91448393680859],[4.409075322013517,51.91204973954171],[4.415676955242997,51.905024786023255],[4.412338318198659,51.90242111690068],[4.413710316260571,51.900754627114566],[4.394991766180139,51.89684916176702],[4.370622685253922,51.89935553138617],[4.36551264551102,51.921546196981815],[4.3621920136375545,51.92409532005255],[4.361825718620627,51.92657110144686],[4.363922082336849,51.92768746664051],[4.362568840270737,51.934907043387504],[4.350671359549573,51.951506524425554],[4.3670711794889785,51.95521991215542],[4.363509808788772,51.960870593158184],[4.379659822092736,51.96278845272806]]]}},{"type":"Feature","properties":{"i":167,"c":"GM0610","n":"Sliedrecht"},"geometry":{"type":"Polygon","coordinates":[[[4.780331044184084,51.84663568208498],[4.795601249621876,51.84497570317243],[4.803378550514581,51.84635341046305],[4.805075450764187,51.82194943131642],[4.811384104824903,51.82114788523707],[4.811415833732348,51.81865820082632],[4.78680361004195,51.81531367797808],[4.77209160003608,51.815319091480575],[4.765035400249806,51.81635009281751],[4.749798364405785,51.821926197509924],[4.729638672316333,51.82216874298592],[4.741482237563586,51.84082908321108],[4.756128746159607,51.844957742685736],[4.768013912467969,51.84386256501954],[4.780331044184084,51.84663568208498]]]}},{"type":"Feature","properties":{"i":168,"c":"GM0613","n":"Albrandswaard"},"geometry":{"type":"Polygon","coordinates":[[[4.406235375497257,51.872824142915135],[4.424549117028282,51.8713128256421],[4.436530166350453,51.868573554739626],[4.44102022570157,51.86590974657002],[4.446475414730464,51.866050920073604],[4.464356351262135,51.86212984381376],[4.480402616197965,51.86232756538618],[4.48028751091607,51.85514859282513],[4.490125179271576,51.85131549878137],[4.487187289540036,51.84854916378207],[4.492227115425779,51.84144421910119],[4.489731943449287,51.8407545509838],[4.489094304511702,51.83539557366278],[4.467119439047767,51.83194383803265],[4.4529701020376065,51.83186385854638],[4.443892510083401,51.83343058528453],[4.4141724462884495,51.8427890097038],[4.383664525461348,51.8421182589693],[4.383228671427738,51.85240215486355],[4.385162229240439,51.85375922607359],[4.3835047927665975,51.85776265808001],[4.386219940993893,51.86621743192649],[4.3930904545358205,51.87188917567635],[4.406235375497257,51.872824142915135]]]}},{"type":"Feature","properties":{"i":169,"c":"GM0622","n":"Vlaardingen"},"geometry":{"type":"Polygon","coordinates":[[[4.350137546616835,51.9513950843091],[4.362568840270737,51.934907043387504],[4.363922082336849,51.92768746664051],[4.361825718620627,51.92657110144686],[4.3621920136375545,51.92409532005255],[4.36551264551102,51.921546196981815],[4.370622685253922,51.89935553138617],[4.358386068899412,51.89927483124291],[4.338088745049882,51.89480464961266],[4.323720030761437,51.89417208406315],[4.28982715453415,51.89817388095457],[4.267571211230232,51.90533504648],[4.313693314805012,51.93489013240714],[4.322893206019209,51.94271224138936],[4.325736021219559,51.94222813564903],[4.336556426736794,51.94739700761833],[4.350137546616835,51.9513950843091]]]}},{"type":"Feature","properties":{"i":170,"c":"GM0626","n":"Voorschoten"},"geometry":{"type":"Polygon","coordinates":[[[4.459287266387879,52.149696723101265],[4.465702686174563,52.14884731402409],[4.468455039576648,52.13173925582662],[4.4469988987784665,52.113719773254914],[4.437638613329287,52.10902874952732],[4.433343297045058,52.10400860577857],[4.427902584817004,52.101470248621],[4.401159065909094,52.11186999856907],[4.442988533417634,52.14534579151196],[4.443789483936802,52.14101325659137],[4.4496050089797246,52.14098427002535],[4.459287266387879,52.149696723101265]]]}},{"type":"Feature","properties":{"i":171,"c":"GM0627","n":"Waddinxveen"},"geometry":{"type":"Polygon","coordinates":[[[4.636850896284173,52.07373713323251],[4.638348342657311,52.06480509334111],[4.659967731211821,52.06410431212414],[4.6640240913134825,52.05770504624692],[4.66696465801555,52.057627380244135],[4.669699911454787,52.05550464027044],[4.66900140767162,52.05234155179442],[4.6798040445736655,52.05207247367094],[4.677311485884245,52.043971070881156],[4.687059423001335,52.04383608221634],[4.706039290425628,52.040119702757835],[4.686667123443857,52.030356396179805],[4.667278996606637,52.0250783407814],[4.681823105672237,52.019307507439315],[4.666606553635756,52.01297063976274],[4.664516452309133,52.01578576071444],[4.667539823800712,52.02230065170052],[4.663771186219628,52.02200759710393],[4.662800276798903,52.023984267998195],[4.655184802775551,52.021015924887315],[4.648627969361852,52.02057107879818],[4.648425254348126,52.01898651917355],[4.636802564538521,52.01167990506837],[4.624735699662135,52.014722056812815],[4.591089428692113,52.035087380038085],[4.607334558111316,52.04531200009419],[4.606272715684476,52.04594910338891],[4.610355690049304,52.04672012349017],[4.610947409347628,52.04871085695136],[4.6055130351945,52.05054532114086],[4.6084215764935434,52.06313862116827],[4.606906814255547,52.07704971904048],[4.625320377665837,52.07644334051384],[4.625307180997248,52.074447230438416],[4.636850896284173,52.07373713323251]]]}},{"type":"Feature","properties":{"i":172,"c":"GM0629","n":"Wassenaar"},"geometry":{"type":"Polygon","coordinates":[[[4.375015719365246,52.18661292654706],[4.404801793511002,52.16750240944765],[4.4093191797580005,52.16934206037141],[4.41163316584188,52.16346356008512],[4.417786313231048,52.16147753270332],[4.4197715326211675,52.16234433496292],[4.425973997077557,52.159229811979124],[4.440143914338556,52.1558462624385],[4.4388651577225176,52.15326448951155],[4.443939312213433,52.14604126826835],[4.400933544128691,52.111615569198975],[4.372709297259247,52.094772598397384],[4.358489258424486,52.1057613172317],[4.342318100385341,52.09748183501793],[4.3385733738980905,52.097434813021444],[4.3372529304728715,52.098769514979644],[4.327484459342882,52.09556709983114],[4.323282025903323,52.09921651475113],[4.332264275519504,52.10304008868886],[4.330317365933304,52.10434201377397],[4.333060414087676,52.10573078588448],[4.302505794457216,52.12861600203258],[4.290063187592443,52.13503622543212],[4.332639617740765,52.16843668743981],[4.360001774001398,52.192677399651686],[4.375015719365246,52.18661292654706]]]}},{"type":"Feature","properties":{"i":173,"c":"GM0632","n":"Woerden"},"geometry":{"type":"Polygon","coordinates":[[[4.903719663914048,52.16204893039321],[4.911106369306105,52.16065610818817],[4.91177757633904,52.144254479203816],[4.923601714468987,52.147318883611874],[4.934697161842162,52.138604839676454],[4.943947464652018,52.12750977940288],[4.960992107580019,52.13336761550556],[4.980224632640634,52.11225614430095],[4.979624917983694,52.108722435585186],[4.9760969482624215,52.10782285673365],[4.973276936114486,52.10137408384112],[4.975659728804673,52.09978958809344],[4.989327150993524,52.10075531088308],[4.994216723463266,52.0903665003404],[5.005011261519858,52.08848530225089],[4.999498258417034,52.06613145110336],[4.995845259741349,52.06733426818471],[4.982591046982,52.064950464395984],[4.970500847493512,52.06756012627219],[4.956773344703077,52.06593289392027],[4.956333252701144,52.0702993633088],[4.936142505860893,52.07992033515405],[4.92466104687349,52.077590576255446],[4.905083265678602,52.070014780883206],[4.874516390784395,52.06819075110399],[4.842203786964619,52.06900559193401],[4.829807904343692,52.06682340680032],[4.834035389702915,52.07273585425501],[4.833045260724455,52.07482693379697],[4.826275688820727,52.074643579540655],[4.823347904328932,52.0933685301428],[4.823055887288081,52.105192808654536],[4.825379802160084,52.10708719179393],[4.792345365218036,52.12316414373728],[4.798341617958972,52.12529872970966],[4.802096797610424,52.12488860303046],[4.806415838392149,52.127421867312655],[4.808882166507423,52.13188774837639],[4.8074855260742835,52.135021588956064],[4.813111095705915,52.14017324765718],[4.816665725520579,52.13938693529345],[4.820494631384725,52.142216361017745],[4.826471852682553,52.142176335215396],[4.832857875636504,52.14476236272649],[4.83412819579715,52.14287649511129],[4.836704643281685,52.142879926431675],[4.837366435385595,52.14064959788651],[4.840276082110146,52.14156075001355],[4.842871911978285,52.13945955803366],[4.851478613242483,52.13967440661917],[4.855238668051162,52.13720962248782],[4.874518482020099,52.138831419262104],[4.873623465538308,52.156082513365554],[4.892178257350751,52.161797924353955],[4.903719663914048,52.16204893039321]]]}},{"type":"Feature","properties":{"i":174,"c":"GM0637","n":"Zoetermeer"},"geometry":{"type":"Polygon","coordinates":[[[4.504449610751035,52.093290335724014],[4.530579976306776,52.08049803614551],[4.536047380019492,52.076928100475044],[4.533694957728817,52.073051135067786],[4.557686358631708,52.060952535639714],[4.550565546755806,52.05633734997621],[4.545335362811337,52.048936295350664],[4.534665621829228,52.049563257483726],[4.515291513558556,52.03921600084506],[4.505729878499603,52.03213992353861],[4.477027886667907,52.031280580059764],[4.470743679216729,52.040477714078534],[4.4576438068884245,52.0386186635531],[4.450564138426749,52.04921021133637],[4.422072404318243,52.05167309217663],[4.415230887342323,52.05701290739468],[4.422489655046279,52.057194044377916],[4.421404200219826,52.0633034605031],[4.455462471884164,52.07831311520227],[4.475659860987388,52.08129630558677],[4.47427472775987,52.085260669620695],[4.493018074574821,52.087751917647495],[4.492218926699615,52.09000976735015],[4.497805895678587,52.08783756666236],[4.49996703605819,52.091655206836755],[4.504449610751035,52.093290335724014]]]}},{"type":"Feature","properties":{"i":175,"c":"GM0638","n":"Zoeterwoude"},"geometry":{"type":"Polygon","coordinates":[[[4.5240697180603355,52.14733693105197],[4.530471830317483,52.14196103798084],[4.543948746746032,52.14084349420203],[4.550733049189814,52.138380289860905],[4.546307161471579,52.134021202785476],[4.547620538652342,52.13231004907088],[4.541393557675341,52.12348073856879],[4.541905300892842,52.11866020785387],[4.53532276872804,52.12043248190555],[4.537134665602375,52.083945983048935],[4.530555179994742,52.08051073636893],[4.504449610751035,52.093290335724014],[4.49996703605819,52.091655206836755],[4.497805895678587,52.08783756666236],[4.4918140848794135,52.09003162638408],[4.490413658845389,52.0978583899478],[4.470825787240942,52.117708107459116],[4.513212768724919,52.13997414868675],[4.510676580845136,52.14086588089112],[4.515544987655127,52.14446361225719],[4.5240697180603355,52.14733693105197]]]}},{"type":"Feature","properties":{"i":176,"c":"GM0642","n":"Zwijndrecht"},"geometry":{"type":"Polygon","coordinates":[[[4.598831096060829,51.83907228073919],[4.63720863392965,51.82534832138087],[4.6618857624242676,51.83160788928001],[4.671708690614238,51.82085397978016],[4.661898520984429,51.81851163025168],[4.639937438908349,51.8046885011483],[4.626037119221974,51.801022188382056],[4.618780127514681,51.80121055108865],[4.596572114698275,51.806477348106824],[4.579552341445187,51.80800396707438],[4.564462043679717,51.81433016498466],[4.553608701410051,51.829896909520144],[4.560013425147394,51.83879126859586],[4.571058446852479,51.8471167788059],[4.598831096060829,51.83907228073919]]]}},{"type":"Feature","properties":{"i":177,"c":"GM0654","n":"Borsele"},"geometry":{"type":"Polygon","coordinates":[[[3.7180529715691324,51.42765138326107],[3.696391830353821,51.445851142020125],[3.709836686893065,51.45324720061474],[3.7174235312774164,51.46960767725973],[3.710584536020228,51.471511933305294],[3.6985066248651455,51.46969279621315],[3.695678084402964,51.47111472010009],[3.706466170590054,51.47792000475541],[3.7043350821196337,51.481804602027005],[3.700091174821611,51.48319453554933],[3.6990504652395484,51.49234097577713],[3.7055363196695366,51.502455912420935],[3.7737439090575493,51.49747412054561],[3.782973851696147,51.49461148293729],[3.8003300296588645,51.48560862349716],[3.8104629840050106,51.48312531763726],[3.8412281481180712,51.485298608964584],[3.8696565744737796,51.482570336357234],[3.8744228637611102,51.48001344711677],[3.8816118889413564,51.48104189381335],[3.912877670534414,51.479121582792175],[3.908413975988712,51.47194467808568],[3.9089232163902046,51.467972202613396],[3.916273002498307,51.463402131265674],[3.9285102343483875,51.45879065498224],[3.9254327369139275,51.45151966812157],[3.933849213803667,51.448355182504464],[3.9632085556772556,51.42201010766446],[3.924473208451599,51.378044646564035],[3.8082312296127085,51.35574551493129],[3.7755211747254656,51.392173957764285],[3.7380349366440324,51.39460895824647],[3.7366001414327497,51.411112799146935],[3.7244777669888993,51.414601374381704],[3.710426270823913,51.42393810220523],[3.7180529715691324,51.42765138326107]]]}},{"type":"Feature","properties":{"i":178,"c":"GM0664","n":"Goes"},"geometry":{"type":"Polygon","coordinates":[[[3.746943476787084,51.516852472930246],[3.71360717146356,51.53036700062116],[3.715239984074972,51.53198860786306],[3.7359734533679707,51.542124141704676],[3.743814894020726,51.547688945362246],[3.762856994847103,51.55341712500366],[3.7682878345506623,51.552773281382635],[3.793581593289754,51.54247953720742],[3.8022411860684326,51.54360010551056],[3.812655547460542,51.54775787565399],[3.8342364488571032,51.5530089453133],[3.8402278415713007,51.55106197951101],[3.852477477187178,51.54319304305407],[3.859510327862603,51.54117293655247],[3.870944789016877,51.541938512894525],[3.8965534123399417,51.549918036641195],[3.90788843088134,51.550281817408404],[3.9131481885355552,51.54905374426526],[3.914484449985823,51.546975952536165],[3.9225065124342335,51.546710710738346],[3.922292542576734,51.54450300350476],[3.9240163536110892,51.5455943967556],[3.927540188409775,51.544342628588026],[3.9343280709162944,51.53646439253377],[3.95229754168596,51.53130246684232],[3.971449221358593,51.52844855953681],[3.9635060389436774,51.5206132248514],[3.9651694072196424,51.50635038423506],[3.9438884418942495,51.49741021707059],[3.9401845444840253,51.49314318089511],[3.925725633450516,51.49182465344351],[3.9247437862624404,51.48537235657467],[3.9209184357526974,51.48611443889762],[3.9150185617662507,51.48479960278825],[3.916764423306086,51.481596602160224],[3.912877670534414,51.479121582792175],[3.8816118889413564,51.48104189381335],[3.8744228637611102,51.48001344711677],[3.8696565744737796,51.482570336357234],[3.8412281481180712,51.485298608964584],[3.8104629840050106,51.48312531763726],[3.8003300296588645,51.48560862349716],[3.782973851696147,51.49461148293729],[3.7737439090575493,51.49747412054561],[3.7055363196695366,51.502455912420935],[3.7056085257996085,51.503641584862095],[3.7108537044986,51.50347024296637],[3.711103158279648,51.50672068987324],[3.745245000671266,51.512471951833675],[3.746943476787084,51.516852472930246]]]}},{"type":"Feature","properties":{"i":179,"c":"GM0668","n":"West Maas en Waal"},"geometry":{"type":"Polygon","coordinates":[[[5.53098133884612,51.89142296521887],[5.539377517026085,51.89187530138596],[5.543120198478131,51.88840401444779],[5.550467495901841,51.88804136605095],[5.576992866400038,51.89243662113127],[5.571459826893991,51.88391188412895],[5.569584620957866,51.88492408398463],[5.566437474594278,51.88394834399828],[5.569378185974177,51.8797261568391],[5.568435464315428,51.876545473041524],[5.560255857251878,51.875047873880895],[5.559601266724012,51.87050720852627],[5.5537823438535865,51.870373761156195],[5.553037973654881,51.86253639940585],[5.577273267035798,51.86458490430753],[5.578710753320232,51.85920496819437],[5.585039372977529,51.857129555899256],[5.58103689451656,51.851146994855036],[5.585013289690337,51.83910658735805],[5.598269400477076,51.839544215182116],[5.598493643095127,51.837851202395385],[5.609769558763206,51.83635317925711],[5.606631285484648,51.83568927889821],[5.609857531121377,51.833939929600334],[5.60780819619399,51.83310367654259],[5.608961903328595,51.83098882683148],[5.602884360069374,51.82823549727782],[5.587397711714245,51.82970206107298],[5.557573134868677,51.827412454320125],[5.552007842177565,51.824850939022056],[5.546737523222401,51.81819639443595],[5.539479227237414,51.816219616274054],[5.5177342439033685,51.819283923514575],[5.503255130072511,51.828763908739774],[5.491654292361625,51.830680355736376],[5.4829876948766145,51.827964288091955],[5.476146613253128,51.81628480498606],[5.466958278777354,51.81166241016119],[5.442303861113691,51.80958232199523],[5.433604388440741,51.810341120999226],[5.424906216026192,51.812995821257516],[5.414885450618373,51.82129019023703],[5.415015459528249,51.82501745305732],[5.4083313730804345,51.82928062276303],[5.405382547175493,51.83503562511972],[5.400633217372545,51.837658774296735],[5.412964740480257,51.84827644856473],[5.420868140968664,51.86352100114089],[5.434093882537054,51.877639507015736],[5.446879195596818,51.88513258065605],[5.458111353168174,51.888369504065786],[5.50602599278648,51.88951396966396],[5.531362562398016,51.894753370636295],[5.53098133884612,51.89142296521887]]]}},{"type":"Feature","properties":{"i":180,"c":"GM0677","n":"Hulst"},"geometry":{"type":"Polygon","coordinates":[[[4.236805273307419,51.349755452299064],[4.166131685066448,51.292892891552846],[4.070633132564104,51.25073861650212],[4.0640773758111255,51.24749237291592],[4.061848170320277,51.24457291567953],[4.04055211503278,51.241317620552444],[4.036537325246214,51.24567841542411],[4.0244904930713385,51.241499849379814],[4.020934080986561,51.24536556207533],[4.014928360017309,51.24509223140105],[4.005692969529377,51.24187590967161],[4.003360525766126,51.243312038362276],[3.9968951098659597,51.24111344893476],[3.9941128771077663,51.24282551700947],[3.9931192130990105,51.24800340981204],[3.9875903233067005,51.24980946612728],[3.9822366947585284,51.249109826469585],[3.9788792571150617,51.30081453822653],[3.9718847112243583,51.30037089544032],[3.95710971013437,51.30487494771697],[3.953275539438394,51.30829090515579],[3.9617451047484034,51.332656289066065],[3.9593924201601336,51.35132298556166],[3.9545993964773576,51.35696149236809],[3.9576523891236,51.36383073547605],[3.9570467825977143,51.36481266097567],[3.9425611348486176,51.364847624584456],[3.9243623252762676,51.37791865409566],[3.9632085556772556,51.42201010766446],[4.019778284798018,51.42016690380507],[4.048075331088605,51.389895378919725],[4.114947509852532,51.39100475948518],[4.102550644044498,51.36686196850925],[4.141024396334057,51.37043539204702],[4.194416836177484,51.38629227422535],[4.2073319294579195,51.38717811090338],[4.22093798096553,51.36145912001077],[4.236805273307419,51.349755452299064]]]}},{"type":"Feature","properties":{"i":181,"c":"GM0678","n":"Kapelle"},"geometry":{"type":"Polygon","coordinates":[[[3.9353515290819234,51.44701278906914],[3.9254327369139275,51.45151966812157],[3.9285102343483875,51.45879065498224],[3.916273002498307,51.463402131265674],[3.9077302906990083,51.4695601713578],[3.912877670534414,51.479121582792175],[3.916764423306086,51.481596602160224],[3.9150185617662507,51.48479960278825],[3.9209184357526974,51.48611443889762],[3.9247437862624404,51.48537235657467],[3.925725633450516,51.49182465344351],[3.9401845444840253,51.49314318089511],[3.9438884418942495,51.49741021707059],[3.9651694072196424,51.50635038423506],[3.9635060389436774,51.5206132248514],[3.971449221358593,51.52844855953681],[3.9461704698923428,51.5326342515786],[3.9379791051280373,51.53577768806996],[3.9609589580734887,51.55147732282514],[3.986015566325399,51.5462236194211],[3.983477776102982,51.54506318240865],[3.9872714208874442,51.5432595933201],[3.992053219368695,51.5450985205785],[3.9984326646375714,51.54433316867175],[4.005485437965194,51.53996741614644],[4.013079901665691,51.538244250681224],[4.013667790524768,51.51745100097316],[4.0173881212846485,51.512450458880934],[4.0135928126908285,51.50758818332772],[4.0047311849422975,51.50484329460966],[4.007322826793218,51.45863420533335],[3.9988655101088035,51.456273138031],[3.9914506813417256,51.449803088136576],[3.985312600900634,51.45292753540352],[3.9677124402637953,51.456321649694765],[3.949576173685064,51.454016207491065],[3.942158857399206,51.451523743827444],[3.9353515290819234,51.44701278906914]]]}},{"type":"Feature","properties":{"i":182,"c":"GM0687","n":"Middelburg (Z.)"},"geometry":{"type":"Polygon","coordinates":[[[3.6131581309247327,51.535141985826044],[3.617135060325926,51.525256538644165],[3.633938686094348,51.52599133757815],[3.634544150812851,51.520542331723945],[3.641596778136104,51.519693203853095],[3.656506089922944,51.52217292428318],[3.6588403409576156,51.51926115752997],[3.6808356484939346,51.53495781852142],[3.696382259150473,51.53518387740535],[3.6953383648683618,51.53046346949682],[3.700386039247241,51.52235217392012],[3.70567192700332,51.52448648661862],[3.711879044576162,51.531066537147474],[3.746943476787084,51.516852472930246],[3.745245000671266,51.512471951833675],[3.711103158279648,51.50672068987324],[3.7108537044986,51.50347024296637],[3.7056085257996085,51.503641584862095],[3.6990504652395484,51.49234097577713],[3.700091174821611,51.48319453554933],[3.703647930991384,51.48227035193919],[3.6920268826252554,51.47980854365503],[3.6668909467665527,51.4696150887818],[3.658648756477091,51.46814282035549],[3.6501026034208355,51.46929467024661],[3.6292148084049036,51.48091444427472],[3.6216558630743823,51.47548451442161],[3.6177288292144905,51.477754977843496],[3.608905958984286,51.47552480775315],[3.601760547660893,51.47932624497591],[3.5996588022604894,51.47529456098709],[3.58937583663974,51.47986291730553],[3.586980608949379,51.47924966763051],[3.584762172210929,51.48289152006907],[3.583202062868003,51.48267960508568],[3.57963044885668,51.489215864284056],[3.5850302656652255,51.49090839269118],[3.5849200190128356,51.49431493297219],[3.5752962971626405,51.50662378035955],[3.583423187725076,51.508661016240964],[3.578837723707811,51.51242509676105],[3.5828483921470684,51.513473579536516],[3.5836842997715435,51.51962664700161],[3.5966348288254255,51.522451617485174],[3.593782538658243,51.528640159536586],[3.589778516505125,51.53181132852913],[3.6026703033504366,51.53491678580937],[3.603544509625796,51.53395736801951],[3.6131581309247327,51.535141985826044]]]}},{"type":"Feature","properties":{"i":183,"c":"GM0703","n":"Reimerswaal"},"geometry":{"type":"Polygon","coordinates":[[[3.9914506813417256,51.449803088136576],[3.9988655101088035,51.456273138031],[4.007322826793218,51.45863420533335],[4.0047311849422975,51.50484329460966],[4.0135928126908285,51.50758818332772],[4.0173881212846485,51.512450458880934],[4.013667790524768,51.51745100097316],[4.013079901665691,51.538244250681224],[4.047784277560813,51.53159618578271],[4.053472589770671,51.52928315062102],[4.057066987997725,51.529827167021786],[4.067524995569418,51.526471658084255],[4.060389801238723,51.50963225120628],[4.11218170237459,51.506217042975436],[4.133908477156676,51.47955529090271],[4.23032777075385,51.488904258354545],[4.27585163875772,51.42504941254955],[4.266446871636862,51.41997948526124],[4.263732257681833,51.41644911095473],[4.269061035958648,51.40034739316467],[4.268633596742738,51.38812645302141],[4.2663490226177565,51.3865406355335],[4.268382050379625,51.3835458916864],[4.2736976882689826,51.383149889969324],[4.27742457849073,51.376035243616236],[4.217576809578368,51.373885133008116],[4.222066239579659,51.36451027080005],[4.226746039184,51.359758642616605],[4.24204892382529,51.35396709264863],[4.236805273307419,51.349755452299064],[4.22093798096553,51.36145912001077],[4.208915607853408,51.38601345571018],[4.206022312338829,51.38746930525368],[4.194416836177484,51.38629227422535],[4.141024396334057,51.37043539204702],[4.102550644044498,51.36686196850925],[4.114947509852532,51.39100475948518],[4.048075331088605,51.389895378919725],[4.019778284798018,51.42016690380507],[3.9632085556772556,51.42201010766446],[3.9353515290819234,51.44701278906914],[3.942158857399206,51.451523743827444],[3.949576173685064,51.454016207491065],[3.9669558284649775,51.45626632511636],[3.9792535804234115,51.454574872917505],[3.9914506813417256,51.449803088136576]]]}},{"type":"Feature","properties":{"i":184,"c":"GM0715","n":"Terneuzen"},"geometry":{"type":"Polygon","coordinates":[[[3.7755211747254656,51.392173957764285],[3.8082312296127085,51.35574551493129],[3.924473208451599,51.378044646564035],[3.9425611348486176,51.364847624584456],[3.9570467825977143,51.36481266097567],[3.9545993964773576,51.35696149236809],[3.9593924201601336,51.35132298556166],[3.9617451047484034,51.332656289066065],[3.953275539438394,51.30829090515579],[3.95710971013437,51.30487494771697],[3.9718847112243583,51.30037089544032],[3.9788792571150617,51.30081453822653],[3.9822366947585284,51.249109826469585],[3.9875903233067005,51.24980946612728],[3.9931192130990105,51.24800340981204],[3.9941128771077663,51.24282551700947],[3.9968951098659597,51.24111344893476],[4.003360525766126,51.243312038362276],[4.005692969529377,51.24187590967161],[3.9884350766149526,51.23330284384352],[3.986204966998471,51.23415952639888],[3.9789186947605684,51.2253662281807],[3.9642914625326577,51.22395446520255],[3.958562370030358,51.2158072854115],[3.9466394604818658,51.21550796376884],[3.9359800471567263,51.21189276527645],[3.929418487919724,51.22026037109654],[3.9254498135165234,51.217106295270526],[3.919632176361798,51.21707076389592],[3.918527160368596,51.21483807392957],[3.9160047142889383,51.21463393226238],[3.9186286032582376,51.20776349187196],[3.915337451085391,51.20816984028557],[3.9115468819392833,51.205444642833385],[3.900065313325822,51.20184910816873],[3.894082045890465,51.20343556489441],[3.8863495625513527,51.200162125003416],[3.8776255838744302,51.208013020613194],[3.8902439496188768,51.21399591799256],[3.8933464650048735,51.21866247023282],[3.8885485010487932,51.22301808322449],[3.8595737703480895,51.21083069063755],[3.8524113582153223,51.213215738394204],[3.8496426941285535,51.21173344930682],[3.8363654307431276,51.21379572361168],[3.8251163730618116,51.20893084466722],[3.8060270995624483,51.21337931693152],[3.804047020351692,51.213202321878235],[3.8049897383777993,51.210120632956674],[3.7992914814741927,51.210864372830706],[3.78962728664006,51.21588118807872],[3.788455287168249,51.226372814990036],[3.789451517577319,51.24578628216847],[3.7954733120833892,51.256053337268625],[3.785433763814934,51.25846732119856],[3.773783624937359,51.26397522713904],[3.7693421327940873,51.25984976403985],[3.762513734486408,51.26178083042628],[3.7557143610417976,51.26934414982893],[3.752412550938494,51.270266688648626],[3.7517257307488334,51.26916048903963],[3.723088363350529,51.27334534116504],[3.718913473269049,51.271535429076124],[3.7127010584319216,51.272103087262124],[3.6939337047768857,51.2760390470577],[3.6981812384800605,51.282714211666814],[3.7014184993125574,51.28267225575593],[3.69809073142716,51.28501463901626],[3.7066106347298704,51.28882602465723],[3.7059628860952625,51.30029150144772],[3.70402960360856,51.30247915285468],[3.7071433032262973,51.306636405275015],[3.7035824298552122,51.30994319284122],[3.7124087083816986,51.31579067617413],[3.6862836854338012,51.321598786402156],[3.666204183523414,51.319811714134744],[3.663827731534959,51.32523888778431],[3.659991272399288,51.324886869770694],[3.6579721570138872,51.33335050323122],[3.653309821169521,51.33175006686851],[3.6441490014893114,51.34183072774641],[3.649599205136358,51.34273152989777],[3.647242164322403,51.35004875093809],[3.654196526386864,51.348390225548066],[3.6593981908405437,51.35113526296016],[3.682867085305819,51.353483221682644],[3.6823863435755064,51.35527317241911],[3.687845120827442,51.355576878701505],[3.68981466900528,51.35335068393944],[3.6938143787209463,51.35247378509912],[3.6914697555368083,51.39761639852934],[3.7755211747254656,51.392173957764285]]]}},{"type":"Feature","properties":{"i":185,"c":"GM0716","n":"Tholen"},"geometry":{"type":"Polygon","coordinates":[[[4.142988857928693,51.6525012444425],[4.172794308789991,51.64613472443691],[4.177427965193222,51.64281807579335],[4.191777032604537,51.63837393907164],[4.195885160708589,51.63941356443453],[4.202700613768598,51.660764318742075],[4.242786202900129,51.64706300614048],[4.23816824039922,51.6342978854068],[4.211944514061885,51.62678860002616],[4.199272708831615,51.61953861016437],[4.192806110934691,51.61153998682475],[4.190124099799313,51.60275104866459],[4.1914305905988645,51.59562835317839],[4.19571796689707,51.588975187003776],[4.2281211189959595,51.56371631031709],[4.23520176859147,51.55395265198956],[4.235068339008814,51.54148216252542],[4.218799785943959,51.50896139914886],[4.21892721308954,51.50485845863981],[4.23032777075385,51.488904258354545],[4.133908477156676,51.47955529090271],[4.11218170237459,51.506217042975436],[4.060389801238723,51.50963225120628],[4.0662588218395745,51.52699018097848],[4.00584526973045,51.53984298304285],[3.9984326646375714,51.54433316867175],[3.992053219368695,51.5450985205785],[3.9872714208874442,51.5432595933201],[3.983477776102982,51.54506318240865],[3.986015566325399,51.5462236194211],[3.9368252133882793,51.55653128948885],[3.9247605146855196,51.60786085900904],[3.9487342956866116,51.61529216284617],[3.9487028214905227,51.61918921762218],[3.9585765714830328,51.613763149875105],[3.9683697697066163,51.61267184042934],[3.980370362406388,51.613709439688385],[3.988800016952989,51.61093209264207],[4.014931444027475,51.606859461098765],[4.023329411500321,51.60689218708316],[4.029111242722346,51.60961986312643],[4.031298391933798,51.60918345889735],[4.052945647858196,51.62099535177401],[4.055748258734354,51.61269734595095],[4.070696658869897,51.617369084216335],[4.082769281764946,51.62455727090809],[4.089891191447087,51.63065854220859],[4.083251072795535,51.62948612505399],[4.086010952756847,51.63356297851847],[4.116387855543136,51.65537335036121],[4.12726379308706,51.65798694028252],[4.142988857928693,51.6525012444425]]]}},{"type":"Feature","properties":{"i":186,"c":"GM0717","n":"Veere"},"geometry":{"type":"Polygon","coordinates":[[[3.458737037686638,51.50890498860679],[3.4325765347374944,51.52599306991515],[3.4346737910997627,51.542250074360574],[3.4565195136024007,51.54989778423983],[3.48283515638634,51.56254287880226],[3.4859173773348333,51.5736285688687],[3.5709191192093517,51.604741655013974],[3.611341043308232,51.65036335136166],[3.7488853849877923,51.650322657642725],[3.7079621117627557,51.59872578171474],[3.699092182852104,51.60106156029036],[3.695692191084427,51.59961027285649],[3.689547805770829,51.601515266987136],[3.654523825831133,51.59609355998908],[3.630296655731526,51.59597541725742],[3.6347975715844862,51.58701585357509],[3.653128255982476,51.56846340215556],[3.671077683841788,51.56382933489931],[3.694674138017707,51.55016706698196],[3.698571847229048,51.54458301693734],[3.697841714024296,51.53866180169762],[3.696382259150473,51.53518387740535],[3.6808356484939346,51.53495781852142],[3.6588403409576156,51.51926115752997],[3.656506089922944,51.52217292428318],[3.641596778136104,51.519693203853095],[3.634544150812851,51.520542331723945],[3.633938686094348,51.52599133757815],[3.617135060325926,51.525256538644165],[3.6131581309247327,51.535141985826044],[3.603544509625796,51.53395736801951],[3.602621401226115,51.534910284823326],[3.589778516505125,51.53181132852913],[3.593782538658243,51.528640159536586],[3.5966348288254255,51.522451617485174],[3.5836842997715435,51.51962664700161],[3.5828483921470684,51.513473579536516],[3.578837723707811,51.51242509676105],[3.583423187725076,51.508661016240964],[3.5752962971626405,51.50662378035955],[3.5849200190128356,51.49431493297219],[3.5850302656652255,51.49090839269118],[3.57963044885668,51.489215864284056],[3.5869787778926834,51.479253370463766],[3.5839231554703734,51.478457637215556],[3.5823420604240743,51.47581205488799],[3.5757023816080356,51.47444726744437],[3.5742949723776274,51.47743943075892],[3.570674960444315,51.47687534617675],[3.56605766758129,51.478248706421105],[3.5645671356741078,51.47042975684624],[3.5602267500745284,51.47118626114951],[3.5551706610580562,51.467901993121785],[3.552761168257663,51.470955511561776],[3.544345906069626,51.46649944030068],[3.5253784410358517,51.46224614916601],[3.4961749118475254,51.492491510748536],[3.458737037686638,51.50890498860679]]]}},{"type":"Feature","properties":{"i":187,"c":"GM0718","n":"Vlissingen"},"geometry":{"type":"Polygon","coordinates":[[[3.4224817334670816,51.39141671169408],[3.377409438370289,51.37896263891787],[3.3774511056760637,51.37770068016448],[3.374802260514805,51.378047928132325],[3.3751741952419563,51.376552717092345],[3.372062362048664,51.37672202950815],[3.371986032029373,51.37526247427723],[3.363062215203803,51.37288053992475],[3.3525559687461395,51.37861110773003],[3.307937713709276,51.43337622344281],[3.3873010849441876,51.59251805944836],[3.452581864901367,51.616407758766535],[3.4859173773348333,51.5736285688687],[3.4845656043818485,51.56418153690835],[3.4565195136024007,51.54989778423983],[3.4346737910997627,51.542250074360574],[3.4320622712655364,51.528446509184015],[3.4351385683710918,51.52357442310398],[3.441104794456845,51.52125323843002],[3.4543062604258377,51.510746381688456],[3.4961749118475254,51.492491510748536],[3.5253784410358517,51.46224614916601],[3.544345906069626,51.46649944030068],[3.552761168257663,51.470955511561776],[3.5551706610580562,51.467901993121785],[3.5602267500745284,51.47118626114951],[3.5645671356741078,51.47042975684624],[3.56605766758129,51.478248706421105],[3.570674960444315,51.47687534617675],[3.5742949723776274,51.47743943075892],[3.5757023816080356,51.47444726744437],[3.5823420604240743,51.47581205488799],[3.5839357633757594,51.47846538407931],[3.58937583663974,51.47986291730553],[3.5996588022604894,51.47529456098709],[3.601760547660893,51.47932624497591],[3.608905958984286,51.47552480775315],[3.6177288292144905,51.477754977843496],[3.6216558630743823,51.47548451442161],[3.6292148084049036,51.48091444427472],[3.648053057552535,51.46996743772054],[3.65897816325541,51.468149470314835],[3.667501265854655,51.469822510940794],[3.6956976466309874,51.481001232337086],[3.703647930991384,51.48227035193919],[3.706228033263109,51.477478927299536],[3.695678084402964,51.47111472010009],[3.6985066248651455,51.46969279621315],[3.710584536020228,51.471511933305294],[3.7174235312774164,51.46960767725973],[3.709836686893065,51.45324720061474],[3.696391830353821,51.445851142020125],[3.7180529715691324,51.42765138326107],[3.710426270823913,51.42393810220523],[3.7244777669888993,51.414601374381704],[3.7366001414327497,51.411112799146935],[3.7380349366440324,51.39460895824647],[3.5594190793506764,51.40604178984479],[3.5573393181006163,51.40081388395017],[3.5573851424889744,51.40292153432319],[3.5509080212510074,51.40599587204058],[3.5150063466684527,51.409016017706826],[3.5034599045675456,51.40783008365368],[3.4979907244392785,51.40420979333007],[3.4825600314126732,51.399573159784325],[3.4551762079411925,51.39484790489583],[3.4481006866556467,51.39194802540995],[3.4402504408882533,51.39118297333175],[3.4327452660332516,51.3925915630525],[3.4224817334670816,51.39141671169408]]]}},{"type":"Feature","properties":{"i":188,"c":"GM0736","n":"De Ronde Venen"},"geometry":{"type":"Polygon","coordinates":[[[5.014482695421344,52.30361422848291],[5.021543197750203,52.30245685410933],[5.021867210335102,52.28265327298401],[5.007463039530621,52.23170452094182],[4.997414948823567,52.230817247977235],[4.994727577909498,52.232474231507766],[4.994729787464812,52.23026634445022],[4.98041360292629,52.226847399279855],[4.982874235353468,52.22241560038527],[4.973746602117223,52.220598421540736],[4.966595725219887,52.20005231883586],[4.96138767236806,52.1994751237825],[4.960808553013501,52.19781978727425],[4.950881271078733,52.198638503941254],[4.948382719442111,52.19359818853098],[4.948571574298352,52.18578468823825],[4.945712624585099,52.18581299464643],[4.933995273790809,52.17694503977637],[4.935006837623581,52.17585480798387],[4.931409957988637,52.17370976145397],[4.932468009009763,52.17249369129176],[4.92860632004422,52.167200116527354],[4.908262800096069,52.16149440444333],[4.891742548799288,52.1617708663558],[4.855581829857066,52.17891717931639],[4.843920856558452,52.18012163179502],[4.823444801458339,52.19326570270831],[4.822209134530573,52.196124585922696],[4.8143998753275845,52.199309257020545],[4.813594311293709,52.201847122620784],[4.802925128546588,52.2010277611362],[4.8021496652337605,52.21763360662236],[4.79442987513672,52.223423404321885],[4.794575698827034,52.22673066922233],[4.8054037781815575,52.22798871151185],[4.81445519474397,52.22722410481176],[4.830107177448557,52.23091267141704],[4.838686664104933,52.23536565801951],[4.842826069800322,52.23533922593801],[4.847279677547,52.23976531467774],[4.851625656162926,52.2389949357463],[4.851254287859623,52.24186694630959],[4.85493788687419,52.24214562338283],[4.857521717553051,52.24772305977302],[4.868582568384266,52.251579196177644],[4.870036504930112,52.25336131356931],[4.873852939416563,52.25074263808466],[4.882718839218791,52.25371152028112],[4.887016496295553,52.25089884404742],[4.8913254373477235,52.25330292738906],[4.898568545861059,52.2509322449477],[4.903075744020323,52.25320452323537],[4.9108051265714785,52.2526139703499],[4.91760069140949,52.257076597960534],[4.91811789901432,52.26169544428786],[4.923256631664231,52.26309038701954],[4.924747907497558,52.26700060137753],[4.9294216842884095,52.26840341108176],[4.926651427002988,52.27244479538321],[4.926444448563468,52.279779618901216],[4.933801279338836,52.28089316244299],[4.9426915207456785,52.2781839640726],[4.953797694947902,52.27802698852964],[4.961053635578966,52.27817420516387],[4.962243970240719,52.280206531520605],[4.966165619974444,52.28097984413487],[4.96767433829888,52.279582305366795],[4.969726307902007,52.28312083183552],[4.983505891974225,52.29036814074988],[4.997475368621308,52.28911835905605],[5.0017893471344905,52.29279291183658],[5.00383450590892,52.29850932023583],[5.014482695421344,52.30361422848291]]]}},{"type":"Feature","properties":{"i":189,"c":"GM0737","n":"Tytsjerksteradiel"},"geometry":{"type":"Polygon","coordinates":[[[5.876350368489118,53.28148389029461],[5.893195619333753,53.26973351620802],[5.91447999660596,53.25862980151678],[5.922955085771077,53.257405059595825],[5.925913667390394,53.254729835704815],[5.925651759359713,53.25220099528368],[5.942991897042156,53.25042817582875],[5.95597354683944,53.228056320158394],[5.9729097631324,53.22793460435782],[5.9833550486940315,53.22984326852548],[6.017790410037918,53.24124191657885],[6.019837180444228,53.240861042494096],[6.027244176079324,53.23013254677825],[6.0862889849621835,53.21502598837],[6.081699676220607,53.21408577357872],[6.080137612272483,53.21315534439597],[6.081904603504616,53.21117147331323],[6.078723894563093,53.210677736660564],[6.084109917213456,53.20846324826445],[6.0785582215725995,53.20671601750327],[6.084052825387564,53.1957658980336],[6.09977204983397,53.185764107149915],[6.108946751139011,53.17633173684017],[6.114593423498229,53.17597764986149],[6.104529772410641,53.150421436296085],[6.093943080977879,53.15613438190154],[6.0887995401008945,53.15392826588484],[6.08520487139084,53.15898834255636],[6.0789316497946455,53.156455159629346],[6.019773318552741,53.15536509093383],[6.01172313737625,53.154281968300545],[5.996992722673654,53.14777159394475],[5.974422929389006,53.134627323725965],[5.943277513742823,53.12444187104204],[5.943459668736255,53.12161398379921],[5.937219035582363,53.1260864125265],[5.9233559952819395,53.130909858737496],[5.908628811310356,53.144780497672954],[5.918962201037704,53.149172630963164],[5.930610468539748,53.15954745225145],[5.932720737696703,53.170364957463185],[5.9219419147381,53.16834585783583],[5.862347980052088,53.17140992487806],[5.850955858267079,53.191713483210904],[5.862061388192412,53.19356494614637],[5.857727570869138,53.20406335288083],[5.900193540367846,53.209105028749946],[5.907099888966733,53.211054168493106],[5.905003636007951,53.212476248619154],[5.905932094034143,53.21501387428808],[5.897863802011786,53.21465807774886],[5.893821343216754,53.21551827352939],[5.894209179408052,53.21777324991403],[5.889016218394982,53.21768190779635],[5.888952683989804,53.22095245207437],[5.897116508312905,53.22097014212159],[5.896926565493009,53.22296217721668],[5.889170200360576,53.222815738658284],[5.88999197762844,53.224998701511154],[5.880656457220198,53.22497572530482],[5.879885460845592,53.233341042063635],[5.852553759549328,53.23047673292648],[5.859241283012434,53.24329274205007],[5.832160341654198,53.24285659116451],[5.831019676036926,53.244722806929076],[5.833166494077521,53.2477447856726],[5.829642750154995,53.25719715208474],[5.832062548621825,53.26033902435846],[5.832530152143192,53.268547226436205],[5.847584060134529,53.28510360982918],[5.861177178897535,53.28864912109914],[5.876350368489118,53.28148389029461]]]}},{"type":"Feature","properties":{"i":190,"c":"GM0743","n":"Asten"},"geometry":{"type":"Polygon","coordinates":[[[5.721331239338076,51.438228556058064],[5.734550551878547,51.43900977101983],[5.755698873483127,51.43426787868319],[5.762414804159309,51.43057492814799],[5.766245061663267,51.42527642489025],[5.77094195716957,51.42363221321729],[5.776005415161103,51.4188347474417],[5.783601703337894,51.416604998423914],[5.7878820411356395,51.4126473265659],[5.831876537224895,51.39958966458998],[5.838270974334505,51.395257299312576],[5.854103105826448,51.37642963458151],[5.856580607389415,51.35376392163552],[5.8660188789770755,51.35462045829073],[5.8703595671803255,51.352534969507126],[5.770448614943031,51.333804592247745],[5.745459769328244,51.371105728638575],[5.740216040080289,51.36979327741794],[5.735848541832307,51.38999993753325],[5.702877299975711,51.41254120049732],[5.693983453955784,51.43923979660361],[5.698723532841267,51.43804215378209],[5.7096268977638145,51.4400503488248],[5.721331239338076,51.438228556058064]]]}},{"type":"Feature","properties":{"i":191,"c":"GM0744","n":"Baarle-Nassau"},"geometry":{"type":"MultiPolygon","coordinates":[[[[4.87235311144612,51.41160760419408],[4.869747313722662,51.411159125716686],[4.869233378373674,51.41178570445728],[4.872201975549852,51.41292479165003],[4.87235311144612,51.41160760419408]]],[[[4.9341142806565905,51.43342925093324],[4.935415147039392,51.43205253658025],[4.934180443713799,51.431951928934076],[4.9341142806565905,51.43342925093324]]],[[[4.932733081954767,51.4344315242092],[4.931329229659053,51.43644187646975],[4.93268486347221,51.436469546554434],[4.932733081954767,51.4344315242092]]],[[[4.935374031206761,51.43752170131308],[4.936802885404267,51.436270321485914],[4.935458799114705,51.436180721251645],[4.935374031206761,51.43752170131308]]],[[[4.931391878670277,51.436605627448074],[4.930689573531241,51.43715560338646],[4.931632461980884,51.43716926571534],[4.931391878670277,51.436605627448074]]],[[[4.841878211677351,51.480735771036215],[4.861950008711649,51.47760973631331],[4.8717824070998,51.47982706508634],[4.883077286023023,51.47730833789028],[4.891294545658683,51.47821653678787],[4.917048258472353,51.46804097221936],[4.932121814014952,51.45921296947653],[4.941632921649705,51.457136766094266],[4.957197747615421,51.45989721835659],[4.9588602875977825,51.458419679699574],[4.966135033531969,51.45956036699345],[4.970077094470795,51.4587408918588],[4.9764563168218094,51.4611408325399],[5.0104626311201015,51.45824440175502],[5.0105175047913395,51.45392882851868],[5.005492868566274,51.450996482995734],[5.00458175759988,51.443925038131965],[4.963218656641799,51.422293025663485],[4.928978646093399,51.39605087648316],[4.927897563735896,51.399734683209076],[4.924428020244784,51.398783550623506],[4.927853751116544,51.395438752894556],[4.920959386278639,51.39368698600222],[4.913848902441801,51.39507680556305],[4.917805572791477,51.39684239276436],[4.924586780478551,51.39688385338839],[4.9242755262921465,51.39782036833081],[4.918152044108211,51.39792733589915],[4.9161209615029495,51.39872328996332],[4.9178159175429395,51.40051122386131],[4.910161595241186,51.4022602518638],[4.909804423047254,51.407435465236375],[4.903701729064315,51.40995517329266],[4.9048779652547205,51.41190028128717],[4.902710737250077,51.410245094939306],[4.899893289323378,51.410627069274184],[4.900252081637518,51.412525884827325],[4.90318718530681,51.41355238170039],[4.900661874424417,51.41328613505727],[4.899993651448126,51.414670753720074],[4.89713276633884,51.41169320198184],[4.890863132576347,51.41512529055101],[4.885881272046997,51.41533465863588],[4.886073848816214,51.416621419879995],[4.868721383646808,51.41288779061724],[4.866255041798363,51.41144441987544],[4.867366401950324,51.409113589558],[4.860356883442054,51.41050076017971],[4.859906588048196,51.41331465446916],[4.855519422763172,51.412807319378146],[4.85082908249864,51.414261133364725],[4.848631826557894,51.41274858429825],[4.839330625917631,51.41461757730719],[4.826434269860685,51.41364417363471],[4.793067496631266,51.409489187070655],[4.792213608408134,51.4105423152621],[4.78933429991599,51.40898702014307],[4.777752883757786,51.41382446935146],[4.773269978574531,51.41345989406197],[4.7688939200546185,51.418646158894134],[4.770974327086834,51.42321557747951],[4.766569690829066,51.43048880259479],[4.780910148030626,51.43235467602783],[4.786653555593629,51.43271913492215],[4.789121446383014,51.429742798947316],[4.79285276711237,51.42857328411433],[4.805671946549591,51.42862235158268],[4.808359199658557,51.42643832975429],[4.816231983012169,51.42567440053171],[4.821439554767371,51.42257442983291],[4.826222153136639,51.423076299760865],[4.826505729946483,51.42110310514685],[4.8367584561028405,51.41884890447403],[4.8364913653220265,51.41725426875397],[4.839714281567604,51.41979918397032],[4.841009682413253,51.42257082289338],[4.8332565510853165,51.42034401251597],[4.828153208924247,51.42221094363263],[4.823362936799238,51.44861887958568],[4.828583836791435,51.45087716764484],[4.835210091347007,51.45873582163139],[4.838471364359995,51.456049808913875],[4.844020687937333,51.45906556080889],[4.83610890499582,51.46124549247154],[4.836854995935937,51.46801590881043],[4.841878211677351,51.480735771036215]],[[4.935794989923889,51.40930019446887],[4.9272659708948625,51.408243050244074],[4.932382178855914,51.40650777596843],[4.9284951151561405,51.40511447883575],[4.936394796096245,51.4053423132075],[4.935794989923889,51.40930019446887]],[[4.866997312045238,51.414386115173926],[4.866316173098326,51.413182884592125],[4.867818689951996,51.41326257380237],[4.866997312045238,51.414386115173926]],[[4.873392684015933,51.41591658587023],[4.87531026827407,51.41606479278809],[4.8748284570494596,51.416508164534186],[4.873392684015933,51.41591658587023]],[[4.841364338725569,51.41789644168218],[4.838750272449581,51.418178386336805],[4.840857427798862,51.41745361444203],[4.841364338725569,51.41789644168218]],[[4.891503491173939,51.42331608291627],[4.891598239490088,51.42478454080997],[4.888586732316402,51.4246939559462],[4.889367341587891,51.423453774830875],[4.891503491173939,51.42331608291627]],[[4.9399762474440205,51.43919750228689],[4.939038731003183,51.43798931745199],[4.934660263946201,51.438548781960606],[4.936425729873983,51.43966591079559],[4.934269605336885,51.44211276194087],[4.938106435148349,51.44187653265027],[4.938467793525883,51.44343505105449],[4.939525410765975,51.441827602240345],[4.938117568108594,51.44471730331531],[4.935477033690302,51.44428203299835],[4.935545755998766,51.446346575020115],[4.933730305641207,51.44315983974034],[4.9287018934034075,51.44159744585619],[4.928300177175643,51.43855342823486],[4.925790239086113,51.44277968278789],[4.928054991389405,51.443618820148764],[4.923732820344072,51.44389405157316],[4.92303480695398,51.44737794251022],[4.920549946047893,51.445955443980765],[4.919429703154897,51.446932446499005],[4.918302790399989,51.44578481871253],[4.921241704276342,51.445308677204316],[4.922369393604834,51.442663006245354],[4.9191896255975704,51.44067024448146],[4.92120065711958,51.440403953872504],[4.921205737364364,51.436896363346165],[4.9150120326022435,51.435355323263536],[4.925987338378183,51.43386303209626],[4.928812939602059,51.430512443726485],[4.933598528854992,51.43102121505808],[4.936152715752761,51.42946508756128],[4.940084609833008,51.43159573400048],[4.939936782583232,51.43411688443927],[4.936248702268235,51.43422619618051],[4.9399713624629795,51.43611855201291],[4.9399762474440205,51.43919750228689]],[[4.942189610493821,51.43645467384256],[4.940998711409833,51.43464212021038],[4.942755666738087,51.43511318625305],[4.942189610493821,51.43645467384256]],[[4.918878334824315,51.44400581893104],[4.918222127406914,51.44343302412266],[4.91852455947978,51.443439093003775],[4.918878334824315,51.44400581893104]],[[4.925504481164359,51.446651376070136],[4.925719220022445,51.444906780784855],[4.926926525395362,51.445360808439425],[4.925504481164359,51.446651376070136]],[[4.928398255062305,51.44782782524385],[4.928152886318365,51.44893724616919],[4.927350436474644,51.448568243419615],[4.928398255062305,51.44782782524385]],[[4.836664186307729,51.44839880262836],[4.835744789209771,51.448459361472416],[4.836224934697307,51.448046793882774],[4.836664186307729,51.44839880262836]],[[4.929490868824993,51.449570368008075],[4.931813162103677,51.44926996774624],[4.930736890852648,51.45042594691622],[4.929490868824993,51.449570368008075]],[[4.940759669655384,51.43931474948937],[4.9422268244051635,51.43810839408719],[4.9431171911049185,51.44016437619875],[4.942264971480467,51.43953416194788],[4.940759669655384,51.43931474948937]],[[4.9397608820624965,51.43976018418026],[4.941528206752088,51.43973386809655],[4.941434980458821,51.43998654652539],[4.9397608820624965,51.43976018418026]],[[4.939947187528342,51.44375686562773],[4.939726270835793,51.441820732088736],[4.940281946637822,51.4418015588304],[4.939947187528342,51.44375686562773]],[[4.949621422091327,51.44531839603834],[4.9439563209114,51.443651710962484],[4.9498766050496155,51.443654269984336],[4.949621422091327,51.44531839603834]],[[4.942315428484134,51.44513652779077],[4.940981592381253,51.445294492393785],[4.9411854226040175,51.444882775989115],[4.942315428484134,51.44513652779077]],[[4.931512198242716,51.44763130482811],[4.9340737749000745,51.44740055808771],[4.933258419149294,51.4482817969282],[4.931512198242716,51.44763130482811]],[[4.9495382107517605,51.45311291341313],[4.950622354430644,51.45164907863236],[4.947623941117413,51.4505727443472],[4.933082134321559,51.449529564365896],[4.940370140382154,51.445188332515364],[4.93972240433156,51.44656571988838],[4.943532971654411,51.44866368831609],[4.945994359002544,51.44909306453762],[4.944761408471654,51.44778412459597],[4.947952815863567,51.447333436160335],[4.948269819105491,51.44902586838469],[4.9524005826059225,51.45015072474688],[4.951469265173807,51.45371265126887],[4.9495382107517605,51.45311291341313]],[[4.94492881989759,51.45303465842194],[4.942769220450601,51.453326860836924],[4.942818229494738,51.452683001079386],[4.94492881989759,51.45303465842194]],[[4.948754911897233,51.45499075916484],[4.949791218973015,51.45430448858236],[4.949590676006766,51.45511164839632],[4.948754911897233,51.45499075916484]],[[4.942094920405939,51.455239261882774],[4.940715847281178,51.45562995998617],[4.940622364933935,51.45532514330021],[4.942094920405939,51.455239261882774]]],[[[4.930919846321329,51.438777454005916],[4.932386581012789,51.44003046505538],[4.932223117173488,51.43884195836419],[4.930919846321329,51.438777454005916]]],[[[4.92150356150431,51.43924974235203],[4.925117676214336,51.44174196154661],[4.923698808929391,51.43764876741543],[4.92150356150431,51.43924974235203]]],[[[4.942202306336767,51.44948855720038],[4.9415713686434755,51.44794133709659],[4.941650450240781,51.44947539569021],[4.942202306336767,51.44948855720038]]]]}},{"type":"Feature","properties":{"i":192,"c":"GM0748","n":"Bergen op Zoom"},"geometry":{"type":"Polygon","coordinates":[[[4.267162303771614,51.564944393153816],[4.29863322200957,51.55884390669332],[4.29615653676399,51.553796704150436],[4.317977608525387,51.55121575666827],[4.316308799607054,51.5454968428997],[4.308203118669787,51.54673424844896],[4.306808899710514,51.543515129062],[4.327574671869087,51.535194031780684],[4.328413501858651,51.53072657839227],[4.325649445118293,51.52961400916067],[4.342777420486359,51.526389565689094],[4.340457150959866,51.52266951010083],[4.342194479975404,51.51804975948288],[4.351597242018283,51.51770076756103],[4.350556800317164,51.505667783189494],[4.354397546450851,51.505778463479345],[4.349540185468494,51.50348101537802],[4.351589642483786,51.49992841994333],[4.358172546380227,51.49260335668712],[4.3727981613860925,51.48772400993733],[4.371689539648479,51.47900767965103],[4.361632426951242,51.47637177009602],[4.3613968342879765,51.47121916290122],[4.366965866165066,51.45671886640502],[4.344308310394623,51.46058697108832],[4.34039011425246,51.46270337372042],[4.336514710076062,51.45980063669569],[4.327961149440566,51.464241616320145],[4.322477302538155,51.460299906669],[4.311166562614437,51.46017328995794],[4.307358846695109,51.46621685729821],[4.299100136510776,51.466800899806245],[4.297462229559143,51.45011275982023],[4.293706158164421,51.4453061450164],[4.28713336931144,51.44396978271655],[4.283173290787263,51.439666986308666],[4.265431752462697,51.439680681388566],[4.21892721308954,51.50485845863981],[4.220101603891714,51.51428384169696],[4.235068339008814,51.54148216252542],[4.236118851641539,51.550365801749265],[4.239921194716174,51.55131533551866],[4.242975447305727,51.56297981247782],[4.252008163988442,51.57066127045907],[4.267622507713622,51.56801014433538],[4.267162303771614,51.564944393153816]]]}},{"type":"Feature","properties":{"i":193,"c":"GM0753","n":"Best"},"geometry":{"type":"Polygon","coordinates":[[[5.4092836844192815,51.54406742415636],[5.421497274902892,51.53766740837899],[5.422630277694998,51.53422068930433],[5.426420560442738,51.53274471044934],[5.44750769407937,51.51206895710167],[5.440704809757609,51.49605929081694],[5.442570570663858,51.4939272196276],[5.414789278025985,51.48530109687315],[5.402073644336032,51.48384315807431],[5.39048668889431,51.48567045219373],[5.3899066915618645,51.48756088850076],[5.386610190338716,51.48661380710907],[5.366774905013838,51.490842070891134],[5.355887443268893,51.4961068396244],[5.350751353458452,51.507553107808086],[5.349369810971579,51.51690272697624],[5.354341305931305,51.520502165627015],[5.355459232035581,51.52890283680083],[5.368595921333646,51.53149000335295],[5.356910781077862,51.54471657721102],[5.382792078987816,51.54348863870992],[5.405360290740726,51.548353271710624],[5.4092836844192815,51.54406742415636]]]}},{"type":"Feature","properties":{"i":194,"c":"GM0755","n":"Boekel"},"geometry":{"type":"Polygon","coordinates":[[[5.681667796496906,51.62835808304264],[5.73992280768827,51.62250772564354],[5.750478244212415,51.62268337882888],[5.758614589488704,51.5939465106041],[5.709194505399994,51.58553886448171],[5.7061924546208935,51.58705552619727],[5.6993858982266445,51.5841165381759],[5.651357253350074,51.58236020017622],[5.642928346085758,51.606209271548565],[5.626568500364272,51.623400992524346],[5.635574631185837,51.6253637394971],[5.650982600619155,51.625711656356955],[5.66471123829511,51.62898681649288],[5.672607309663452,51.62868878605676],[5.672740235611628,51.6273572237662],[5.681667796496906,51.62835808304264]]]}},{"type":"Feature","properties":{"i":195,"c":"GM0757","n":"Boxtel"},"geometry":{"type":"Polygon","coordinates":[[[5.3177319087847925,51.634633938872526],[5.338404935411491,51.62212705937473],[5.343994961783124,51.62298311716739],[5.341893453143077,51.62024095134637],[5.343177442207606,51.61686779238724],[5.332131019722973,51.61113649079587],[5.334979061849274,51.6086981174489],[5.331995367960895,51.60848650886476],[5.3319382650306775,51.60728151100958],[5.335860316522097,51.60313377532267],[5.340833739115909,51.60435002155099],[5.34283453539615,51.60022388263468],[5.345866870578285,51.602737923574146],[5.3509851434079945,51.60396604940088],[5.3529289642444855,51.60069065015505],[5.3809467358401735,51.60291321481669],[5.386212145456082,51.60086894787515],[5.381443280603268,51.59620373126754],[5.3861574965952554,51.590614272234305],[5.389591370237479,51.58967142690596],[5.385260255464658,51.58958697562851],[5.381442797346915,51.58760153918594],[5.389666610933306,51.583484100927635],[5.3878256228858445,51.58245381164761],[5.388948700168929,51.58082731463643],[5.389867930920347,51.58170494124393],[5.393682116179286,51.57994546924234],[5.3915698900527635,51.57591134919746],[5.40386568620804,51.575867691864936],[5.402499052066872,51.571713832169614],[5.399343647999056,51.57219455629474],[5.399475793875222,51.56609814653059],[5.397809517832567,51.56589441469195],[5.400083870273851,51.56240311121543],[5.405201304824076,51.56202764839637],[5.402810478932298,51.557778347696264],[5.4042333370518225,51.54829167327453],[5.382792078987816,51.54348863870992],[5.3685200408195035,51.543523193961],[5.365170913508467,51.545003030317055],[5.346407951514865,51.54420917210607],[5.337349820873106,51.54632040377799],[5.333135887296054,51.55110836765483],[5.325444348449953,51.55135177142155],[5.308395627801671,51.54597983565613],[5.2689000669669905,51.553726629443354],[5.264868258316656,51.55751099472344],[5.246177658813656,51.57947814601062],[5.247639714517277,51.589742200738364],[5.255379594247195,51.59342415053846],[5.263066445843547,51.600006171024994],[5.278743579178008,51.604790483120944],[5.276503105879861,51.60755120414357],[5.26923950463206,51.609608734581144],[5.27011335402033,51.611586098707406],[5.268262745672112,51.61210114866659],[5.271746588387867,51.612836258850216],[5.271392338735159,51.615455896163695],[5.2758310503376125,51.61576136209461],[5.280758789442006,51.62272706148079],[5.294667103779793,51.62133487555396],[5.297029014330648,51.62498345433203],[5.304332683482061,51.624923840349766],[5.308708970380453,51.63340183147037],[5.3177319087847925,51.634633938872526]]]}},{"type":"Feature","properties":{"i":196,"c":"GM0758","n":"Breda"},"geometry":{"type":"Polygon","coordinates":[[[4.733408265473206,51.643179553102364],[4.761272529807378,51.6360012486731],[4.765686182985104,51.629140424849865],[4.767999517730143,51.62886256642063],[4.7875059396818065,51.63704801642375],[4.789328850711807,51.63566484145023],[4.788155952966534,51.63423881913402],[4.818141353660986,51.63164772868645],[4.821866535346469,51.62727431946882],[4.826036353699153,51.62698442155004],[4.828038398640386,51.62457820228408],[4.839315406245983,51.61927975447392],[4.842683136686159,51.61698586596564],[4.839078775605505,51.60893419610862],[4.843551930459138,51.60387615266627],[4.834072619728897,51.59741167464326],[4.842020575577238,51.59602695047603],[4.842621845981694,51.585829345735284],[4.845118256660139,51.583813332558805],[4.8543979495678915,51.57937045694299],[4.8642385232941345,51.579088864886955],[4.866765847441121,51.57468247727593],[4.86529482285471,51.57219442426413],[4.870085337839512,51.57081880293476],[4.8716845039327445,51.56711040147424],[4.868451113199392,51.566868469331006],[4.867311191640766,51.558865005564265],[4.864150691903457,51.55940271883698],[4.8629849663839675,51.55726956122866],[4.856249784681363,51.5551015198296],[4.853991188161976,51.556031878146904],[4.839780208153974,51.55318577665767],[4.837396648694163,51.54951317252166],[4.830769544340817,51.55035180044594],[4.822086715605723,51.546831652077486],[4.822600476431808,51.545862491172635],[4.82106972963776,51.546647502998795],[4.814616614670614,51.54394439879232],[4.816373017617967,51.54248215282324],[4.813810594985732,51.54351481846927],[4.799329425566547,51.53705491209147],[4.801325993497114,51.53608344986382],[4.799902385153979,51.53538056954682],[4.794252964996826,51.53489711650541],[4.770060457974487,51.5273572938754],[4.77027308753593,51.52371163324418],[4.768632851018792,51.52512898754005],[4.764807659786828,51.524214085352945],[4.760185113356876,51.519308214505145],[4.748909301331472,51.51896145101379],[4.746995143071608,51.51547857755874],[4.750947631305905,51.50910674887783],[4.753472065531727,51.505795758846226],[4.760023282352118,51.502372769551634],[4.758369466783157,51.50016202663373],[4.7526995115997,51.49980752815933],[4.748944491715775,51.496684511488866],[4.749699068382873,51.49436392878545],[4.7465614129649,51.48950462637799],[4.733996600896006,51.48554821012749],[4.7415589084422365,51.50519859839542],[4.738146807444656,51.50579331367409],[4.74215771084238,51.5056314044683],[4.743535823830738,51.51122390360475],[4.7439837245449885,51.51876133733004],[4.739863692375369,51.51842352981556],[4.743868386392685,51.5192849600584],[4.743234837492758,51.52539384540728],[4.740118746307724,51.52785817665026],[4.7414639371238945,51.53285799734784],[4.738289150248053,51.531086358838735],[4.738798760529001,51.53226698973485],[4.730710669186993,51.5364505253386],[4.725100386411111,51.532900214422504],[4.722489940918912,51.53515816811063],[4.728417245018453,51.53687755186818],[4.703996818858282,51.54979854600267],[4.694186765391375,51.54484845342701],[4.69371584017477,51.56795240042126],[4.6821062279038355,51.598893354785474],[4.674881704664246,51.60019207700717],[4.675561051586187,51.60385398747293],[4.663871880082866,51.60406869334686],[4.664329615633831,51.60872360451099],[4.660813862353603,51.609942102192385],[4.657984496316683,51.620452666609886],[4.663560206502161,51.625359415197394],[4.664818316572575,51.628481394996214],[4.663020538363765,51.630850342395235],[4.664753067562484,51.63094041364542],[4.665071577694729,51.634319211112775],[4.67851250245499,51.632594026964455],[4.692023085282171,51.63759163583081],[4.703694727046011,51.638158343534954],[4.733408265473206,51.643179553102364]]]}},{"type":"Feature","properties":{"i":197,"c":"GM0762","n":"Deurne"},"geometry":{"type":"Polygon","coordinates":[[[5.8585956529200285,51.495145877324134],[5.871816677019825,51.449898663143294],[5.931287518044336,51.38475268004959],[5.874543145272846,51.3533127289369],[5.8703595671803255,51.352534969507126],[5.8660188789770755,51.35462045829073],[5.856580607389415,51.35376392163552],[5.854103105826448,51.37642963458151],[5.838270974334505,51.395257299312576],[5.831876537224895,51.39958966458998],[5.7878820411356395,51.4126473265659],[5.783601703337894,51.416604998423914],[5.776005415161103,51.4188347474417],[5.77094195716957,51.42363221321729],[5.766245061663267,51.42527642489025],[5.762414804159309,51.43057492814799],[5.755698873483127,51.43426787868319],[5.734550551878547,51.43900977101983],[5.718245468925273,51.43873365327811],[5.717759087217768,51.442835660152035],[5.71817917549494,51.44453353775106],[5.730001519105721,51.444355697867294],[5.72015947056375,51.45745299934964],[5.717215047008628,51.46823803377786],[5.72297342532338,51.46729091636965],[5.723957368524836,51.470086054565066],[5.735015119412285,51.46918696147024],[5.736093609633277,51.47176011752957],[5.721717707883824,51.48513147079506],[5.724827355922288,51.484113863518644],[5.73042854948881,51.48621758272042],[5.735608637778395,51.484303893924775],[5.757635332162928,51.48806812955783],[5.773961133617721,51.488665291027495],[5.852573704896065,51.50414442826528],[5.8585956529200285,51.495145877324134]]]}},{"type":"Feature","properties":{"i":198,"c":"GM0765","n":"Pekela"},"geometry":{"type":"Polygon","coordinates":[[[6.979749052599803,53.11919621187432],[6.982535282467625,53.11912326753532],[6.987361601400769,53.115773035920476],[7.02802722470329,53.11611213326606],[7.029754352796876,53.11509708718576],[7.025904469557563,53.11245557119171],[7.029852642991348,53.108347090078894],[7.042657838446624,53.10175033834764],[7.013333025504281,53.069440515556664],[7.010133389536387,53.073701703690936],[6.993825945017206,53.05563000979948],[6.990557737348151,53.0549867557897],[6.987828463027323,53.04907639562521],[6.955790048366298,53.01386066151904],[6.934530829812511,53.020364154453056],[6.910618794721577,53.0357138824588],[6.9054977384975595,53.04383809556204],[6.920775947091095,53.045281370351645],[6.9199049538800415,53.049312173555144],[6.933343547493633,53.04961279894372],[6.933004302437622,53.05380646827178],[6.924440498962242,53.057777460923354],[6.929211680637309,53.07294583810067],[6.944467050832559,53.081491639652036],[6.956891063510496,53.0947108520065],[6.96056765433099,53.095758503394734],[6.961735262402496,53.1100213018266],[6.967389874462138,53.11135725384282],[6.979749052599803,53.11919621187432]]]}},{"type":"Feature","properties":{"i":199,"c":"GM0766","n":"Dongen"},"geometry":{"type":"Polygon","coordinates":[[[4.942986633334926,51.678858116872966],[4.953732004550686,51.67076915188785],[4.9583484550052255,51.65758653330972],[4.957896726176664,51.65153188905611],[4.987266911419437,51.65460893488942],[5.004215292058123,51.607093058377586],[4.983513711088481,51.607364136184096],[4.964713414895322,51.613133867234275],[4.954462112716811,51.61468618519305],[4.948289505178925,51.61124797633952],[4.94394500018349,51.611470607685376],[4.943590919832347,51.61002923505929],[4.926437625328006,51.613234167262746],[4.918080592292277,51.61629453307675],[4.911346468106621,51.615693000148056],[4.909899590299482,51.61832711195841],[4.915554434860584,51.62243286242772],[4.904279212357104,51.62433257631515],[4.91182250521945,51.62636495275882],[4.910035010154557,51.62951364871438],[4.912862342736119,51.63368315007248],[4.93278190862572,51.650645240219625],[4.93242863209137,51.65569731251698],[4.934410304493392,51.65725367294335],[4.930942921158735,51.667101640497876],[4.9267755875189225,51.66908742295176],[4.925073923975891,51.674980302564535],[4.942986633334926,51.678858116872966]]]}},{"type":"Feature","properties":{"i":200,"c":"GM0770","n":"Eersel"},"geometry":{"type":"Polygon","coordinates":[[[5.333816493353753,51.468536690158636],[5.356002282205242,51.46231472873117],[5.358389139188348,51.467015330790616],[5.369446551182711,51.465316605895595],[5.3671686894207715,51.45943072423668],[5.363512597120609,51.46026490267836],[5.356718448450175,51.453597726432285],[5.361225395310403,51.44699236231216],[5.355720291243545,51.43401779280006],[5.346255166373069,51.42895623533343],[5.345534747844528,51.43092242633633],[5.342362515158242,51.43110445283553],[5.343369829898612,51.42743624708997],[5.339842235295823,51.42555794578815],[5.319371417773174,51.42379530572783],[5.319996533242093,51.41992795085015],[5.316089766540909,51.41940927534526],[5.316237561685373,51.41692295841903],[5.323664331141047,51.40618721573907],[5.354362946949016,51.408783425900275],[5.370960874202672,51.39786420081496],[5.373947511382158,51.38863025715458],[5.388549077855381,51.37577537046064],[5.378211478611633,51.36939360960598],[5.370496375265396,51.36931144004654],[5.348280380013074,51.35963189320148],[5.342587631427417,51.352671899450485],[5.3469889124794285,51.347657482958375],[5.3419922326440155,51.34421792950891],[5.347121311430506,51.3374531587837],[5.326141731376319,51.33189548977214],[5.324010015199154,51.33290245987546],[5.321158789216359,51.32956953221878],[5.322912971096942,51.3286339033051],[5.316672027456137,51.32338927450466],[5.292173747796754,51.31823746459037],[5.263410573610688,51.31928180330483],[5.285972549144433,51.33633888937328],[5.275298837043282,51.362722985611924],[5.279765765005116,51.37532882857907],[5.2859154128515025,51.38446986163501],[5.290408301824701,51.38610686751576],[5.2892402721625125,51.388908537003736],[5.310865873193638,51.39071499950397],[5.310444199171878,51.396055092168226],[5.313650096016296,51.399440915142286],[5.307196790378311,51.40625237402914],[5.302846748983603,51.40753094080396],[5.296115687518831,51.40772936366591],[5.290148979300667,51.404081177694394],[5.2818979702866296,51.40436952398793],[5.278386804794849,51.4086504097798],[5.272903677410831,51.40946999289131],[5.248775819157646,51.42255773792483],[5.244782511701541,51.42625394145219],[5.243380509050374,51.42548261992009],[5.237704668469462,51.42855890141303],[5.239062442864455,51.43366952672967],[5.252482185167789,51.437939217021814],[5.248396132244724,51.44563103102692],[5.279253394133408,51.45021941339568],[5.285018313690377,51.45411158721724],[5.294497667873433,51.45528347822705],[5.2972925624864,51.45308868586011],[5.303096653734012,51.459149212518014],[5.3150775021368455,51.46137202322341],[5.320423763451362,51.46086814676586],[5.325839979582092,51.463791709920834],[5.3345990022844365,51.462934797406824],[5.332626886209572,51.46542220840635],[5.334728040851019,51.46587476850091],[5.333816493353753,51.468536690158636]]]}},{"type":"Feature","properties":{"i":201,"c":"GM0772","n":"Eindhoven"},"geometry":{"type":"Polygon","coordinates":[[[5.478361555387392,51.49664353346023],[5.5132646185743654,51.496308684115405],[5.51560828201845,51.49341466606067],[5.505409694144167,51.4833809075528],[5.509577573099266,51.47917713170197],[5.507765066179863,51.47812550424919],[5.509044450810335,51.46930621274585],[5.521031767122651,51.461032386599335],[5.532556518829288,51.45718617206703],[5.531495900991213,51.45494129989929],[5.5401690454364,51.44794519737287],[5.538455844780226,51.44361841914354],[5.540692900412154,51.440401615598596],[5.544023048927992,51.43956539543762],[5.546704669210039,51.433911715434974],[5.548852808640372,51.43450256646632],[5.540249684690885,51.43133471157619],[5.531813727647607,51.43200809759589],[5.5306488707731765,51.42720960199213],[5.525202392340998,51.427990323166426],[5.5258149508499885,51.404697141155914],[5.507612810112246,51.40453221774885],[5.505184446095373,51.40341740781793],[5.504256464339464,51.400047490335126],[5.497823747781197,51.4042683137655],[5.473221971407945,51.405277572331435],[5.436188925174183,51.40497635227881],[5.43361890769431,51.40257156465231],[5.427276716814122,51.40265361078634],[5.4252309593444,51.404553547527954],[5.429856179758059,51.40623994587849],[5.426570598468428,51.43023706725214],[5.419944017254397,51.43285290764432],[5.414489154538177,51.430059081754614],[5.410699554500022,51.43506180717613],[5.409001172377766,51.43445983488839],[5.404922886344564,51.43712798478042],[5.400794914917087,51.432967532353196],[5.393805036498594,51.434577660279444],[5.388941616414766,51.43771690321529],[5.379686368800883,51.435092361676396],[5.379212511736884,51.43659636146918],[5.371249056774251,51.43890880061887],[5.362226617358247,51.43546434224951],[5.356916895776502,51.438203506407135],[5.360884296218236,51.44324254432586],[5.361219874008845,51.44846016629312],[5.356718448450175,51.453597726432285],[5.363512597120609,51.46026490267836],[5.3671686894207715,51.45943072423668],[5.369446551182711,51.465316605895595],[5.379150758532751,51.46384234708717],[5.39065821253248,51.470609355660706],[5.391016563850202,51.485554832321256],[5.40182418562914,51.483855881912774],[5.410751705710938,51.484422159852876],[5.445970946389732,51.49461587176942],[5.463895146421045,51.496978505141854],[5.469886744077727,51.49559116268125],[5.478361555387392,51.49664353346023]]]}},{"type":"Feature","properties":{"i":202,"c":"GM0777","n":"Etten-Leur"},"geometry":{"type":"Polygon","coordinates":[[[4.665071577694729,51.634319211112775],[4.663519050499597,51.62528591947711],[4.65798839816705,51.62047403049068],[4.658618260503493,51.61568358124676],[4.660813862353603,51.609942102192385],[4.664313286140951,51.608764465875936],[4.663871880082866,51.60406869334686],[4.675561051586187,51.60385398747293],[4.674881704664246,51.60019207700717],[4.6821062279038355,51.598893354785474],[4.69371584017477,51.56795240042126],[4.694186765391375,51.54484845342701],[4.6809057040153155,51.54066745247239],[4.659112269710166,51.52549361005367],[4.6381577896986625,51.51720524348886],[4.640110075827443,51.5434231648328],[4.6352857347277,51.54235140383346],[4.631754932135751,51.543874443517836],[4.630106059913872,51.547150283984514],[4.625809345209986,51.54741156316859],[4.624795705072221,51.55238557719485],[4.609195537115135,51.55382930881717],[4.601658748933391,51.55869489007078],[4.591645191756006,51.56118407896519],[4.590645723476633,51.56597868445798],[4.595148087034168,51.567665995310215],[4.598557829913413,51.584378193642884],[4.596755192071577,51.59029782659016],[4.613891623983614,51.60803798571744],[4.610729674245287,51.609541218852286],[4.608823396847108,51.6150499906669],[4.603360560275287,51.617387714790915],[4.6042642353834236,51.62143934252818],[4.601233179113862,51.625238894804426],[4.606290865762825,51.62772018555295],[4.61273447216893,51.62846268801628],[4.623231299379352,51.62454024535206],[4.629206112071053,51.62404830029455],[4.634832731246283,51.625682567970934],[4.642046597156064,51.63182146707257],[4.659053938359886,51.634666782148365],[4.665071577694729,51.634319211112775]]]}},{"type":"Feature","properties":{"i":203,"c":"GM0779","n":"Geertruidenberg"},"geometry":{"type":"Polygon","coordinates":[[[4.87305492216046,51.71999827138864],[4.900263546408335,51.71866703303332],[4.917991153544772,51.719959369882325],[4.933169422542315,51.67674997941692],[4.925073923975891,51.674980302564535],[4.925032355025924,51.67300929995544],[4.913780884414884,51.67504892250132],[4.912827007457909,51.67659002088749],[4.89876757315983,51.67412856040415],[4.880500511927558,51.67420792115709],[4.8802287680795065,51.6718354650139],[4.875787114235936,51.674733314909055],[4.862652140079386,51.6770667903941],[4.8565804900919325,51.68024267705462],[4.85662177976058,51.68166786433634],[4.843391292188373,51.68601745685651],[4.842367932538658,51.67965405063763],[4.830877388400205,51.69337293577222],[4.823610412282144,51.711288156416565],[4.840489059390675,51.71321122644326],[4.87305492216046,51.71999827138864]]]}},{"type":"Feature","properties":{"i":204,"c":"GM0784","n":"Gilze en Rijen"},"geometry":{"type":"Polygon","coordinates":[[[4.918080592292277,51.61629453307675],[4.943590919832347,51.61002923505929],[4.94394500018349,51.611470607685376],[4.9478463879699754,51.611170296101605],[4.961164591419011,51.60617746123683],[4.968736832189397,51.6020574987145],[4.9677742896377275,51.597685458602],[4.972859690021226,51.59730569712456],[4.97151461142756,51.58160177702153],[4.966778551801071,51.573662523330576],[4.9689903239211,51.57130476514387],[4.967831951595222,51.568721949066614],[4.96418301117465,51.56524277254457],[4.951145311380017,51.560917538155884],[4.951307265330835,51.557038317974154],[4.953423932354124,51.55053242975641],[4.968204974729165,51.54925564525676],[4.979565149124476,51.544201695827276],[4.956643641823415,51.51867660622656],[4.911062845099344,51.51008128916739],[4.866232444188278,51.53806660872477],[4.854563988114635,51.53392658775259],[4.844738939850339,51.53332770180018],[4.845060615666975,51.52848155760389],[4.841952360172437,51.52671327335107],[4.829576884622278,51.5279364571274],[4.829260987640292,51.52968943758471],[4.83679488423425,51.532770895007744],[4.834605914939129,51.53860015255124],[4.848468393466687,51.54301953752321],[4.864261137222291,51.5520201497009],[4.862910204620085,51.55805612008399],[4.864150691903457,51.55940271883698],[4.867311191640766,51.558865005564265],[4.868451113199392,51.566868469331006],[4.8716845039327445,51.56711040147424],[4.870085337839512,51.57081880293476],[4.86529482285471,51.57219442426413],[4.866765847441121,51.57468247727593],[4.8642385232941345,51.579088864886955],[4.869171376180451,51.57844190517194],[4.868039720040698,51.58109287110093],[4.91378589481939,51.598090474319235],[4.911635157741586,51.60006717504178],[4.918498990478675,51.60136743335618],[4.917442811848182,51.60854074106882],[4.911881666307743,51.61539925880467],[4.918080592292277,51.61629453307675]]]}},{"type":"Feature","properties":{"i":205,"c":"GM0785","n":"Goirle"},"geometry":{"type":"Polygon","coordinates":[[[4.986106167664755,51.539938859076685],[5.0015682361717575,51.53748782929471],[5.020595978054841,51.538960013725124],[5.030522028927937,51.52950151554365],[5.041496140821625,51.53100554467474],[5.052274761378093,51.52976365491706],[5.051703463209462,51.53509117337988],[5.060322927981465,51.53786916053439],[5.094722023368302,51.53488702974296],[5.110645334261955,51.538902369268264],[5.105652817790513,51.53333740051391],[5.100059355932937,51.53145498760903],[5.105060707256272,51.528175894411255],[5.098141093681155,51.52495238607202],[5.100947281567789,51.52051970631821],[5.095023735785899,51.51725160457064],[5.098441609583482,51.51536060349402],[5.096035416666958,51.50991219339749],[5.088186904701091,51.51129751095036],[5.072998001859286,51.50287504328826],[5.076915042350203,51.500796521263624],[5.062511998274462,51.492734413862415],[5.069293117966521,51.486835881877184],[5.068367918871547,51.48533475367605],[5.051580277016947,51.48713196217901],[5.049740822239047,51.47110815296215],[5.045768241320917,51.471115031771404],[5.037888460043543,51.47934984837008],[5.040093736908869,51.485099587449234],[5.038788034440441,51.487000607068616],[5.033155629342416,51.487194275185246],[5.022205513398473,51.48173036162304],[5.01652248344044,51.47543916187404],[5.015272493603253,51.47632935974569],[5.008338214409055,51.47329958871473],[4.999165150264735,51.479357055571576],[4.99917640692548,51.482015881308634],[4.987993347474779,51.48304473002894],[4.9933910396628445,51.48547931077984],[4.991637889742189,51.48618246275468],[4.992942212649992,51.487623219711],[4.997185872376659,51.48776694180287],[5.000363945174393,51.491862477253264],[4.99246643776991,51.493945539395135],[4.99675658005963,51.49677471745357],[4.994642971597448,51.49765069535959],[4.986739821643074,51.495329268656945],[4.985775986447163,51.499754548344974],[4.992421374350173,51.512294384646374],[4.9824962002576525,51.51408805934794],[4.984554602887184,51.51788212054942],[4.9808687984025815,51.51863093079655],[4.977595843506147,51.521651624701136],[4.96886144774361,51.52067764638472],[4.96257274719535,51.52586441652513],[4.974136011570437,51.539840414923326],[4.986106167664755,51.539938859076685]]]}},{"type":"Feature","properties":{"i":206,"c":"GM0794","n":"Helmond"},"geometry":{"type":"Polygon","coordinates":[[[5.609653839436322,51.50921734427437],[5.610506513861158,51.5048254353955],[5.614927559957959,51.50038076763459],[5.61873059915711,51.49863892826873],[5.626066006138704,51.49828544008251],[5.6271013408012,51.496136604643844],[5.631049428005711,51.49509475846306],[5.636112430519982,51.495381781559125],[5.644743932365409,51.50157755276236],[5.653077053580273,51.50406160941266],[5.6564037174184225,51.507309277941914],[5.663585135227304,51.5022558374312],[5.675105373275772,51.49894750111266],[5.669951766002304,51.504138115034735],[5.672668237487672,51.50544156688638],[5.6829612387913375,51.50447960321273],[5.684144018590231,51.50769997916949],[5.708233369387174,51.50202565149441],[5.705048217193145,51.497463346222915],[5.712423987311388,51.49471198666564],[5.712438945942501,51.49088437405034],[5.72043098272993,51.48739060959367],[5.722942247106238,51.48288847810163],[5.736041242065255,51.47208780542114],[5.735015119412285,51.46918696147024],[5.723957368524836,51.470086054565066],[5.72297342532338,51.46729091636965],[5.717215047008628,51.46823803377786],[5.72015947056375,51.45745299934964],[5.730001519105721,51.444355697867294],[5.71817917549494,51.44453353775106],[5.718245468925273,51.43873365327811],[5.708285170660249,51.440056298465734],[5.6975785920619355,51.43806633078407],[5.693045432405288,51.43919995994591],[5.672099173000731,51.45778353703579],[5.6435890392737695,51.456166889416586],[5.614519990165894,51.44901251742685],[5.61451271308835,51.450044245708355],[5.6080569565400795,51.449716772590584],[5.608817930785303,51.4516984782294],[5.603412568324391,51.45399036280151],[5.601005124238884,51.45217041168288],[5.597034344876512,51.4564971693076],[5.584708455577959,51.460509021690065],[5.587807835370538,51.46347119268835],[5.582973652724581,51.465548559339005],[5.605231702936136,51.470957246102245],[5.58591177987189,51.47916999731477],[5.5701560403801045,51.496936268977976],[5.5767298529392075,51.49945317013791],[5.5799332041877765,51.498760091766115],[5.609653839436322,51.50921734427437]]]}},{"type":"Feature","properties":{"i":207,"c":"GM0796","n":"'s-Hertogenbosch"},"geometry":{"type":"Polygon","coordinates":[[[5.438816386140647,51.765030281755074],[5.443646656682165,51.75078068546254],[5.454208571353488,51.73546828886429],[5.451929694926889,51.73400133594242],[5.453139634026545,51.732393182308144],[5.454714806122597,51.732869561220106],[5.457844005709393,51.72997469631677],[5.460073611946563,51.73070759505202],[5.463187922436805,51.725866279157756],[5.474244320989207,51.728964724071645],[5.480137047940024,51.724464025809816],[5.478697614753054,51.7238955346145],[5.484547155760202,51.71329753842073],[5.497706573969722,51.7117106060394],[5.499656070523147,51.70900837446903],[5.499048196557736,51.707025261802606],[5.492385883838228,51.70610065847905],[5.483075004909705,51.70146358354386],[5.478291477064262,51.70143127431587],[5.471006151985334,51.6910682560402],[5.469401361478686,51.69126885940639],[5.469849787142932,51.68913675035162],[5.460326840732186,51.689651423805664],[5.458768414706118,51.692029387340526],[5.456872729671475,51.687590845241466],[5.452718757624599,51.68847496646152],[5.451678819911924,51.68675127262756],[5.445167497953209,51.688581211435014],[5.447396537523692,51.69513612012235],[5.441353393488103,51.69465609114043],[5.443350175489332,51.69761804177631],[5.43949450455211,51.69865756197721],[5.439330386815464,51.70043437141266],[5.430604777321735,51.701427834833915],[5.397987338363791,51.69849160719638],[5.381023330362646,51.70079095820195],[5.374030476345785,51.70008805722096],[5.3668291448424075,51.6969083660397],[5.3592722882429324,51.69868199046746],[5.366354336370031,51.68802865172287],[5.377110255436705,51.67880180831015],[5.357351354728228,51.682002758951],[5.352783526881761,51.681417618744305],[5.350939364996379,51.67714482008731],[5.3559621389181595,51.67400390604296],[5.3536929349005495,51.67107346818279],[5.338883190089114,51.663996644677475],[5.3274747560374465,51.67336716188192],[5.31905740583914,51.67037213503693],[5.2989307434827415,51.66712378688723],[5.294248064676268,51.672198329082185],[5.291389724547879,51.6719832625462],[5.288029181897094,51.68223727585738],[5.265633812743381,51.684725204746236],[5.246867636331436,51.683168881359805],[5.2342717322050785,51.685499388024766],[5.231901758849778,51.68925719940573],[5.226061559314461,51.69004355956151],[5.2476672782545375,51.69454943654008],[5.251602757753259,51.69951324146615],[5.247012612219694,51.70273538740957],[5.241120329811715,51.701025540577575],[5.235756448743964,51.704653071478674],[5.24120424470056,51.713988889604146],[5.229977436870338,51.71056956413711],[5.228535672220058,51.71476776243231],[5.2310318883378235,51.724086297616076],[5.221743800067921,51.72938620090304],[5.2193461482192545,51.72815067221573],[5.2100154753662995,51.7339461079181],[5.210374933251427,51.73771110192589],[5.206494175075521,51.74147718832105],[5.2163474578488636,51.743451176672004],[5.225036716154665,51.74296914400068],[5.24823195200635,51.733614958420844],[5.255466237893751,51.734899665675094],[5.2641414299702864,51.73882805228443],[5.2728249268574565,51.74006825474966],[5.282960145740319,51.739835005374765],[5.297444186915019,51.73680887600521],[5.322041221914706,51.7465236336838],[5.353514364268956,51.755477254014345],[5.355904768655427,51.75143498767556],[5.363779379823729,51.75146256653187],[5.374292683497476,51.75332410388881],[5.391262565871182,51.76007417760817],[5.438816386140647,51.765030281755074]]]}},{"type":"Feature","properties":{"i":208,"c":"GM0797","n":"Heusden"},"geometry":{"type":"Polygon","coordinates":[[[5.195524364248968,51.740273190732694],[5.206494175075521,51.74147718832105],[5.210374933251427,51.73771110192589],[5.2100154753662995,51.7339461079181],[5.2193461482192545,51.72815067221573],[5.221743800067921,51.72938620090304],[5.224884044663712,51.726655441057524],[5.227517416296855,51.727150815134884],[5.231063304994739,51.724016238318995],[5.228535672220058,51.71476776243231],[5.229977436870338,51.71056956413711],[5.24120424470056,51.713988889604146],[5.235756448743964,51.704653071478674],[5.241120329811715,51.701025540577575],[5.247012612219694,51.70273538740957],[5.250495956816249,51.700572374083244],[5.248923625223273,51.695501656474896],[5.226590760055664,51.690711430832685],[5.223227613188729,51.67378197499657],[5.207948399978343,51.673955999298165],[5.202264401474935,51.67061076868442],[5.20477663250199,51.66982208917868],[5.166798145885936,51.669047444647184],[5.161767293073499,51.66344762707098],[5.1576727289451565,51.66327474495785],[5.154451889563403,51.65491910360252],[5.160065674837742,51.639535659623924],[5.1387516945487945,51.640367072461004],[5.128422624339426,51.63760124316601],[5.122953341677315,51.638189203822094],[5.115762583803157,51.63759268515982],[5.111180221612373,51.63536043443245],[5.110190254677136,51.636424070550405],[5.1061369739901785,51.635955848552044],[5.101599175479583,51.661739861756395],[5.10158126817062,51.67244221016119],[5.104106698700254,51.67498564765094],[5.10150939250802,51.676834696549186],[5.10649321356783,51.67732783863887],[5.10305279706341,51.70248382629717],[5.111506129133663,51.70357641076045],[5.108720541614411,51.7090327081119],[5.101690908707392,51.713130282127736],[5.099114116227237,51.71661922579776],[5.0817602427783815,51.722344402167124],[5.094393770454383,51.728533974584316],[5.111847925047769,51.73439096173786],[5.138169398415195,51.73933533690434],[5.168581783749757,51.74307054093959],[5.195524364248968,51.740273190732694]]]}},{"type":"Feature","properties":{"i":209,"c":"GM0798","n":"Hilvarenbeek"},"geometry":{"type":"Polygon","coordinates":[[[5.11879948065738,51.54591897827997],[5.127738547046477,51.53177073865182],[5.144966364671474,51.52149375411905],[5.148887652718473,51.52365778053681],[5.159152064469099,51.516643347272215],[5.160874304155221,51.517331810458735],[5.164228611616117,51.51465912494145],[5.165553184771304,51.51521540865656],[5.170993460343094,51.51056865559029],[5.176479503048408,51.511310810728574],[5.178747965385267,51.508601022743065],[5.190138489156307,51.507408653704566],[5.195401254385864,51.509732895211336],[5.214732356949214,51.51172627261119],[5.224434791105831,51.51714845472801],[5.226534157726027,51.507473669021415],[5.232363169673889,51.50891979064836],[5.235942581370837,51.5139095974869],[5.251249813666218,51.509630851880544],[5.250969142374894,51.50620901886424],[5.247892069697754,51.506336087877315],[5.247110771776987,51.49887857512071],[5.228443945326978,51.49870000960064],[5.230606152237033,51.49093866790041],[5.225405760109243,51.48882212511095],[5.220434969115542,51.47287952323897],[5.209814793878506,51.46577330671726],[5.19109866729746,51.43032748179066],[5.184980789213727,51.428764029801755],[5.178153521324728,51.430261027235616],[5.173458335210839,51.428240222401115],[5.158553218472969,51.432174255269466],[5.157948251244594,51.428830858876],[5.1531511136901855,51.42829488730323],[5.1020205574797854,51.42892273170412],[5.104572619287317,51.43134889424296],[5.079323745396648,51.471321311233936],[5.048791777775697,51.4719135376986],[5.051580277016947,51.48713196217901],[5.068367918871547,51.48533475367605],[5.069293117966521,51.486835881877184],[5.062511998274462,51.492734413862415],[5.076915042350203,51.500796521263624],[5.072998001859286,51.50287504328826],[5.088186904701091,51.51129751095036],[5.096035416666958,51.50991219339749],[5.098441609583482,51.51536060349402],[5.095023735785899,51.51725160457064],[5.100947281567789,51.52051970631821],[5.098141093681155,51.52495238607202],[5.105060707256272,51.528175894411255],[5.100059355932937,51.53145498760903],[5.105652817790513,51.53333740051391],[5.109820584712457,51.53938317815856],[5.11879948065738,51.54591897827997]]]}},{"type":"Feature","properties":{"i":210,"c":"GM0809","n":"Loon op Zand"},"geometry":{"type":"Polygon","coordinates":[[[5.10402183212824,51.67490018071174],[5.10158126817062,51.67244221016119],[5.101599175479583,51.661739861756395],[5.1061369739901785,51.635955848552044],[5.1015450403326295,51.634170216635766],[5.098119238042125,51.628243619365726],[5.099849154265992,51.62785158941623],[5.1029586484345195,51.616911140383635],[5.099202974478589,51.617805421795694],[5.093745313714966,51.61124929153558],[5.079438679380924,51.61078422583709],[5.080181590285042,51.60954228762991],[5.075468768424553,51.608949514143305],[5.075539940559303,51.60576775031875],[5.074025194128365,51.605680956889714],[5.074058842564385,51.60948334109097],[5.071007192761922,51.60822724520565],[5.070590545388065,51.6102906788394],[5.061771359951884,51.60934613170094],[5.057174165239588,51.610928953247914],[5.045010901107867,51.611097124906074],[5.04292728150539,51.60603863863084],[5.004264767859242,51.60789630212938],[4.987262056553879,51.65452047030752],[4.992246271517933,51.67625089487122],[5.04528570835987,51.66269390021974],[5.047246620234303,51.66325097750407],[5.049350790476571,51.66161041177763],[5.058403634912984,51.66172695348365],[5.057970463578202,51.66831617138985],[5.061013494993871,51.668290259320116],[5.060621493491442,51.67111325093526],[5.080265008512707,51.67138916265164],[5.088909030287004,51.67474064090036],[5.094997878598081,51.67458540229764],[5.10150939250802,51.676834696549186],[5.10402183212824,51.67490018071174]]]}},{"type":"Feature","properties":{"i":211,"c":"GM0820","n":"Nuenen, Gerwen en Nederwetten"},"geometry":{"type":"Polygon","coordinates":[[[5.5479143855413,51.53807588753331],[5.557652445262003,51.50936972788923],[5.56655170395663,51.501672453570436],[5.5767298529392075,51.49945317013791],[5.5701560403801045,51.496936268977976],[5.58591177987189,51.47916999731477],[5.605231702936136,51.470957246102245],[5.582973652724581,51.465548559339005],[5.587807835370538,51.46347119268835],[5.56616458957106,51.44148392874969],[5.546704669210039,51.433911715434974],[5.544023048927992,51.43956539543762],[5.5415027828280845,51.43950236920849],[5.538455844780226,51.44361841914354],[5.5400172926983915,51.44820978962996],[5.531451183244449,51.45500882428092],[5.532556518829288,51.45718617206703],[5.521031767122651,51.461032386599335],[5.509058385018869,51.469285784914355],[5.507765066179863,51.47812550424919],[5.509577573099266,51.47917713170197],[5.505409694144167,51.4833809075528],[5.51560828201845,51.49341466606067],[5.509783617064427,51.49866106686127],[5.518599176548823,51.501995801915776],[5.526116537424977,51.501446351143805],[5.546272786527029,51.51269567926614],[5.540674774177636,51.52066493086404],[5.545634246561185,51.519949718570146],[5.544747851555289,51.52353737717408],[5.540194942079571,51.526011778291306],[5.530863593570254,51.52504867892301],[5.5479143855413,51.53807588753331]]]}},{"type":"Feature","properties":{"i":212,"c":"GM0823","n":"Oirschot"},"geometry":{"type":"Polygon","coordinates":[[[5.307933731353256,51.54607151333571],[5.325444348449953,51.55135177142155],[5.330424817377722,51.55128015234251],[5.334053502689523,51.55065768508121],[5.3371934000231525,51.54640272675764],[5.3425654155816265,51.54477147555771],[5.356910781077862,51.54471657721102],[5.368595921333646,51.53149000335295],[5.355459232035581,51.52890283680083],[5.354341305931305,51.520502165627015],[5.3493857090649435,51.51699842505258],[5.351317730512436,51.50605383408901],[5.355887443268893,51.4961068396244],[5.36129584094458,51.49288012854486],[5.385344076527939,51.486803725747535],[5.3899066915618645,51.48756088850076],[5.39065821253248,51.470609355660706],[5.379150758532751,51.46384234708717],[5.358389139188348,51.467015330790616],[5.356002282205242,51.46231472873117],[5.333816493353753,51.468536690158636],[5.334728040851019,51.46587476850091],[5.332626886209572,51.46542220840635],[5.3345990022844365,51.462934797406824],[5.325839979582092,51.463791709920834],[5.320423763451362,51.46086814676586],[5.3150775021368455,51.46137202322341],[5.303096653734012,51.459149212518014],[5.2972925624864,51.45308868586011],[5.294497667873433,51.45528347822705],[5.285018313690377,51.45411158721724],[5.279253394133408,51.45021941339568],[5.248396132244724,51.44563103102692],[5.252451855082464,51.43790458457496],[5.239062442864455,51.43366952672967],[5.237704668469462,51.42855890141303],[5.22928502759308,51.42545207449592],[5.2235374718159004,51.425082795385485],[5.223140699883286,51.42792126520512],[5.217571280615189,51.4304289644212],[5.215771331335029,51.43417995258242],[5.209937167976687,51.43417124092265],[5.209217708338876,51.43650054701961],[5.1910248802846715,51.43022500344805],[5.209814793878506,51.46577330671726],[5.220434969115542,51.47287952323897],[5.225405760109243,51.48882212511095],[5.23037791986888,51.49046113593302],[5.228443945326978,51.49870000960064],[5.247110771776987,51.49887857512071],[5.247892069697754,51.506336087877315],[5.250969142374894,51.50620901886424],[5.251249813666218,51.509630851880544],[5.235942581370837,51.5139095974869],[5.232363169673889,51.50891979064836],[5.226534157726027,51.507473669021415],[5.224434791105831,51.51714845472801],[5.230843746775635,51.52093733856134],[5.234791332203873,51.5309943717386],[5.244006821519433,51.52575063415351],[5.249495461088285,51.53163563816311],[5.253330658056989,51.54033268539124],[5.26120809633529,51.540641079255344],[5.263368606385012,51.54423020504163],[5.267971220166406,51.54322548300703],[5.269862126074046,51.546209161762285],[5.276884479423555,51.54486318799557],[5.277487365390989,51.548736724370876],[5.271932645735205,51.54980699833364],[5.273270949813746,51.55282079748098],[5.307933731353256,51.54607151333571]]]}},{"type":"Feature","properties":{"i":213,"c":"GM0824","n":"Oisterwijk"},"geometry":{"type":"Polygon","coordinates":[[[5.255499565958832,51.62492842873447],[5.270082261985382,51.61162877230661],[5.26923950463206,51.609608734581144],[5.276503105879861,51.60755120414357],[5.278743579178008,51.604790483120944],[5.263066445843547,51.600006171024994],[5.255379594247195,51.59342415053846],[5.248679256378553,51.59060010175263],[5.246177658813656,51.57947814601062],[5.265519419046812,51.556868898140834],[5.2689000669669905,51.553726629443354],[5.273270949813746,51.55282079748098],[5.271932645735205,51.54980699833364],[5.277487365390989,51.548736724370876],[5.276884479423555,51.54486318799557],[5.269862126074046,51.546209161762285],[5.267971220166406,51.54322548300703],[5.263368606385012,51.54423020504163],[5.26120809633529,51.540641079255344],[5.253330658056989,51.54033268539124],[5.249495461088285,51.53163563816311],[5.244006821519433,51.52575063415351],[5.234791332203873,51.5309943717386],[5.230843746775635,51.52093733856134],[5.214732356949214,51.51172627261119],[5.195401254385864,51.509732895211336],[5.190138489156307,51.507408653704566],[5.178747965385267,51.508601022743065],[5.176479503048408,51.511310810728574],[5.170993460343094,51.51056865559029],[5.165553184771304,51.51521540865656],[5.164228611616117,51.51465912494145],[5.160874304155221,51.517331810458735],[5.159152064469099,51.516643347272215],[5.148887652718473,51.52365778053681],[5.144966364671474,51.52149375411905],[5.130196120796622,51.5302978929555],[5.13545173369212,51.53358010373294],[5.133598423200594,51.53494972612303],[5.141880909759461,51.54209214478375],[5.138694809572386,51.54595614305557],[5.147835933893341,51.547117958424295],[5.140200998281817,51.55003252009983],[5.137214959532798,51.55286192004986],[5.139195933051479,51.56123582639902],[5.137355037025443,51.562580931324874],[5.143099022502246,51.56814182282786],[5.141358788152742,51.56830279583792],[5.144964272893631,51.57387587711433],[5.148783383951938,51.575359205525714],[5.147213579499432,51.57646167683011],[5.152023195173525,51.580939911074914],[5.202329369699304,51.611669966269886],[5.2223953128526555,51.6218439125758],[5.224114614389877,51.61643915607928],[5.228192407863127,51.615889154053896],[5.238241235193961,51.61914104811567],[5.244372341698115,51.61854974293654],[5.2461714124155385,51.62265468940519],[5.25059695136103,51.623782201411295],[5.250844789452936,51.622594382194066],[5.255499565958832,51.62492842873447]]]}},{"type":"Feature","properties":{"i":214,"c":"GM0826","n":"Oosterhout"},"geometry":{"type":"Polygon","coordinates":[[[4.843391292188373,51.68601745685651],[4.85662177976058,51.68166786433634],[4.8565804900919325,51.68024267705462],[4.862652140079386,51.6770667903941],[4.875787114235936,51.674733314909055],[4.8802287680795065,51.6718354650139],[4.880500511927558,51.67420792115709],[4.89876757315983,51.67412856040415],[4.912827007457909,51.67659002088749],[4.913780884414884,51.67504892250132],[4.923311541625842,51.67369502588261],[4.9267755875189225,51.66908742295176],[4.930942921158735,51.667101640497876],[4.934398625789689,51.65733479521717],[4.93242863209137,51.65569731251698],[4.93278190862572,51.650645240219625],[4.912862342736119,51.63368315007248],[4.910035010154557,51.62951364871438],[4.91182250521945,51.62636495275882],[4.904279212357104,51.62433257631515],[4.915554434860584,51.62243286242772],[4.909899590299482,51.61832711195841],[4.917442811848182,51.60854074106882],[4.918498990478675,51.60136743335618],[4.911635157741586,51.60006717504178],[4.91378589481939,51.598090474319235],[4.868039720040698,51.58109287110093],[4.869171376180451,51.57844190517194],[4.854542198519655,51.579347725342096],[4.848968648061967,51.58152921407752],[4.842621845981694,51.585829345735284],[4.842020575577238,51.59602695047603],[4.834072619728897,51.59741167464326],[4.843551930459138,51.60387615266627],[4.839078775605505,51.60893419610862],[4.842683136686159,51.61698586596564],[4.826036353699153,51.62698442155004],[4.821866535346469,51.62727431946882],[4.818643424251477,51.63150564802093],[4.788155952966534,51.63423881913402],[4.789328850711807,51.63566484145023],[4.7875059396818065,51.63704801642375],[4.79663261314168,51.640907546832096],[4.794305107497028,51.64174057810219],[4.781071322458471,51.66390212339963],[4.795909842273327,51.66932442386665],[4.84301219887808,51.67981521064893],[4.843391292188373,51.68601745685651]]]}},{"type":"Feature","properties":{"i":215,"c":"GM0828","n":"Oss"},"geometry":{"type":"Polygon","coordinates":[[[5.538029095742474,51.81625744483065],[5.546737523222401,51.81819639443595],[5.551813323602077,51.82467992084128],[5.556675222973834,51.82719463710664],[5.587397711714245,51.82970206107298],[5.600442780125426,51.82734208594566],[5.619261078307753,51.819630270017676],[5.6381125347589265,51.81902517878372],[5.645167978797594,51.81513586672704],[5.651741315203071,51.80343627907988],[5.660208262688861,51.79622612480008],[5.6669593124623265,51.79321705877971],[5.68289456511379,51.79176676091832],[5.690128241994875,51.789725890364295],[5.6956991965803505,51.78625080681292],[5.702309326229379,51.77814360741344],[5.711229947517342,51.77503386609624],[5.701047868394235,51.76874714550631],[5.696035831776938,51.76133972685062],[5.690858172101426,51.75913069560614],[5.680139618344213,51.76135335661735],[5.673673725732312,51.76770419300689],[5.669964873956014,51.762604425501685],[5.6672797919612,51.752221626128076],[5.648640411138941,51.764330107431064],[5.633773721330671,51.76083301834488],[5.634550699692371,51.75795559359095],[5.616458824024522,51.75501137261835],[5.6150492791565005,51.75616011567702],[5.597324188560958,51.75059779206745],[5.596605897729895,51.74741329740901],[5.576270820169269,51.7448768771053],[5.577477086175932,51.7357609051163],[5.579917821076986,51.73293894600557],[5.582280886586322,51.73304897960035],[5.579989683721592,51.73133670380316],[5.560170220629847,51.732359747070696],[5.5405023036838825,51.73924764500873],[5.528242605811048,51.740404582618915],[5.507364107081289,51.737748760957714],[5.463187922436805,51.725866279157756],[5.460073611946563,51.73070759505202],[5.457844005709393,51.72997469631677],[5.451929694926889,51.73400133594242],[5.454208571353488,51.73546828886429],[5.443646656682165,51.75078068546254],[5.438816386140647,51.765030281755074],[5.391262565871182,51.76007417760817],[5.374033095680034,51.753244644591256],[5.355904768655427,51.75143498767556],[5.353514364268956,51.755477254014345],[5.360317955891617,51.76148637351208],[5.36110688440105,51.77496917881762],[5.365912282452043,51.78575623060037],[5.383490523044245,51.804633700146645],[5.403157011409036,51.82161168103089],[5.413310216630005,51.821951404904965],[5.423456695759491,51.813778268525425],[5.432154609765111,51.810629315483936],[5.445203886930623,51.80953597820043],[5.458255540422543,51.810346724019254],[5.472762728195106,51.813770581260975],[5.476931544559125,51.81718304353286],[5.4829876948766145,51.827964288091955],[5.4945558599517454,51.83073166358447],[5.505051802702559,51.82794417470535],[5.516285206904643,51.81974393563474],[5.538029095742474,51.81625744483065]]]}},{"type":"Feature","properties":{"i":216,"c":"GM0840","n":"Rucphen"},"geometry":{"type":"Polygon","coordinates":[[[4.509450806236892,51.568561895481345],[4.536616429953352,51.56577642751374],[4.5286896745389065,51.55548657606084],[4.528068983833553,51.551998809314924],[4.5303586122744335,51.549255660267846],[4.545011182264845,51.55160448727623],[4.545371046642338,51.55390881687199],[4.548426981843228,51.55231863448882],[4.582007149099899,51.559050173067305],[4.581750756754658,51.56026674580171],[4.591761316501617,51.56103165226435],[4.601084921503348,51.55893449836948],[4.609195537115135,51.55382930881717],[4.624795705072221,51.55238557719485],[4.625809345209986,51.54741156316859],[4.630106059913872,51.547150283984514],[4.631754932135751,51.543874443517836],[4.6352857347277,51.54235140383346],[4.640110075827443,51.5434231648328],[4.638716048787438,51.52441265882877],[4.6249866246293925,51.52109013167461],[4.626401752580661,51.51892066466819],[4.619405380172061,51.51617200580547],[4.620539104579535,51.51073618756979],[4.618201756468273,51.51067224643572],[4.616379470056215,51.50808730114863],[4.579338331910872,51.51073094312863],[4.589731204083736,51.49673744863931],[4.5761776730231745,51.49253944743237],[4.572286267787179,51.48265523093219],[4.556100789532225,51.4856343337974],[4.548160793678588,51.47331259803085],[4.538184548649663,51.48239772734109],[4.486792661008011,51.47734242764656],[4.4854284860740234,51.480658108857355],[4.492861653159696,51.483291298712665],[4.490313443001062,51.486991628233085],[4.49831886187968,51.50188456478574],[4.496572535197617,51.50821153267363],[4.5021795992967775,51.516723629429926],[4.514332215798508,51.51789553076124],[4.513563589409306,51.52160148980275],[4.516056830511125,51.52155458741722],[4.52118957240658,51.528950557290834],[4.523191562478804,51.54255684436687],[4.515795700669783,51.54299795208972],[4.514444036769127,51.54190105307244],[4.511315467306713,51.5439824334359],[4.498830567409919,51.544785083905545],[4.497472345952634,51.546273292144996],[4.501634755423748,51.5632707358727],[4.504153851816916,51.5629850459243],[4.5049555753663775,51.56602631547976],[4.508713475653653,51.56554862261875],[4.509450806236892,51.568561895481345]]]}},{"type":"Feature","properties":{"i":217,"c":"GM0845","n":"Sint-Michielsgestel"},"geometry":{"type":"Polygon","coordinates":[[[5.430604777321735,51.701427834833915],[5.439330386815464,51.70043437141266],[5.43949450455211,51.69865756197721],[5.443350175489332,51.69761804177631],[5.441353393488103,51.69465609114043],[5.447396537523692,51.69513612012235],[5.445167497953209,51.688581211435014],[5.451678819911924,51.68675127262756],[5.452718757624599,51.68847496646152],[5.456872729671475,51.687590845241466],[5.4450347507804215,51.66424418419664],[5.432911371354941,51.6643070084659],[5.427652572892307,51.65584509970993],[5.422230276236025,51.65359395383277],[5.414644280123499,51.65570261148087],[5.41509566665574,51.65407919463426],[5.411425503682669,51.65445828100087],[5.41347485140536,51.65374642126558],[5.411080840660269,51.65269151384495],[5.412296891456347,51.65030327572426],[5.40588398993823,51.650205295678575],[5.405959794946961,51.648311804905426],[5.396154781077754,51.64532076050472],[5.379137648219269,51.647366944273834],[5.379592133051919,51.64415157856803],[5.375439299456664,51.644450325104515],[5.375962799563155,51.64323500927091],[5.371868163912488,51.64193102387979],[5.383261523583248,51.638589289341624],[5.371361050549052,51.63722591639633],[5.371065400616354,51.63296282732305],[5.3749977668656035,51.63369341934108],[5.383284926356093,51.63160385485313],[5.383376204816522,51.62772162428448],[5.387467473544874,51.62574839802883],[5.3838526918740675,51.624085842461],[5.385858564194571,51.62363625464299],[5.385917218414831,51.62090596488685],[5.388946855804626,51.62134307694194],[5.388419914107255,51.61784620461167],[5.3910878425101965,51.61650424127526],[5.392414665072263,51.61236067862714],[5.390716011133242,51.6117803351372],[5.3948566796871065,51.60584208098795],[5.374894601659103,51.60180299656935],[5.3530704981239845,51.60069322612564],[5.3509851434079945,51.60396604940088],[5.342811337125097,51.60022770299454],[5.340833739115909,51.60435002155099],[5.33596834042821,51.60308510450635],[5.33187508006865,51.60748319360519],[5.334941781001739,51.60860345127638],[5.332095263740706,51.61087086200549],[5.334688809369733,51.613524216232655],[5.339048271418379,51.61386070312956],[5.343266583741639,51.61696090227856],[5.3418880092572385,51.62019753453043],[5.343994961783124,51.62298311716739],[5.338404935411491,51.62212705937473],[5.3177319087847925,51.634633938872526],[5.321190720198462,51.636961793728524],[5.318671327263413,51.64205448678099],[5.319148573596201,51.64998011689075],[5.312573776516229,51.65394568670059],[5.31173901969994,51.65812898798614],[5.304344370418398,51.6626713991013],[5.303971152722958,51.66554836008863],[5.3274747560374465,51.67336716188192],[5.338883190089114,51.663996644677475],[5.3536929349005495,51.67107346818279],[5.3559621389181595,51.67400390604296],[5.350939364996379,51.67714482008731],[5.352783526881761,51.681417618744305],[5.357351354728228,51.682002758951],[5.377110255436705,51.67880180831015],[5.366354336370031,51.68802865172287],[5.3592722882429324,51.69868199046746],[5.3668291448424075,51.6969083660397],[5.374030476345785,51.70008805722096],[5.381023330362646,51.70079095820195],[5.397987338363791,51.69849160719638],[5.430604777321735,51.701427834833915]]]}},{"type":"Feature","properties":{"i":218,"c":"GM0847","n":"Someren"},"geometry":{"type":"Polygon","coordinates":[[[5.671931411423033,51.45780989715045],[5.693941389948852,51.439360095600634],[5.70444966795142,51.41039354565735],[5.736108763519873,51.38968525263864],[5.740216040080289,51.36979327741794],[5.745459769328244,51.371105728638575],[5.770448614943031,51.333804592247745],[5.672110784019177,51.31509401637405],[5.670226321338985,51.317659051339156],[5.672090678914436,51.32359215837881],[5.6667692394873335,51.326725022132656],[5.63891967533853,51.3891731480851],[5.637854858453777,51.406781059411955],[5.639015503857046,51.42245648775443],[5.643623790727691,51.44019261723497],[5.648265746740688,51.44150689230008],[5.6533076653781045,51.44638526476048],[5.65646818429399,51.45655961275303],[5.671931411423033,51.45780989715045]]]}},{"type":"Feature","properties":{"i":219,"c":"GM0848","n":"Son en Breugel"},"geometry":{"type":"Polygon","coordinates":[[[5.487318717905916,51.541752712868416],[5.488815415535846,51.53328521656623],[5.493449074039028,51.52668555730173],[5.498271530544667,51.52852964818419],[5.503725148673983,51.52649645715013],[5.499938184139157,51.52528704613712],[5.500080273221427,51.52138582448665],[5.513015367287715,51.5243109742728],[5.518952014456859,51.52226893552661],[5.52261357524584,51.52343082069145],[5.52504782790139,51.52186900789346],[5.530863593570254,51.52504867892301],[5.540194942079571,51.526011778291306],[5.544747851555289,51.52353737717408],[5.545634246561185,51.519949718570146],[5.540674774177636,51.52066493086404],[5.546272786527029,51.51269567926614],[5.526116537424977,51.501446351143805],[5.518599176548823,51.501995801915776],[5.509783617064427,51.49866106686127],[5.511424143929391,51.49692216623046],[5.476602123987856,51.49707610867748],[5.470258521391563,51.49558673654225],[5.463895146421045,51.496978505141854],[5.442570570663858,51.4939272196276],[5.440704809757609,51.49605929081694],[5.44750769407937,51.51206895710167],[5.423842809239572,51.53405510280679],[5.429834785515255,51.534970143156464],[5.431572650600749,51.53334689521696],[5.437412302715729,51.533972809630576],[5.468283848996129,51.540646798732794],[5.487318717905916,51.541752712868416]]]}},{"type":"Feature","properties":{"i":220,"c":"GM0851","n":"Steenbergen"},"geometry":{"type":"Polygon","coordinates":[[[4.3764522505533,51.65187450108994],[4.3878152847319845,51.645649074890585],[4.396150113863452,51.64371084718105],[4.399904562623915,51.63880521377334],[4.409108254417707,51.632719373791375],[4.423859219270861,51.63026501085055],[4.42873878006138,51.62333954723787],[4.437827867147161,51.61711916511125],[4.435678421096268,51.61515072911862],[4.433765468550058,51.615939452811055],[4.43154654506039,51.61084500001192],[4.426674801478448,51.61174020757788],[4.431080921925338,51.58628727507357],[4.443999240808933,51.569095441252884],[4.441953917567385,51.56738504822922],[4.4410781884802075,51.558491643239115],[4.4386249822430734,51.55652337563709],[4.42903230925407,51.55570126947677],[4.426878353660579,51.552382760468916],[4.411462872376796,51.551598292679834],[4.375361929977245,51.54372141133297],[4.29615653676399,51.553796704150436],[4.29863322200957,51.55884390669332],[4.267162303771614,51.564944393153816],[4.267622507713622,51.56801014433538],[4.252008163988442,51.57066127045907],[4.242975447305727,51.56297981247782],[4.2397251135415654,51.55091847117442],[4.236118851641539,51.550365801749265],[4.229726393440675,51.56222326037677],[4.198891447781993,51.58597535453426],[4.192231518048892,51.59390158430286],[4.1901623228917115,51.600953900202995],[4.191165657896886,51.60809565655328],[4.201042834850283,51.620958554856344],[4.211944514061885,51.62678860002616],[4.23816824039922,51.6342978854068],[4.242786202900129,51.64706300614048],[4.275002700540079,51.643777890931204],[4.332549787693616,51.65374926326677],[4.3618215908826325,51.66297906726946],[4.3764522505533,51.65187450108994]]]}},{"type":"Feature","properties":{"i":221,"c":"GM0852","n":"Waterland"},"geometry":{"type":"Polygon","coordinates":[[[5.112987773264616,52.49788606628821],[5.151023784138606,52.46636003582566],[5.1854900111051805,52.41564450136059],[5.13733104957346,52.41555276592764],[5.079162221016443,52.38865412091212],[5.074261628427736,52.41383846398537],[5.068269839008021,52.41655785829687],[5.049177134812343,52.415129276715064],[5.035470171744628,52.41827396424625],[5.030044793147939,52.41564349995812],[5.028357308945623,52.41941642929072],[5.021610886498149,52.421222053294024],[5.018205110574105,52.419059553601386],[5.000156687504799,52.425443123213775],[4.9904451990193275,52.425520784140836],[4.987101493226076,52.4228417020466],[4.982636420832095,52.4267622965622],[4.973319809817831,52.42279733833872],[4.955949733658461,52.421954407441525],[4.952769748035203,52.42367940914866],[4.951481367206727,52.421929748841464],[4.947788575475427,52.421562245289856],[4.950689658491899,52.42359613511151],[4.950879387692635,52.4366317668375],[4.9479820990148236,52.452260030934596],[4.950660785748996,52.45859522469706],[4.946877229922644,52.468883111118835],[4.948316323227866,52.48400483251087],[4.953997732870285,52.482938691859566],[4.953617341194612,52.47569402773165],[4.957994801699322,52.4712272896264],[4.974010112473981,52.47040437336916],[4.997964433638147,52.49473277042898],[5.0246338125393075,52.48456840574407],[5.03190375886771,52.48867173333893],[5.038611551462718,52.48831668545399],[5.059094937018065,52.49095567106195],[5.058645619803894,52.485524856178785],[5.061008052393292,52.48577459234154],[5.112987773264616,52.49788606628821]]]}},{"type":"Feature","properties":{"i":222,"c":"GM0855","n":"Tilburg"},"geometry":{"type":"Polygon","coordinates":[[[5.179400061697374,51.64040750077755],[5.191821270506281,51.63947733505839],[5.193701878818154,51.63056048663847],[5.202768111475399,51.62262181669179],[5.2078763871657685,51.62040474768974],[5.210711378842723,51.61558842080189],[5.188932631798139,51.603640346243566],[5.147837405636068,51.57730099990937],[5.148783383951938,51.575359205525714],[5.145532428312378,51.57451967585518],[5.141358788152742,51.56830279583792],[5.143099022502246,51.56814182282786],[5.137355037025443,51.562580931324874],[5.139195933051479,51.56123582639902],[5.137214959532798,51.55286192004986],[5.140200998281817,51.55003252009983],[5.147835933893341,51.547117958424295],[5.138694809572386,51.54595614305557],[5.141880909759461,51.54209214478375],[5.133598423200594,51.53494972612303],[5.13545173369212,51.53358010373294],[5.130196120796622,51.5302978929555],[5.127060856428281,51.53235380087417],[5.11879948065738,51.54591897827997],[5.112520947677244,51.540023272393675],[5.100193121258743,51.53545809476507],[5.092044072187723,51.53495387979697],[5.060322927981465,51.53786916053439],[5.051703463209462,51.53509117337988],[5.052274761378093,51.52976365491706],[5.041496140821625,51.53100554467474],[5.030522028927937,51.52950151554365],[5.022379506875742,51.53850206511656],[5.0015682361717575,51.53748782929471],[4.987628862633406,51.54002282441583],[4.975460065106232,51.54013286924458],[4.979565149124476,51.544201695827276],[4.975835041533743,51.54640327513716],[4.966860108583094,51.54953884238783],[4.953423932354124,51.55053242975641],[4.951145311380017,51.560917538155884],[4.9669082211838615,51.56724140326788],[4.9689903239211,51.57130476514387],[4.966778551801071,51.573662523330576],[4.970275310066048,51.577224199204046],[4.973408170812368,51.59198192163332],[4.972859690021226,51.59730569712456],[4.9677742896377275,51.597685458602],[4.967843597559479,51.60285899303783],[4.947845951999144,51.611170591090776],[4.952931249240789,51.61472315602748],[4.964713414895322,51.613133867234275],[4.983513711088481,51.607364136184096],[5.004492129001902,51.60788677197393],[5.04292728150539,51.60603863863084],[5.045010901107867,51.611097124906074],[5.057174165239588,51.610928953247914],[5.061771359951884,51.60934613170094],[5.070590545388065,51.6102906788394],[5.071007192761922,51.60822724520565],[5.074058842564385,51.60948334109097],[5.074025194128365,51.605680956889714],[5.075539940559303,51.60576775031875],[5.075468768424553,51.608949514143305],[5.080181590285042,51.60954228762991],[5.079438679380924,51.61078422583709],[5.093745313714966,51.61124929153558],[5.099202974478589,51.617805421795694],[5.1029586484345195,51.616911140383635],[5.098135189125087,51.628528030931996],[5.1015450403326295,51.634170216635766],[5.105830285540257,51.63588977386059],[5.110190254677136,51.636424070550405],[5.111180221612373,51.63536043443245],[5.115762583803157,51.63759268515982],[5.122953341677315,51.638189203822094],[5.128422624339426,51.63760124316601],[5.140384281626806,51.64047099932576],[5.172059648567195,51.63889654416925],[5.1784540055402015,51.63969166803269],[5.177928625482085,51.641623963189716],[5.179400061697374,51.64040750077755]]]}},{"type":"Feature","properties":{"i":223,"c":"GM0858","n":"Valkenswaard"},"geometry":{"type":"Polygon","coordinates":[[[5.516417604225362,51.378335517379256],[5.52718053671003,51.36694107613467],[5.493800242073305,51.355392186717545],[5.496668770257245,51.35265009162609],[5.496030167913621,51.34650779384624],[5.481868071027168,51.34084032193984],[5.473644951907237,51.33407214429148],[5.477021409258423,51.327653183534224],[5.482931498463946,51.32134136673766],[5.489055987479282,51.31836866464538],[5.491371868175618,51.31422232633902],[5.489023394387357,51.30617972402598],[5.484859328089722,51.29999994784198],[5.483016499325599,51.300164681475984],[5.483199278938214,51.298645522245494],[5.477613961301725,51.29496815711568],[5.47688754706089,51.291391341877805],[5.46483622110254,51.28456533511896],[5.441781539179607,51.282105873512165],[5.438371272624479,51.27602619629453],[5.433297706825055,51.276333159292136],[5.417411520766224,51.262285733279384],[5.387803627908679,51.28523890254573],[5.397202095237655,51.29062027513952],[5.392664977445393,51.29399001379857],[5.394866230097345,51.296271310544086],[5.3942262828640875,51.308714150960284],[5.397672510192253,51.31432058507538],[5.400719159167185,51.31350099755109],[5.4128614563926085,51.320518133299174],[5.413652544268744,51.318646455721755],[5.416487406586046,51.319391784321056],[5.419850671300727,51.318018350270044],[5.425799125566496,51.31199023030023],[5.43392267478239,51.32432076791401],[5.424290737898335,51.33075986466174],[5.421187199031183,51.33841366670236],[5.425196619346123,51.34526850977565],[5.419743519263436,51.358522060029266],[5.420981981711805,51.369299508446076],[5.41895784096525,51.37198863132141],[5.423207354897815,51.374866429179626],[5.437280463600331,51.36601310890426],[5.445133898091805,51.368136332058384],[5.492479524634028,51.37415063004706],[5.496477192530047,51.37313736783278],[5.501660866513777,51.374279974403926],[5.508479489970047,51.37276575036388],[5.516417604225362,51.378335517379256]]]}},{"type":"Feature","properties":{"i":224,"c":"GM0861","n":"Veldhoven"},"geometry":{"type":"Polygon","coordinates":[[[5.379546568966489,51.43553609688475],[5.388766359155331,51.4377453371308],[5.393805036498594,51.434577660279444],[5.400794914917087,51.432967532353196],[5.404922886344564,51.43712798478042],[5.409001172377766,51.43445983488839],[5.410699554500022,51.43506180717613],[5.414489154538177,51.430059081754614],[5.419944017254397,51.43285290764432],[5.426754765581731,51.42976747186676],[5.429854243650977,51.40619840083948],[5.4252309593444,51.404553547527954],[5.427276716814122,51.40265361078634],[5.417445911660077,51.38918255471055],[5.421967652502875,51.38347415190203],[5.4180013672513425,51.38202327330717],[5.413481912345583,51.383905012436216],[5.408537020248599,51.37980650497074],[5.396540005252631,51.38083956367844],[5.39337780414274,51.37759065735282],[5.388907031836276,51.37646010716171],[5.373947511382158,51.38863025715458],[5.370960874202672,51.39786420081496],[5.354362946949016,51.408783425900275],[5.323664331141047,51.40618721573907],[5.315808040805801,51.418955768005226],[5.319996533242093,51.41992795085015],[5.319371417773174,51.42379530572783],[5.339842235295823,51.42555794578815],[5.343369829898612,51.42743624708997],[5.342362515158242,51.43110445283553],[5.347376246404961,51.4293278365503],[5.355441699942787,51.43373738770876],[5.356916895776502,51.438203506407135],[5.3635351332194,51.43541553503195],[5.371249056774251,51.43890880061887],[5.379546568966489,51.43553609688475]]]}},{"type":"Feature","properties":{"i":225,"c":"GM0865","n":"Vught"},"geometry":{"type":"Polygon","coordinates":[[[5.246668922139947,51.68322210697906],[5.265633812743381,51.684725204746236],[5.288029181897094,51.68223727585738],[5.291389724547879,51.6719832625462],[5.294248064676268,51.672198329082185],[5.2989307434827415,51.66712378688723],[5.31905740583914,51.67037213503693],[5.308948690643903,51.66794079031607],[5.303797222408449,51.66399303392726],[5.31173901969994,51.65812898798614],[5.312573776516229,51.65394568670059],[5.319148573596201,51.64998011689075],[5.320743690391572,51.63600130437224],[5.315314517239417,51.63381545033288],[5.308708970380453,51.63340183147037],[5.304332683482061,51.624923840349766],[5.297029014330648,51.62498345433203],[5.294667103779793,51.62133487555396],[5.280758789442006,51.62272706148079],[5.2758310503376125,51.61576136209461],[5.271195281800411,51.61524798444337],[5.271746588387867,51.612836258850216],[5.268802888732864,51.61254300759105],[5.255499565958832,51.62492842873447],[5.250844789452936,51.622594382194066],[5.25059695136103,51.623782201411295],[5.2461714124155385,51.62265468940519],[5.246668940854578,51.62083409672502],[5.24237457709241,51.61798862216606],[5.238241235193961,51.61914104811567],[5.225928673942698,51.61595847002959],[5.222010223444332,51.619748116771476],[5.2223953128526555,51.6218439125758],[5.210711378842723,51.61558842080189],[5.2078763871657685,51.62040474768974],[5.202768111475399,51.62262181669179],[5.193701878818154,51.63056048663847],[5.191821270506281,51.63947733505839],[5.184128421590993,51.640883811645125],[5.17962740441975,51.639883376451124],[5.178968093751093,51.641661428730146],[5.1784540055402015,51.63969166803269],[5.174537898400868,51.63915837754973],[5.1600669347456,51.63953215652665],[5.154451889563403,51.65491910360252],[5.1576727289451565,51.66327474495785],[5.161767293073499,51.66344762707098],[5.166798145885936,51.669047444647184],[5.20477663250199,51.66982208917868],[5.202264401474935,51.67061076868442],[5.207948399978343,51.673955999298165],[5.223227613188729,51.67378197499657],[5.226157763264654,51.690030811232184],[5.231901758849778,51.68925719940573],[5.2342717322050785,51.685499388024766],[5.246668922139947,51.68322210697906]]]}},{"type":"Feature","properties":{"i":226,"c":"GM0866","n":"Waalre"},"geometry":{"type":"Polygon","coordinates":[[[5.471143498740913,51.40532107633312],[5.501545190600437,51.40311038911743],[5.504873936388005,51.4001548222468],[5.512003876305448,51.38381131535209],[5.516417604225362,51.378335517379256],[5.508479489970047,51.37276575036388],[5.501660866513777,51.374279974403926],[5.496477192530047,51.37313736783278],[5.492479524634028,51.37415063004706],[5.436301112698752,51.36623950335302],[5.435330560144003,51.36823628519848],[5.429070267973278,51.37020358126757],[5.423172107113617,51.37435447011596],[5.4255886473968395,51.37936444308213],[5.417756619941499,51.38798877338498],[5.417814515296023,51.39020302634853],[5.423050972503123,51.3949908864052],[5.423853761509692,51.3996482112653],[5.427581934178256,51.40292183563301],[5.43361890769431,51.40257156465231],[5.436188925174183,51.40497635227881],[5.471143498740913,51.40532107633312]]]}},{"type":"Feature","properties":{"i":227,"c":"GM0867","n":"Waalwijk"},"geometry":{"type":"Polygon","coordinates":[[[4.947230601187389,51.72306189618417],[4.969381253345516,51.72120931147583],[5.007736421567462,51.71305473288878],[5.03279245165345,51.710863068331356],[5.059391111481559,51.71301493848749],[5.0817602427783815,51.722344402167124],[5.093157064526159,51.719204938203035],[5.106854715206228,51.71086111848971],[5.111506129133663,51.70357641076045],[5.10305279706341,51.70248382629717],[5.10649321356783,51.67732783863887],[5.094182916002795,51.67445264604413],[5.08926269971361,51.67483059958375],[5.080265008512707,51.67138916265164],[5.060621493491442,51.67111325093526],[5.061013494993871,51.668290259320116],[5.057970463578202,51.66831617138985],[5.058403634912984,51.66172695348365],[5.05004024431974,51.66160695163577],[4.992246271517933,51.67625089487122],[4.987266911419437,51.65460893488942],[4.957896726176664,51.65153188905611],[4.9583484550052255,51.65758653330972],[4.9526270362179865,51.6720977277618],[4.944243687536271,51.67891573061739],[4.933169422542315,51.67674997941692],[4.917991153544772,51.719959369882325],[4.947230601187389,51.72306189618417]]]}},{"type":"Feature","properties":{"i":228,"c":"GM0873","n":"Woensdrecht"},"geometry":{"type":"Polygon","coordinates":[[[4.297684938976282,51.46622205173343],[4.307358846695109,51.46621685729821],[4.311166562614437,51.46017328995794],[4.322477302538155,51.460299906669],[4.327961149440566,51.464241616320145],[4.336514710076062,51.45980063669569],[4.34039011425246,51.46270337372042],[4.346115798218406,51.4602629899074],[4.383412420389403,51.4551152634613],[4.391083220463336,51.45148726602735],[4.384838616517648,51.449315942120194],[4.3827093138456075,51.45023238870841],[4.379328223072411,51.44678893229515],[4.3866400600631605,51.445243269269675],[4.392034206143755,51.44637629982796],[4.396970055698479,51.441313003391926],[4.395415196742821,51.435512670204744],[4.398818240682725,51.43524365604569],[4.397205526456044,51.43159783903781],[4.392562394290697,51.432800127956426],[4.392330310859232,51.43144604782999],[4.394665399363366,51.43153818529272],[4.395201437854501,51.426902527128185],[4.391330461720019,51.427352734029775],[4.390526900775658,51.42426678785767],[4.383659997677847,51.42107647047612],[4.391611246252112,51.40817140003537],[4.431691672467982,51.375049019846514],[4.425080933400531,51.3712895404187],[4.431351612523398,51.3638530860205],[4.421853722251856,51.365230534885484],[4.398739607181924,51.356886688563115],[4.384543340961814,51.35435189633883],[4.350889620052448,51.358682827133364],[4.341353767530529,51.35756325270095],[4.334505127947686,51.377641249160995],[4.27742457849073,51.376035243616236],[4.2736976882689826,51.383149889969324],[4.268382050379625,51.3835458916864],[4.2663490226177565,51.3865406355335],[4.268633596742738,51.38812645302141],[4.269061035958648,51.40034739316467],[4.263732257681833,51.41644911095473],[4.266446871636862,51.41997948526124],[4.27585163875772,51.42504941254955],[4.265431752462697,51.439680681388566],[4.283173290787263,51.439666986308666],[4.28713336931144,51.44396978271655],[4.293706158164421,51.4453061450164],[4.297462229559143,51.45011275982023],[4.297684938976282,51.46622205173343]]]}},{"type":"Feature","properties":{"i":229,"c":"GM0879","n":"Zundert"},"geometry":{"type":"Polygon","coordinates":[[[4.703996818858282,51.54979854600267],[4.728417245018453,51.53687755186818],[4.722489940918912,51.53515816811063],[4.725100386411111,51.532900214422504],[4.730710669186993,51.5364505253386],[4.738798760529001,51.53226698973485],[4.738289150248053,51.531086358838735],[4.740932682157182,51.53274536028291],[4.741762869304863,51.53196454705378],[4.740118746307724,51.52785817665026],[4.743234837492758,51.52539384540728],[4.743868386392685,51.5192849600584],[4.739863692375369,51.51842352981556],[4.7439837245449885,51.51876133733004],[4.743483815008075,51.510909725514416],[4.74215771084238,51.5056314044683],[4.738146807444656,51.50579331367409],[4.7415589084422365,51.50519859839542],[4.733996600896006,51.48554821012749],[4.72915185456091,51.48390719407051],[4.720603276962041,51.47345491824451],[4.7160286679654435,51.47112350859879],[4.716898105495003,51.4688646263814],[4.703248779807385,51.46696832258553],[4.70405612987255,51.465465336463886],[4.693096897364658,51.451729935331926],[4.686440559859921,51.45127082187504],[4.666586272558473,51.44439919512463],[4.669689624078119,51.426362606713425],[4.656418612947703,51.42499345315867],[4.65171657131146,51.426885364059004],[4.64664998538394,51.42339517858641],[4.641290379047101,51.4220144500164],[4.630094466175353,51.425916932114404],[4.574728191217383,51.43284852210153],[4.535408782575532,51.4230296389655],[4.52989646463256,51.449520513370416],[4.556100789532225,51.4856343337974],[4.572286267787179,51.48265523093219],[4.5761776730231745,51.49253944743237],[4.589731204083736,51.49673744863931],[4.579338331910872,51.51073094312863],[4.616379470056215,51.50808730114863],[4.618201756468273,51.51067224643572],[4.620539104579535,51.51073618756979],[4.619405380172061,51.51617200580547],[4.626401752580661,51.51892066466819],[4.6249866246293925,51.52109013167461],[4.627568251578028,51.52243852675273],[4.638716048787438,51.52441265882877],[4.6381577896986625,51.51720524348886],[4.643289073626872,51.51818881209303],[4.659112269710166,51.52549361005367],[4.6809057040153155,51.54066745247239],[4.694025447708903,51.54475485723444],[4.703996818858282,51.54979854600267]]]}},{"type":"Feature","properties":{"i":230,"c":"GM0880","n":"Wormerland"},"geometry":{"type":"Polygon","coordinates":[[[4.834631199270005,52.53837466551931],[4.837564521922626,52.530545256655074],[4.847956530332733,52.5253052605905],[4.8593817838039515,52.525034085755166],[4.8749114922153005,52.52001394854938],[4.909367271665841,52.51703941326017],[4.922600962131364,52.511412194229024],[4.934352057345176,52.511640610465626],[4.934724216099748,52.51027959997767],[4.925116266620331,52.505530376637125],[4.926227462148948,52.50024209328394],[4.922938526612406,52.491897205365056],[4.916126956331023,52.48654521217476],[4.908220901468392,52.483096878241824],[4.906469643370009,52.47982647916062],[4.895630965668133,52.47822751224517],[4.8905324524797535,52.478959191209256],[4.882437861867462,52.474801841958886],[4.8616377306536425,52.46846921165632],[4.842555504900511,52.472004334326506],[4.837080528972341,52.4798603614907],[4.816586954010629,52.48261217618026],[4.798842867671627,52.49110526251532],[4.792076772650828,52.49133476477851],[4.795077642007724,52.49621828871427],[4.794530723388474,52.502629006294235],[4.793345613099563,52.50700424555574],[4.788708475802554,52.51124147840902],[4.789437214787602,52.5188913336267],[4.798221411444084,52.524334422284426],[4.805044423754445,52.52549313692356],[4.811626573477756,52.530190504864265],[4.821581753396317,52.5318774012644],[4.824451328902472,52.53383456576714],[4.8169929957395885,52.53564821257278],[4.824461714457861,52.542689312121304],[4.834631199270005,52.53837466551931]]]}},{"type":"Feature","properties":{"i":231,"c":"GM0882","n":"Landgraaf"},"geometry":{"type":"Polygon","coordinates":[[[6.01820166169202,50.934701399605984],[6.045582165713044,50.92808011456992],[6.050870799558332,50.92990542630936],[6.056160449876673,50.92715255180759],[6.0540227678678695,50.92224734279191],[6.068184216950301,50.920653008760084],[6.0717749829873116,50.92313329738724],[6.077464766294934,50.92257849461401],[6.089435921729979,50.918525214271796],[6.0937259686789265,50.92123070068948],[6.0941585425815346,50.92030703852567],[6.0816009865182705,50.909481226535725],[6.079813308944384,50.905770290977664],[6.066460598582118,50.90426386691824],[6.059350912923369,50.90121226035224],[6.058729765454397,50.90244839097781],[6.056788739988641,50.901986610925746],[6.055878264860459,50.899932272167725],[6.042897137849708,50.90040860001198],[6.0425372612648,50.89283558466589],[6.040421146531478,50.89206645224718],[6.045533937637034,50.88989548911234],[6.043036619869474,50.88712040716995],[6.040414963063998,50.888240533013764],[6.037054742136495,50.88632043832761],[6.031139941450668,50.87158731505944],[6.022574223201483,50.87181010769633],[6.0158603621360465,50.870219881878356],[6.015086791925328,50.87351459948271],[6.010018189839462,50.877448898120065],[6.008265233797228,50.885562089188014],[5.998624443852164,50.89291849693717],[5.996609317263788,50.8925216776462],[5.9945054758247025,50.90351355367163],[5.9906271454124385,50.90619340248398],[5.9932690640803,50.91008343280331],[6.006104516459694,50.918679090468395],[6.01820166169202,50.934701399605984]]]}},{"type":"Feature","properties":{"i":232,"c":"GM0888","n":"Beek (L.)"},"geometry":{"type":"Polygon","coordinates":[[[5.811885574738931,50.95514326501942],[5.833344378206514,50.94712624537309],[5.838608892123568,50.94660173768077],[5.839891583871101,50.95019130262077],[5.848461268039475,50.94471118217557],[5.855246538239904,50.9459219255742],[5.856929662566522,50.94400143062941],[5.855583448317345,50.93613403487561],[5.850092472958995,50.92729111842111],[5.8414977666284,50.91960653091608],[5.833456828110812,50.92020766384082],[5.831245905367861,50.91939203123921],[5.831557125955053,50.917180241494904],[5.8003466746755175,50.91478928111727],[5.792193081832695,50.91048598212768],[5.782440631848579,50.91337637547343],[5.778981374327385,50.91097308300415],[5.7747641519079895,50.91132089165701],[5.75901220100353,50.898721627416826],[5.756208252889417,50.89930034774509],[5.754845466337027,50.90059245845914],[5.759123211752442,50.906815975014865],[5.77357973380019,50.92326818679719],[5.772188385848883,50.92811243298349],[5.777919440152373,50.93268934387171],[5.779230537424767,50.939241207460334],[5.783730985210752,50.94299689048468],[5.779171327015037,50.94381609014406],[5.779954573325564,50.94533927904151],[5.788205670698876,50.9480358773129],[5.793361487141288,50.951904452213356],[5.802249888839126,50.9473946879595],[5.811885574738931,50.95514326501942]]]}},{"type":"Feature","properties":{"i":233,"c":"GM0889","n":"Beesel"},"geometry":{"type":"Polygon","coordinates":[[[6.084717160818327,51.29745438514019],[6.090808511810174,51.29450163028326],[6.093595579267163,51.29552652985004],[6.103152320159272,51.28870043069559],[6.1070084690693704,51.291469303787345],[6.114462061262854,51.28917535516998],[6.120071164183839,51.28510447201228],[6.124757906441816,51.277550004689],[6.124502208914412,51.274729004798544],[6.085617167173466,51.24762570887681],[6.07266365847558,51.24256009526616],[6.0521494334965045,51.252481305251386],[6.04295160862974,51.24700200143976],[6.032521434921268,51.24699034350298],[6.0278561607121715,51.245547166170525],[6.019866323727728,51.25060110482337],[6.01599838604777,51.25091121388093],[6.015470279104978,51.25454009958648],[6.005534410372469,51.25922592808963],[6.0084393514908605,51.2651929191414],[6.013169763616826,51.266555807816644],[6.025590617346184,51.26658254382503],[6.028197740804034,51.26805632490335],[6.030536361339228,51.27402694621021],[6.049058172152877,51.28692388570261],[6.058425205139063,51.290246616633446],[6.0668188050501906,51.28888141041119],[6.070890881356757,51.29367688228812],[6.084717160818327,51.29745438514019]]]}},{"type":"Feature","properties":{"i":234,"c":"GM0893","n":"Bergen (L.)"},"geometry":{"type":"Polygon","coordinates":[[[6.034431822497908,51.67475816992898],[6.031540406407099,51.67458275230073],[6.0723842380438455,51.66383917729109],[6.075724282884003,51.66482574385587],[6.079662629492087,51.663461899910594],[6.079544993509614,51.6615932583389],[6.085344842464245,51.662914079313786],[6.08788836418738,51.659849757824695],[6.099654452340793,51.658115864369094],[6.10283787923918,51.66050473307779],[6.118087486137889,51.65597292902307],[6.115771028204228,51.653227361810586],[6.11724753497249,51.650731063999444],[6.109412077571251,51.64686652659465],[6.1116825638657035,51.644729945593156],[6.108040393600262,51.64193232943034],[6.100012141925812,51.62407854602158],[6.097229092595358,51.620883543897826],[6.093934019503255,51.622154048283555],[6.09435534323834,51.61519578774103],[6.09142379459258,51.60584856049377],[6.1214854358551944,51.592744543224896],[6.130559915519248,51.58108761590658],[6.14698571015106,51.5705907430065],[6.1570324687172,51.56657550372688],[6.1769019394843525,51.53855572775434],[6.199928919484269,51.52738144724208],[6.212023632081956,51.513390946801536],[6.21336126649423,51.50781767459427],[6.204044711051478,51.50431295836318],[6.188362545061294,51.50508100083947],[6.169193440407887,51.50308165998962],[6.161669561553,51.511883330274394],[6.144703253786434,51.51750204114246],[6.1197263518520995,51.531811265017296],[6.111064912762295,51.54670399796724],[6.102774311901617,51.54828188685499],[6.078848791069422,51.54720629560658],[6.062131821882079,51.55587512583932],[6.048632091901855,51.5582196357949],[6.042854424957166,51.56226385281524],[6.037589625531746,51.570188005694305],[6.0393341213661245,51.58284669924735],[6.027244066018948,51.59429796581966],[6.0244254116627936,51.5994110795565],[6.02406629027877,51.61480321192988],[6.022020440718967,51.61966414856317],[5.996352255236458,51.63671914592188],[5.976606939929081,51.643783115285125],[6.001517913113169,51.655253691136004],[6.006842679050567,51.65602732993548],[6.015375301627196,51.66224228412765],[6.024672180991303,51.66007173289621],[6.0317575672766806,51.663048119892046],[6.024277776737697,51.669816413274205],[6.0319447804555715,51.676165206258524],[6.034431822497908,51.67475816992898]]]}},{"type":"Feature","properties":{"i":235,"c":"GM0899","n":"Brunssum"},"geometry":{"type":"Polygon","coordinates":[[[5.969083800158329,50.961035584465996],[5.9746551493080755,50.95838393521649],[5.980123456663092,50.96067965349784],[6.006053522758813,50.957535402857914],[6.005198413017933,50.956776559585116],[6.016852847737643,50.952642642198555],[6.015078573131569,50.94788288576365],[6.01820166169202,50.934701399605984],[6.011696326926885,50.926439491039325],[5.974719962290575,50.9287865750891],[5.9605984565984445,50.934222309255674],[5.9545640274879,50.93372404353694],[5.941859313037782,50.927086140473044],[5.930375992501219,50.934001913492644],[5.9284699831733105,50.93661221967598],[5.9344161328058425,50.938635793042394],[5.931400568274127,50.94155720111106],[5.936029073056776,50.94632502696601],[5.952673258523404,50.95247018955523],[5.965861593793597,50.962417689222875],[5.96999017387463,50.96250233430313],[5.969083800158329,50.961035584465996]]]}},{"type":"Feature","properties":{"i":236,"c":"GM0907","n":"Gennep"},"geometry":{"type":"Polygon","coordinates":[[[5.953287898073603,51.748024162455536],[5.955155147779677,51.738117598849016],[5.973361932273964,51.73930559591854],[5.99419669916732,51.73830942209827],[6.003575599653535,51.73379390265462],[6.02952213496092,51.725484778329495],[6.035034731347069,51.72122676102595],[6.035424295796267,51.71777427924292],[6.038386382297222,51.71811377440738],[6.0378808357045886,51.71992978769499],[6.044939148772703,51.71691336264631],[6.042009164842707,51.713344601317225],[6.03151994827573,51.71298960229955],[6.026053826450137,51.70868808339732],[6.027765518482126,51.700549190047376],[6.031111623127628,51.696428237393555],[6.0317405951350445,51.6921681260317],[6.028247682332616,51.68962445333727],[6.032234323786338,51.68479630386226],[6.029823051111621,51.678099450341186],[6.0319447804555715,51.676165206258524],[6.024277776737697,51.669816413274205],[6.0317575672766806,51.663048119892046],[6.024672180991303,51.66007173289621],[6.015375301627196,51.66224228412765],[6.006842679050567,51.65602732993548],[6.001517913113169,51.655253691136004],[5.976606939929081,51.643783115285125],[5.967931500974238,51.64886472934425],[5.964256100483933,51.65415456678595],[5.964392691911914,51.67737204605917],[5.956567631557813,51.698940699627336],[5.955290974500042,51.70930490470599],[5.943138780059265,51.71440523170338],[5.919469549407941,51.71767150277701],[5.921325241082113,51.72182094474173],[5.93419453274763,51.733720344508264],[5.934567982017747,51.73977180149821],[5.952435605538089,51.744536752051395],[5.952293564316794,51.74612225834259],[5.953287898073603,51.748024162455536]]]}},{"type":"Feature","properties":{"i":237,"c":"GM0917","n":"Heerlen"},"geometry":{"type":"Polygon","coordinates":[[[5.928625361518916,50.936348862625586],[5.941859313037782,50.927086140473044],[5.9545640274879,50.93372404353694],[5.9605984565984445,50.934222309255674],[5.974719962290575,50.9287865750891],[6.012383358351525,50.926272550297874],[6.006104516459694,50.918679090468395],[5.9932690640803,50.91008343280331],[5.9906271454124385,50.90619340248398],[5.9945054758247025,50.90351355367163],[5.996609317263788,50.8925216776462],[5.998624443852164,50.89291849693717],[6.008265233797228,50.885562089188014],[6.010018189839462,50.877448898120065],[6.015086791925328,50.87351459948271],[6.0158603621360465,50.870219881878356],[6.020308981737759,50.868790926185284],[6.0103408281912865,50.86343401043006],[6.006976766875469,50.86080096705507],[6.008172210655493,50.859423236460955],[6.000568452988667,50.857735216572195],[6.012023870905996,50.84611633424632],[6.017958896704026,50.843805471061856],[6.015942456509064,50.838796227726135],[6.018450074531032,50.8373291106574],[6.016315606778384,50.83388375143037],[6.018768606355831,50.829695190641424],[6.0252701787409935,50.82782122660179],[6.022744392681161,50.8266057643216],[6.026379349162065,50.820122041286744],[6.023722866681483,50.818403177164726],[6.017657016034183,50.821493733089746],[6.015746370070164,50.82381163392105],[6.017030306714478,50.82570151852481],[6.011816581624047,50.8305443920887],[6.0030209666164955,50.83202590463485],[6.00539681277256,50.83494150904747],[6.004129664832914,50.83767811846261],[5.977407991917566,50.85046629355395],[5.965174678019521,50.8662553879621],[5.925297037260639,50.903949107744246],[5.921759173602996,50.90556288990572],[5.923516614813346,50.90557018130967],[5.916304922301596,50.909964823858445],[5.904207425591961,50.913447949407],[5.907977840192303,50.91560734401608],[5.904104016904982,50.917283506136634],[5.899586303175385,50.91682430033963],[5.895757749267296,50.91896820605636],[5.897673860312366,50.92281936624325],[5.900745484591003,50.92298257016851],[5.901140990038761,50.92508664387314],[5.905274347260753,50.92755317930147],[5.912780759941632,50.92774722036858],[5.920210390492616,50.931711921341524],[5.918933601030401,50.93322435137245],[5.928625361518916,50.936348862625586]]]}},{"type":"Feature","properties":{"i":238,"c":"GM0928","n":"Kerkrade"},"geometry":{"type":"Polygon","coordinates":[[[6.079851196016602,50.904882574363214],[6.075366749441731,50.89056468283176],[6.079336426807316,50.88673505899434],[6.079679798905659,50.88218533292994],[6.08253707055305,50.882506952040075],[6.0866810874130355,50.87945036785364],[6.085073704201522,50.876368417478815],[6.088102302215489,50.87242695276234],[6.083396499217337,50.86483733442347],[6.077298497598709,50.860755853219835],[6.074170892890426,50.846537872950464],[6.056698758813896,50.85105276704509],[6.057148583438187,50.85551160583877],[6.0550775812014,50.85725771592371],[6.042102110063636,50.851217000905166],[6.034281490288349,50.8505750616007],[6.027839217423777,50.84763020516541],[6.018945631685896,50.84625564359162],[6.017958896704026,50.843805471061856],[6.015741651872256,50.8438107261739],[6.000568452988667,50.857735216572195],[6.008172210655493,50.859423236460955],[6.006976766875469,50.86080096705507],[6.0103408281912865,50.86343401043006],[6.020308981737759,50.868790926185284],[6.017287070483601,50.87054542905517],[6.031139941450668,50.87158731505944],[6.037054742136495,50.88632043832761],[6.040414963063998,50.888240533013764],[6.043036619869474,50.88712040716995],[6.045533937637034,50.88989548911234],[6.040421146531478,50.89206645224718],[6.0425372612648,50.89283558466589],[6.042897137849708,50.90040860001198],[6.055878264860459,50.899932272167725],[6.056328519800405,50.90184463996001],[6.064021993653407,50.90232403863847],[6.0638240045373095,50.90365791271011],[6.066460598582118,50.90426386691824],[6.079851196016602,50.904882574363214]]]}},{"type":"Feature","properties":{"i":239,"c":"GM0935","n":"Maastricht"},"geometry":{"type":"Polygon","coordinates":[[[5.717199828323938,50.90755059029667],[5.713095552312728,50.906339716362595],[5.712639991104784,50.902672372951926],[5.719841317963782,50.8992294378139],[5.71803713344962,50.896926753507415],[5.72346733290437,50.89456198375404],[5.726542007915053,50.88414760387695],[5.736242732636809,50.88204631472539],[5.733365627976653,50.8747461674792],[5.741888562603994,50.87311686929667],[5.742567015412318,50.87139946175454],[5.746006237226732,50.872268066214595],[5.746974055037562,50.870701277175364],[5.755444683669007,50.87149091325273],[5.759090544289014,50.86597244585784],[5.7626603877124865,50.86651035137305],[5.762924781331362,50.86413783642899],[5.749286799781822,50.857149548820466],[5.757340376265397,50.85529059415959],[5.757325561932018,50.84535683737132],[5.754854953753023,50.841840528060345],[5.7406391514150314,50.83915727704384],[5.74631141559058,50.83732494217979],[5.7467062571948135,50.83587172865449],[5.74487319271172,50.82292112651508],[5.743481942241184,50.821319371446954],[5.728732480611225,50.81792470714345],[5.725595357025334,50.81541641954734],[5.717311911926485,50.814501387864446],[5.716944059225544,50.803805279363935],[5.708528499968565,50.80491067755477],[5.709491477451639,50.80827821790374],[5.696503086406936,50.80854606315231],[5.693855892411715,50.81151597924734],[5.684360073880825,50.81342018021559],[5.680602093247343,50.81203175698731],[5.678282887528635,50.81646838997851],[5.673173169865486,50.815995523598225],[5.669453918786586,50.81785028995383],[5.667648164130077,50.81654443439255],[5.654179966554368,50.81997439613206],[5.656177708606867,50.82428965636411],[5.651855258821666,50.827507879820914],[5.64889620461388,50.82670265295835],[5.651382385486808,50.83199179733352],[5.64373156738392,50.83793612311888],[5.645345596151432,50.839395097233144],[5.641853700839474,50.840793171831386],[5.638866058226086,50.847674483643914],[5.642708418162623,50.85008054481863],[5.640325936978498,50.85372497955505],[5.643513542505678,50.856783776732456],[5.641685498236282,50.85755481376131],[5.643791368395861,50.858878452364905],[5.641801745932241,50.859247897052455],[5.644005315536868,50.86292043512326],[5.641664647611515,50.864161564752976],[5.649472014911871,50.86834350793403],[5.644159225335098,50.8713498570763],[5.651323275116374,50.875091701438166],[5.65333613585798,50.873978925637985],[5.669631062981186,50.881822475269956],[5.679350430728859,50.880489012683114],[5.6825155694169265,50.888524275768305],[5.692341755727858,50.89370770388329],[5.695743909424158,50.897745001912064],[5.6962545561063305,50.90771270929111],[5.699465298088619,50.91076244922847],[5.7079004858749345,50.911846527413374],[5.717199828323938,50.90755059029667]]]}},{"type":"Feature","properties":{"i":240,"c":"GM0938","n":"Meerssen"},"geometry":{"type":"Polygon","coordinates":[[[5.74657823241914,50.94299631333704],[5.74884468180452,50.94115629858442],[5.748239586022964,50.93898135471155],[5.750119669112666,50.93920316232946],[5.748561033752216,50.935912353621276],[5.755431365026323,50.9317544528057],[5.758984085297209,50.93191243473121],[5.768543903239416,50.92819100025601],[5.772498480590926,50.928569500798595],[5.773824509996828,50.92556080804418],[5.77106300887342,50.918992773156035],[5.75939562002641,50.90717120169003],[5.755785237946479,50.89949022886191],[5.758995412416174,50.89871082283767],[5.7747641519079895,50.91132089165701],[5.778981374327385,50.91097308300415],[5.782440631848579,50.91337637547343],[5.792193081832695,50.91048598212768],[5.8003466746755175,50.91478928111727],[5.8023933515110615,50.91379545152866],[5.8010029628512845,50.908754891882026],[5.796556973168456,50.907478728452034],[5.80225689110921,50.902412069180144],[5.798667127001013,50.90101512268643],[5.801971752813582,50.90067561298119],[5.80348010099002,50.89811126671839],[5.801488264508428,50.89630652917144],[5.800519995595965,50.89818054323257],[5.796563438117304,50.897696755343134],[5.7972161299751805,50.88991889316578],[5.799842066920861,50.88567287998916],[5.798371674629783,50.88285025235336],[5.789536098119802,50.88241051958558],[5.789101072369397,50.883888580419004],[5.784186678106036,50.88240190584064],[5.7776628831648615,50.883727323391454],[5.772077844192687,50.87574944481689],[5.774200972371088,50.87337765794181],[5.773012826855259,50.87227985466254],[5.76700134648458,50.87320323696749],[5.7646373905355155,50.86684097818836],[5.759090544289014,50.86597244585784],[5.755444683669007,50.87149091325273],[5.746974055037562,50.870701277175364],[5.746006237226732,50.872268066214595],[5.742567015412318,50.87139946175454],[5.741888562603994,50.87311686929667],[5.733365627976653,50.8747461674792],[5.736242732636809,50.88204631472539],[5.726542007915053,50.88414760387695],[5.72346733290437,50.89456198375404],[5.71803713344962,50.896926753507415],[5.719841317963782,50.8992294378139],[5.712482702981707,50.90316632989314],[5.713214532338665,50.90646497322752],[5.717259887843257,50.907595417108546],[5.71485412196453,50.90845785082358],[5.720381360356413,50.90807081452022],[5.7252286460926145,50.91139188447195],[5.728090923851686,50.92558883849689],[5.740879426710611,50.93522480499789],[5.74657823241914,50.94299631333704]]]}},{"type":"Feature","properties":{"i":241,"c":"GM0944","n":"Mook en Middelaar"},"geometry":{"type":"Polygon","coordinates":[[[5.888601873587462,51.77856466565487],[5.893409260579436,51.7778529287347],[5.905375801209999,51.76568382286731],[5.911114596081127,51.76240566558137],[5.915284819392738,51.752286862295186],[5.933323247796744,51.74809858972903],[5.929948273913775,51.744428472011855],[5.932766881911969,51.74193845106153],[5.93829860804923,51.74159315162418],[5.934486608828482,51.73969850190064],[5.93419453274763,51.733720344508264],[5.921325241082113,51.72182094474173],[5.919469549407941,51.71767150277701],[5.899566720464311,51.72018994213934],[5.887647281389873,51.725398082581805],[5.879560428146039,51.749913601039786],[5.864468844606554,51.75768172577058],[5.869244701529261,51.762860479850595],[5.867893200416948,51.77552102449729],[5.888601873587462,51.77856466565487]]]}},{"type":"Feature","properties":{"i":242,"c":"GM0946","n":"Nederweert"},"geometry":{"type":"Polygon","coordinates":[[[5.852141732922489,51.320702317962635],[5.877823372273239,51.31657769739708],[5.860724561179699,51.31080239562291],[5.850656746117831,51.29154332166896],[5.837922140938242,51.279719920643316],[5.839421249921545,51.27772340118157],[5.833836171741519,51.27494323883755],[5.846750110988496,51.25551811661682],[5.849863079560606,51.256619343053856],[5.85499181606452,51.2536589575062],[5.855618026082786,51.24924986939258],[5.852017077085293,51.24348298304251],[5.849705163227761,51.24531882457028],[5.845684872866155,51.245556304528336],[5.8395171139413815,51.24468336207243],[5.835140384122595,51.241264532231895],[5.817727577708219,51.242000435286776],[5.808327365928441,51.24046321494317],[5.802962777004017,51.23787085393612],[5.793647653973338,51.23697622457938],[5.778266746229895,51.2501876324441],[5.746238386177629,51.26347371082288],[5.733001124497584,51.28008593923782],[5.723565474888525,51.28265825916331],[5.707592617357449,51.28360504414729],[5.690829771295075,51.281610420793285],[5.674511773824295,51.27704929368045],[5.667800195082775,51.277376125779504],[5.656958403995809,51.27973161864472],[5.643996710291831,51.29057549322526],[5.6720478275023165,51.31508199967886],[5.840193690025947,51.34687706722022],[5.8320756571701615,51.338046517725004],[5.852141732922489,51.320702317962635]]]}},{"type":"Feature","properties":{"i":243,"c":"GM0957","n":"Roermond"},"geometry":{"type":"Polygon","coordinates":[[[6.016589557390164,51.25057710430302],[6.019866323727728,51.25060110482337],[6.0278561607121715,51.245547166170525],[6.032521434921268,51.24699034350298],[6.04295160862974,51.24700200143976],[6.051332264934879,51.252527467946294],[6.054183477359861,51.252044486059205],[6.062960987142739,51.246312706370674],[6.07266365847558,51.24256009526616],[6.086024851267431,51.22267021578051],[6.073259260772981,51.22243626010995],[6.067987519531675,51.220550808915924],[6.073141437605933,51.182824754966],[6.055196721459012,51.184567113026596],[6.054602828351696,51.17970362940068],[6.057070985904617,51.175703810444645],[6.048139283856666,51.17484501306977],[6.05000449191404,51.17214913765112],[6.060074980340621,51.17091260325553],[6.063565926209318,51.1655243049241],[6.055626433276193,51.16211239196045],[6.040114917778099,51.1605423165091],[6.03987115912907,51.161600931054714],[6.029519004517814,51.1609701952128],[6.026076383105162,51.16402270759223],[6.018465149223675,51.16442991807836],[6.01369661180974,51.16664868743426],[6.005970492547409,51.16316071770263],[5.999017130664048,51.162183201211306],[5.998178864248131,51.16803340081239],[5.995137684320008,51.16855010842312],[5.99403217530834,51.16616969855274],[5.991277118279329,51.1679500465009],[5.991964360878023,51.170546904256085],[5.986326994532555,51.169362372274605],[5.988961536539005,51.17364203743522],[5.983566639688485,51.17622935692403],[5.953828419701387,51.1587526977147],[5.940474881453481,51.160919998004466],[5.927613286463623,51.168792487059676],[5.922815800625888,51.1696605787308],[5.91665251857351,51.16862067236716],[5.9216279750745695,51.17126415871774],[5.925923784017158,51.17768241233223],[5.9212472691664715,51.17890452465705],[5.93009007042126,51.18876199175063],[5.967236091855627,51.21013267472959],[5.984433853507077,51.22633302692553],[5.9959326877311065,51.230084171026654],[6.002840269653004,51.234709214207285],[6.009079589530258,51.24946284463161],[6.005880086947682,51.25868299830754],[6.014781879746026,51.25507675536585],[6.016589557390164,51.25057710430302]]]}},{"type":"Feature","properties":{"i":244,"c":"GM0965","n":"Simpelveld"},"geometry":{"type":"Polygon","coordinates":[[[5.969645043313123,50.860227721728975],[5.9783869605541,50.84976887065121],[6.004129664832914,50.83767811846261],[6.00539681277256,50.83494150904747],[6.0030209666164955,50.83202590463485],[6.011816581624047,50.8305443920887],[6.017030306714478,50.82570151852481],[6.015746370070164,50.82381163392105],[6.017657016034183,50.821493733089746],[6.0236600625541294,50.81861822529838],[6.022101287915948,50.81681007985713],[6.024758237339764,50.813888498379264],[6.003692642329937,50.801471552657475],[5.985646975982903,50.81052080630346],[5.983518169388162,50.80972970118842],[5.9795231614238675,50.81457637291102],[5.969317960629787,50.816645622486405],[5.9718457471751405,50.82122003400961],[5.959436271429135,50.82810763835797],[5.955524071112067,50.83535370314363],[5.956946982335215,50.835842627039796],[5.955376279042231,50.84674149476736],[5.953252779689501,50.8483064988033],[5.954517631555558,50.85257311808886],[5.9663925768425194,50.855298007758584],[5.965981944976238,50.857055627326865],[5.969645043313123,50.860227721728975]]]}},{"type":"Feature","properties":{"i":245,"c":"GM0971","n":"Stein (L.)"},"geometry":{"type":"Polygon","coordinates":[[[5.787245343966992,51.0191665125471],[5.774827739531823,51.00415463609038],[5.789196662398234,51.00119706162831],[5.782138475874617,50.985421985362805],[5.786706320575979,50.973568858073186],[5.783898142408752,50.968879035020905],[5.788107728063417,50.94860626448272],[5.779954573325564,50.94533927904151],[5.779171327015037,50.94381609014406],[5.783730985210752,50.94299689048468],[5.779230537424767,50.939241207460334],[5.777919440152373,50.93268934387171],[5.770938361948794,50.927927944531696],[5.757463483117118,50.93230197952327],[5.755431365026323,50.9317544528057],[5.748561033752216,50.935912353621276],[5.750119669112666,50.93920316232946],[5.748239586022964,50.93898135471155],[5.745877405853417,50.946495748225104],[5.75810804383912,50.950750375208735],[5.759123861303902,50.95356791287768],[5.7560482599239915,50.95772314993105],[5.750523077443582,50.96074092582371],[5.744633670438937,50.961538862847014],[5.734159563249505,50.95545102147785],[5.728100391424662,50.95496447916717],[5.722012223474467,50.957134629588865],[5.719785943906145,50.96151025942956],[5.728544753485168,50.96987343724738],[5.734296218577918,50.97274167282978],[5.737295239075005,50.9786910011617],[5.749883985771589,50.98253661744384],[5.756521107089238,50.99160797420519],[5.766496328890725,50.99810263215164],[5.765968018892607,51.00963845443117],[5.772031254586427,51.01787988205061],[5.773406530285464,51.01899922188705],[5.787245343966992,51.0191665125471]]]}},{"type":"Feature","properties":{"i":246,"c":"GM0981","n":"Vaals"},"geometry":{"type":"Polygon","coordinates":[[[5.976557872197784,50.803440353269764],[5.974862329223111,50.79803675794825],[5.979906323883218,50.79517766686501],[5.988269448553251,50.7940498328996],[5.9959039129788785,50.790050751108396],[5.995852221306443,50.78742323367448],[6.006578596758523,50.78189165363293],[6.027643194782909,50.774183914393056],[6.018361149993341,50.76335681354694],[6.021008951804787,50.75428771376302],[6.013415290771105,50.75506921781242],[5.999277804463407,50.75302588585405],[5.983190381680461,50.75281984766463],[5.974140309708512,50.7552120978089],[5.975118181161507,50.75788850528876],[5.972820504041187,50.75964796653247],[5.960663363123561,50.76247519590847],[5.936173751298317,50.75678669119645],[5.9347104751846995,50.758494019875634],[5.9300940132945605,50.759040298142864],[5.932151181963701,50.76084961161666],[5.930142862803264,50.762635939933055],[5.925059215524062,50.76365141039116],[5.925476158154708,50.76632194306065],[5.920541094274065,50.769333137397474],[5.923850196894874,50.77524099601144],[5.931121100797306,50.77513876779424],[5.935929781111633,50.77146089595178],[5.94360882340709,50.77325976714196],[5.94491428002035,50.781609012065076],[5.9420080905901695,50.79047912112198],[5.945427338742327,50.79614649342743],[5.951629478660333,50.79378730082883],[5.9648089253169685,50.80241864851263],[5.969104250281123,50.80127230381542],[5.976557872197784,50.803440353269764]]]}},{"type":"Feature","properties":{"i":247,"c":"GM0983","n":"Venlo"},"geometry":{"type":"Polygon","coordinates":[[[6.21336126649423,51.50781767459427],[6.212763625940106,51.49130815746566],[6.219031991442226,51.48498327311114],[6.223556681894122,51.474964898954156],[6.223675856483857,51.46871484601392],[6.220006024438611,51.45534950634631],[6.2205933962556585,51.44664626008554],[6.213936597183922,51.44626366632065],[6.214761420888836,51.433880750043066],[6.205256962476911,51.399520112150064],[6.2113625304679045,51.40092560375653],[6.226668028752697,51.40026804473848],[6.214424682746215,51.38963427942592],[6.21636738402719,51.388832489031365],[6.214742564937236,51.38751571831813],[6.226389916460471,51.360336163212466],[6.189881667012809,51.33946142774736],[6.194236372338684,51.334878977808785],[6.1685573074508,51.332988695704486],[6.169378499299221,51.329373705136405],[6.15958994843375,51.319691292983165],[6.159420409576678,51.3156420274512],[6.154239677947466,51.3111145911773],[6.153823798019262,51.30744816832987],[6.145144676302928,51.298116009739154],[6.129010928582096,51.28570242348382],[6.124500378183197,51.2770610227967],[6.12455949578311,51.27991465831781],[6.114462061262854,51.28917535516998],[6.1070084690693704,51.291469303787345],[6.103152320159272,51.28870043069559],[6.093595579267163,51.29552652985004],[6.087432489380571,51.29504180187445],[6.084717160818327,51.29745438514019],[6.102620629895236,51.30851901372196],[6.115389553208157,51.32199954327281],[6.1181900093154455,51.329752436118355],[6.11664306841313,51.33907615580497],[6.123253954984691,51.34337006213647],[6.107100169189205,51.35600285081846],[6.099655106614455,51.35709671841921],[6.09106732855334,51.37159486750895],[6.0875913015444185,51.37033534188085],[6.077587398800796,51.378172836812844],[6.090459116872642,51.385911251352184],[6.090373909378708,51.38911010275934],[6.083728024675005,51.392570636549024],[6.081498006917042,51.39214628728195],[6.077303445667105,51.394393060113565],[6.07443037829548,51.39382195092498],[6.072307911995322,51.39755644813738],[6.073365968943154,51.40610570189035],[6.076890065658603,51.40949949090865],[6.077696163899335,51.4201708082129],[6.108763751533995,51.419325494586616],[6.1166802606080655,51.42131811931812],[6.124555876522038,51.41480062230297],[6.132703657363666,51.413716993179236],[6.135270781211956,51.416109281933124],[6.140779293143826,51.39486194481355],[6.153041922893326,51.39592536554928],[6.149116351861711,51.40910289604633],[6.158379522680098,51.422726579593395],[6.153969482902454,51.43639080978364],[6.154468529043667,51.440805945750554],[6.1786403840759005,51.46580767142364],[6.177609231725111,51.473829832053646],[6.166729135840352,51.486758515244006],[6.169193440407887,51.50308165998962],[6.188362545061294,51.50508100083947],[6.204044711051478,51.50431295836318],[6.21336126649423,51.50781767459427]]]}},{"type":"Feature","properties":{"i":248,"c":"GM0984","n":"Venray"},"geometry":{"type":"Polygon","coordinates":[[[6.02023136799017,51.56168612150591],[6.0316688226904445,51.55233880438019],[6.032597699026006,51.55685205427284],[6.037307852764586,51.55814927871132],[6.042216963288133,51.556766611191236],[6.044655117515037,51.55902898426823],[6.046425025005333,51.557641020235735],[6.05650948939097,51.55758053093753],[6.062131821882079,51.55587512583932],[6.079391627553029,51.547092238413974],[6.102774311901617,51.54828188685499],[6.109985976684085,51.547118730292],[6.1138225001475766,51.54432815012306],[6.1196825928218725,51.5318450142505],[6.141094045724194,51.519519572992685],[6.131998093788748,51.511472873211055],[6.126863160022667,51.514387913350625],[6.121991127759328,51.51017649397607],[6.106612150224189,51.51830162377942],[6.107573331178737,51.521403261091365],[6.104739498648489,51.52238847425279],[6.095628657514157,51.52159596070308],[6.087169228559191,51.52356612616333],[6.079928585621336,51.52295248216719],[6.076764461135459,51.52477734932097],[6.066773854816142,51.523693786074276],[6.064602184873279,51.51606638213567],[6.066259312992929,51.50794750882456],[6.073755977412761,51.49517267414683],[6.0683941062683875,51.48789974857553],[6.061323847673368,51.48712096587322],[6.049473538809366,51.49040429475336],[6.039942670416606,51.48791588965494],[6.0352094310353275,51.48234835941914],[6.03021096936731,51.47984922918636],[5.99412004631568,51.475212962920374],[5.953004295997657,51.46354097372218],[5.8749658955599955,51.44655772550243],[5.871695198105307,51.45011196884234],[5.860723645334968,51.4919665538461],[5.852552141910512,51.504176649058984],[5.8382384664025215,51.56641461975949],[5.891466151395077,51.5602046798059],[5.9066625890970395,51.55203087090363],[5.935444934912703,51.5536001977546],[5.976346151568138,51.56163816590838],[6.004252792308801,51.57024352175458],[6.02023136799017,51.56168612150591]]]}},{"type":"Feature","properties":{"i":249,"c":"GM0986","n":"Voerendaal"},"geometry":{"type":"Polygon","coordinates":[[[5.924628187897339,50.90446900943507],[5.9648634254660395,50.866564743597046],[5.969362334751568,50.86008040510423],[5.9663925768425194,50.855298007758584],[5.954517631555558,50.85257311808886],[5.953252779689501,50.8483064988033],[5.954950436329171,50.84599513962867],[5.946801692994137,50.84468630072359],[5.936020606970816,50.84017866423653],[5.929529755452707,50.84022970759772],[5.925002413285147,50.84884125665117],[5.916169407788509,50.84881891188839],[5.898771662762073,50.843350898227705],[5.891244416159307,50.84274682486833],[5.884538990118107,50.851004287494206],[5.875663446580231,50.8554153991101],[5.876639264230448,50.85658789338955],[5.869032549090324,50.85667935415969],[5.873431351951228,50.864478493440224],[5.869039831694382,50.86869949920802],[5.870068498822983,50.87301885616828],[5.863963791878977,50.877006848838924],[5.8616184365232185,50.8824175160001],[5.8714560229430335,50.88345921372221],[5.880823685358885,50.88248176024391],[5.887345249537596,50.88378811953525],[5.889605243044196,50.88563649662827],[5.894007299362664,50.88560206335193],[5.890389749549665,50.88841336085246],[5.903666114949159,50.89423845670957],[5.901533039194975,50.89577610675212],[5.914707109363426,50.90172168091631],[5.913392703957574,50.902724972070786],[5.916366491669524,50.90413133741558],[5.920543407130852,50.9030637040005],[5.924628187897339,50.90446900943507]]]}},{"type":"Feature","properties":{"i":250,"c":"GM0988","n":"Weert"},"geometry":{"type":"Polygon","coordinates":[[[5.643996710291831,51.29057549322526],[5.656958403995809,51.27973161864472],[5.668363110051463,51.277324465020946],[5.674511773824295,51.27704929368045],[5.690829771295075,51.281610420793285],[5.707592617357449,51.28360504414729],[5.723565474888525,51.28265825916331],[5.733001124497584,51.28008593923782],[5.746238386177629,51.26347371082288],[5.778272077306591,51.25018461223918],[5.791770007654057,51.23753697301496],[5.782139171229204,51.22055953507743],[5.7755889060873855,51.218855128404044],[5.774057286468616,51.21544277300928],[5.7571706371066576,51.21619202160299],[5.751776122683539,51.213611068908065],[5.7488869018569,51.208155058980765],[5.755856595794963,51.206830060358364],[5.752909183786614,51.205179205775416],[5.7522848106001545,51.200587957407144],[5.745819517789952,51.19384565731508],[5.746546960112049,51.190557571736974],[5.739740411840605,51.18474772182002],[5.738234130421129,51.18651553587579],[5.719676352307188,51.18469964793038],[5.709339213197142,51.18042069741933],[5.708003735982554,51.18205469902699],[5.70128804936402,51.18247836048762],[5.701611273397529,51.1837930017187],[5.696436061723322,51.18393705386472],[5.695294768357558,51.182558952982255],[5.689411457050767,51.18541964442435],[5.6765410199405695,51.182725569767534],[5.676228607931925,51.184646450411655],[5.671036819556909,51.185768205238425],[5.664305802083644,51.186284956986086],[5.658043654574953,51.18474502284841],[5.649739958355201,51.19361771343207],[5.654083144835655,51.194241707660154],[5.6527337507501745,51.19766099808442],[5.566045275563676,51.22090941030026],[5.594320584870633,51.22607369328145],[5.594414377081062,51.224180396839785],[5.618781564554067,51.22942528203528],[5.6234740391812235,51.249025609746894],[5.625972196979796,51.27360160483983],[5.643996710291831,51.29057549322526]]]}},{"type":"Feature","properties":{"i":251,"c":"GM0994","n":"Valkenburg aan de Geul"},"geometry":{"type":"Polygon","coordinates":[[[5.836647715380997,50.89159989807101],[5.832693950364231,50.88522946554725],[5.83468733225774,50.88064824719403],[5.849150866774097,50.88373120835386],[5.85166515315902,50.88219973914449],[5.8616184365232185,50.8824175160001],[5.863963791878977,50.877006848838924],[5.870068498822983,50.87301885616828],[5.869039831694382,50.86869949920802],[5.873431351951228,50.864478493440224],[5.869032549090324,50.85667935415969],[5.875927181572113,50.85697727629497],[5.875663446580231,50.8554153991101],[5.882720786557579,50.85232358725011],[5.8880092868570575,50.84705219567144],[5.87520289468961,50.847053280783584],[5.877578746435432,50.841319043643466],[5.871087255030952,50.8365180672984],[5.871002827656595,50.83829308203409],[5.866213589122336,50.838711814514646],[5.857388958353255,50.832082399690556],[5.85397865310163,50.83154154720751],[5.85347399283203,50.8326093256381],[5.8506811572328665,50.8318399380952],[5.843091847931477,50.83314205472661],[5.836114597291423,50.83596659294171],[5.8362474031873415,50.82996429805266],[5.824552750990203,50.83014697735624],[5.820636706614618,50.831856593694866],[5.821239058318534,50.83876111624261],[5.807836442647607,50.8414652317775],[5.801637824808069,50.84987502340949],[5.800667169687591,50.84835040060263],[5.791265790632373,50.84987917113967],[5.780533362159519,50.84943613199704],[5.775792331107041,50.85339406196064],[5.770752919230398,50.852395431261044],[5.749360480166554,50.85698105572798],[5.762924781331362,50.86413783642899],[5.76700134648458,50.87320323696749],[5.773012826855259,50.87227985466254],[5.774200972371088,50.87337765794181],[5.772077844192687,50.87574944481689],[5.7776628831648615,50.883727323391454],[5.784186678106036,50.88240190584064],[5.789101072369397,50.883888580419004],[5.789536098119802,50.88241051958558],[5.798371674629783,50.88285025235336],[5.802086261161647,50.88698618907754],[5.8090928919770715,50.88784953631829],[5.819207237994351,50.883843190862876],[5.833112009705057,50.89220887286824],[5.836647715380997,50.89159989807101]]]}},{"type":"Feature","properties":{"i":252,"c":"GM0995","n":"Lelystad"},"geometry":{"type":"Polygon","coordinates":[[[5.267984045902697,52.42736535220929],[5.074623581412194,52.58368170177951],[5.2571865982081825,52.64447070622124],[5.262266016682655,52.67682932080244],[5.286450380700946,52.68874913913745],[5.287618846658062,52.69165631190445],[5.301635260119559,52.69242668285512],[5.361146854373946,52.675726426364754],[5.51129415608888,52.66355611010106],[5.564508173718101,52.61500977651827],[5.5874104954787915,52.56345977349467],[5.591305156193689,52.51390517008724],[5.588055885112143,52.51377267492108],[5.591292728353424,52.50003612267711],[5.605870565470089,52.48451959295178],[5.56541977808059,52.470280767119164],[5.586388620358863,52.44771059653178],[5.573803178830591,52.438794102565986],[5.566636851010889,52.4358630017043],[5.587998201030191,52.41476624684212],[5.589069978893066,52.4111865937368],[5.578014192707674,52.409967894603255],[5.538649648355339,52.385762044710674],[5.533006444790796,52.384377414177095],[5.508495683427312,52.39796526880654],[5.438782882984139,52.442645889236736],[5.423775169006125,52.43256390607],[5.397532880080295,52.41984054295965],[5.350772405310627,52.400208682837004],[5.349514177695338,52.401467953477635],[5.343357251160193,52.40115243898046],[5.333155163838852,52.40632187681839],[5.2758123688157905,52.42331692322578],[5.267984045902697,52.42736535220929]]]}},{"type":"Feature","properties":{"i":253,"c":"GM1507","n":"Horst aan de Maas"},"geometry":{"type":"Polygon","coordinates":[[[6.078308350242406,51.52397261488005],[6.095628657514157,51.52159596070308],[6.101000671628444,51.52271419777355],[6.107124117196846,51.52179515313768],[6.106612150224189,51.51830162377942],[6.121991127759328,51.51017649397607],[6.126863160022667,51.514387913350625],[6.131998093788748,51.511472873211055],[6.141094045724194,51.519519572992685],[6.1607914162164725,51.51238439974377],[6.168354890442121,51.50561381940264],[6.169401291851157,51.500158600976995],[6.166729135840352,51.486758515244006],[6.177609231725111,51.473829832053646],[6.178979636681281,51.46817335794911],[6.176376783857156,51.46183355731978],[6.157460304940942,51.445561759860475],[6.154468529043667,51.440805945750554],[6.153969482902454,51.43639080978364],[6.158379522680098,51.422726579593395],[6.149116351861711,51.40910289604633],[6.153041922893326,51.39592536554928],[6.140779293143826,51.39486194481355],[6.135270781211956,51.416109281933124],[6.132703657363666,51.413716993179236],[6.124555876522038,51.41480062230297],[6.1166802606080655,51.42131811931812],[6.108763751533995,51.419325494586616],[6.081628429796741,51.42058286171556],[6.077696163899335,51.4201708082129],[6.076890065658603,51.40949949090865],[6.071828133965744,51.40120545462696],[6.07330157816665,51.39576252545428],[6.01876589397087,51.38225664524769],[5.989833179713699,51.37822112327609],[5.957896712391084,51.378049893419266],[5.947327361938319,51.38313401798113],[5.931287518044336,51.38475268004959],[5.8749658955599955,51.44655772550243],[5.953004295997657,51.46354097372218],[5.99412004631568,51.475212962920374],[6.03021096936731,51.47984922918636],[6.0352094310353275,51.48234835941914],[6.039942670416606,51.48791588965494],[6.049473538809366,51.49040429475336],[6.061323847673368,51.48712096587322],[6.0683941062683875,51.48789974857553],[6.073755977412761,51.49517267414683],[6.066259312992929,51.50794750882456],[6.064602184873279,51.51606638213567],[6.066773854816142,51.523693786074276],[6.078308350242406,51.52397261488005]]]}},{"type":"Feature","properties":{"i":254,"c":"GM1509","n":"Oude IJsselstreek"},"geometry":{"type":"Polygon","coordinates":[[[6.467347809164876,51.978099790381485],[6.49479797401598,51.970591093160124],[6.524640759328532,51.967800875408834],[6.532828984862046,51.96235348393833],[6.519832243031083,51.95556266634896],[6.517457143805048,51.947907229593916],[6.504780561707398,51.945984326961764],[6.50077639123647,51.939522324762876],[6.503127509145607,51.93931313599948],[6.495579935706605,51.930287602036614],[6.497089414375212,51.929599587430104],[6.492538161165296,51.92631992952258],[6.493275431926283,51.918010005258125],[6.487100180056565,51.914095632971396],[6.488668621838267,51.91273171168859],[6.472348273079565,51.90735647519035],[6.480415506029269,51.89398445168932],[6.479023127704679,51.88822845904483],[6.484251804737282,51.87884655665925],[6.48116803938757,51.87419902000695],[6.471834801869134,51.868962554921794],[6.471285488149266,51.86452598931826],[6.46840211572428,51.86417627330978],[6.464383727888564,51.85528729228637],[6.451172562025167,51.865237784695516],[6.446672619663538,51.865005557871385],[6.443673977526159,51.86266712345398],[6.432362761268019,51.85938293132766],[6.429436137091283,51.860714535939096],[6.427360650904564,51.865861764082084],[6.418334649711988,51.86731109559831],[6.4122533597966065,51.87109641891177],[6.409266074366488,51.86943239096143],[6.406622381575473,51.87069120872542],[6.402474969853159,51.869137357317314],[6.398371942282,51.87097665309808],[6.396745914963975,51.870333889123216],[6.393083482891506,51.87383335117937],[6.39056609193474,51.8739680699178],[6.386854523235369,51.86445118848526],[6.387983901680855,51.86191037947607],[6.408953211136428,51.853346160326794],[6.402377403750986,51.84454099398445],[6.408141186903913,51.83589367732104],[6.402957719166747,51.83657619364255],[6.40749114493924,51.82808947493637],[6.401818362399502,51.82726265722127],[6.388068482002467,51.83369339452299],[6.37680084433199,51.83498266456994],[6.368630768823322,51.833261129870344],[6.363330564182392,51.83515587936379],[6.364041991411886,51.83854915115356],[6.360257501257804,51.84579907465523],[6.347206997746172,51.850681119525404],[6.320426801742985,51.85168137322853],[6.306203003566274,51.84907820441252],[6.30050410344837,51.86450946641655],[6.2982224055536635,51.86594334531716],[6.29911272440583,51.86835434024684],[6.322492648668645,51.86867043351571],[6.329250947457953,51.8712334981878],[6.327203155859187,51.87362111911196],[6.331632921988299,51.87482075331264],[6.326420862727514,51.879102759174344],[6.329266286439413,51.881764998148405],[6.324228493165733,51.88892358950844],[6.332279173672398,51.893267786397175],[6.3133202993551185,51.898765980778194],[6.306996648735959,51.904274506748266],[6.305957917350572,51.907873674531984],[6.307963050972617,51.91139171039895],[6.310875315212075,51.910546026879246],[6.316142723368041,51.91273717025481],[6.315671047846512,51.918364324370984],[6.311642597964026,51.92058420398674],[6.300227379963285,51.91999299479233],[6.290971401107582,51.92260077024458],[6.289720780807244,51.926591148112735],[6.29607412867522,51.93289219449431],[6.2987140629838345,51.93903804787427],[6.305936427825931,51.9370424056841],[6.30576280651359,51.938821022970465],[6.308604157731961,51.93976400102059],[6.31460764045382,51.93650246518527],[6.320944186678311,51.935812698791516],[6.333032658159956,51.92541256228948],[6.336843196876539,51.926105111015836],[6.338348092816522,51.92469373735652],[6.3401562417886765,51.92568761977359],[6.360938525104557,51.92295854454935],[6.381221892000317,51.933230612243015],[6.379963246706734,51.93628149338371],[6.3975837143131615,51.95388881579542],[6.403562369624813,51.95722396958714],[6.416081868337575,51.97262192134889],[6.434805699799081,51.97212261941697],[6.437037394620781,51.97071668276918],[6.439350817891905,51.972100746371524],[6.447501829662355,51.96970832016018],[6.459789671433212,51.973172569436485],[6.467347809164876,51.978099790381485]]]}},{"type":"Feature","properties":{"i":255,"c":"GM1525","n":"Teylingen"},"geometry":{"type":"Polygon","coordinates":[[[4.529471933336289,52.238137291414816],[4.524915104820579,52.23557199482026],[4.527776884800593,52.2338918703816],[4.53899847550214,52.23005187294212],[4.558433147054648,52.218798541648404],[4.55784926403876,52.215102037582],[4.554286730834735,52.212275012034844],[4.5589546403198895,52.210241563718654],[4.558260049535834,52.20545767967215],[4.561195099747888,52.202833580280206],[4.559650192353885,52.20049723757231],[4.555578209763253,52.20014522706901],[4.557155229741852,52.197741923002006],[4.546767656179459,52.198975588670926],[4.543734245741938,52.187449229303624],[4.538153675295861,52.18008469793743],[4.528177798575643,52.17985078371407],[4.5034010861867735,52.18462625101285],[4.495256036736839,52.183938860588555],[4.494329314398723,52.181669843152086],[4.4906872885559315,52.181048543954],[4.491088136375271,52.18635328329783],[4.487735286430114,52.19039641475523],[4.493439040499598,52.194967312536605],[4.491447184937264,52.2036872066102],[4.488032478941804,52.20292296630689],[4.4867284781186925,52.20418500314577],[4.480271753426235,52.201949437352205],[4.4784212411578705,52.20479892998785],[4.471504796328214,52.201597391970836],[4.467659982385287,52.201932975072744],[4.463471481939235,52.20020156689731],[4.460417364393994,52.202199087671374],[4.462674707183218,52.203411519371684],[4.455648581855011,52.20702998865197],[4.466519620975168,52.21296092856514],[4.463959661091536,52.21582867960971],[4.4703581459195885,52.21981267863205],[4.47070432570991,52.221762524541525],[4.466066004497989,52.225002718722344],[4.513408671631032,52.255067430990785],[4.526594223457115,52.24725279900837],[4.524088214548922,52.24437716977502],[4.530050807842448,52.241162383807584],[4.527416559515333,52.239159601286964],[4.529471933336289,52.238137291414816]]]}},{"type":"Feature","properties":{"i":256,"c":"GM1581","n":"Utrechtse Heuvelrug"},"geometry":{"type":"Polygon","coordinates":[[[5.320394559487285,52.0703349271155],[5.332609277255151,52.078742782085094],[5.3322508863673,52.08416338280913],[5.384527217250035,52.078268409693166],[5.388340819080648,52.074931941669085],[5.405893847047981,52.07522048423801],[5.407061228444957,52.07257682592431],[5.399536892962818,52.06921058977683],[5.400815951493882,52.067831364892555],[5.398956349767186,52.066938271720836],[5.401896331229797,52.064298576019134],[5.410046582235968,52.06940759696322],[5.422057851101185,52.07295784029668],[5.4355812632855995,52.07287722994769],[5.43831584082642,52.07035189381233],[5.436451193779111,52.061609285667814],[5.435105098142228,52.05951846316299],[5.430339907146931,52.05889093985237],[5.428639483052913,52.05534438312674],[5.435187483584535,52.0478498290837],[5.445702715946619,52.04525888180595],[5.44852976088638,52.04312322621024],[5.4535246730503495,52.049979996204584],[5.461138084118615,52.04725906345185],[5.460877295539601,52.04863795487108],[5.4657024645926136,52.050814441178815],[5.491553656650935,52.0573246179749],[5.514803832720879,52.05460625518704],[5.517424868896142,52.04674993103874],[5.5293812662616615,52.0402458669973],[5.4942016762285455,51.99490106407653],[5.490897720327572,51.99656105714612],[5.485293836322803,51.990965031332095],[5.484594725611549,51.987759578406894],[5.4796249542181075,51.99171444218122],[5.480640965139511,51.988864236664085],[5.477849819187163,51.987691715418286],[5.477664501331026,51.983472675357255],[5.454045764446581,51.983694184544035],[5.44481710760667,51.98578802878452],[5.437606628918176,51.98560858361582],[5.41815558126669,51.97660570765943],[5.390976069634005,51.970730200597465],[5.392009635064045,51.973402582553554],[5.394950932144723,51.97444163514562],[5.394164746683266,51.97593427173389],[5.387590708887127,51.97630891590454],[5.378394149570462,51.98611942438419],[5.399422290492259,51.98794812796625],[5.415277266137488,51.99670169139361],[5.3989055987728305,52.002922806530776],[5.381600598683681,52.00215168294476],[5.350259971582248,52.016037461266194],[5.344291573631521,52.0201936934438],[5.323985487513512,52.02282544881847],[5.3146492406058075,52.02700147622753],[5.291219991012318,52.00835381730328],[5.279036746304929,52.010822053411154],[5.271693122802701,52.0146091948148],[5.263239402794277,52.02438010736743],[5.270866794470202,52.02740334268789],[5.269298255887032,52.02917031362472],[5.263880216469641,52.031969314337374],[5.257498860068337,52.03267744350433],[5.257796628291713,52.038285848583136],[5.252677333234957,52.03859957338145],[5.2494943996952745,52.04098601542952],[5.251039583224966,52.045757453933305],[5.248005951336768,52.04741282639495],[5.251677308430259,52.053957728430476],[5.246989824342627,52.05840309284918],[5.25642021320832,52.0630037795977],[5.2578897676544445,52.06588231966689],[5.290760143293637,52.08656772577191],[5.320394559487285,52.0703349271155]]]}},{"type":"Feature","properties":{"i":257,"c":"GM1586","n":"Oost Gelre"},"geometry":{"type":"Polygon","coordinates":[[[6.6239323638179615,52.0635914109417],[6.6369447828411365,52.064326434993156],[6.635354663044764,52.06081380862491],[6.631479527426659,52.060498145185775],[6.636473333012257,52.05664664780969],[6.638683896046122,52.06059188890319],[6.643208532852912,52.06020467692653],[6.646838918715599,52.065410731517815],[6.651138247397726,52.0635991979599],[6.6589706935744255,52.063041284819896],[6.663808132771886,52.05770541291725],[6.66180124662351,52.0515979322225],[6.68798118002994,52.04436544078784],[6.683569367252917,52.028202070199505],[6.67773349365173,52.02837513507077],[6.661791356761639,52.01555907722956],[6.655532064327267,52.01393394802624],[6.658492972797668,52.01147718867525],[6.652641263697542,51.997542847651474],[6.655174707117012,51.97927412381407],[6.657056089956943,51.97755206485593],[6.642420280092851,51.9657443929713],[6.637584791037112,51.964950172750974],[6.6389157805718195,51.96254701648267],[6.628720854262446,51.96728147131105],[6.592541150653153,51.970841426855934],[6.591864870727817,51.97216091945315],[6.575104203704756,51.973224566583134],[6.569683623687446,51.972157953761716],[6.559256238268681,51.974368360149896],[6.546961996863965,51.97270710597908],[6.527269417161353,51.966023559495845],[6.524640759328532,51.967800875408834],[6.49479797401598,51.970591093160124],[6.46692681170923,51.978621792623635],[6.475772866088093,51.988136253525845],[6.460057679390646,51.99515095922982],[6.459208233586618,51.99775212588458],[6.467488197477438,52.00075675121581],[6.460267575479898,52.00617131077465],[6.465631765092253,52.00769514860542],[6.460304521570852,52.01456439053546],[6.462058007803516,52.01691492542859],[6.459186822854625,52.01872210408707],[6.462185207029695,52.02170080750006],[6.464946973922918,52.02060098970347],[6.480071335526037,52.03294824911205],[6.483385549128154,52.03134709310939],[6.48667042623316,52.03393337059631],[6.487909221760615,52.03230677097929],[6.494297253372925,52.037851314392505],[6.499595783882689,52.03582035884731],[6.508706909215144,52.04426627432034],[6.514828323793864,52.04049363594416],[6.517287730449648,52.04241449309044],[6.538988898775381,52.02519718995062],[6.571712403912295,52.03043184577781],[6.590028355215076,52.03905372876597],[6.59073995184022,52.0415724865441],[6.596237948533025,52.04281925203026],[6.596588124479158,52.04724896259895],[6.605592283383149,52.05182667231477],[6.606118702013737,52.06511715080919],[6.613085700833422,52.06804032000789],[6.6239323638179615,52.0635914109417]]]}},{"type":"Feature","properties":{"i":258,"c":"GM1598","n":"Koggenland"},"geometry":{"type":"Polygon","coordinates":[[[5.020493813211947,52.630007838685714],[5.027030923602921,52.61260604833549],[5.0065739953352475,52.6105061200503],[5.007949381284269,52.60779907484277],[5.004881213990656,52.59757305174143],[4.949849907077499,52.595285347239766],[4.949257776251601,52.599532843085775],[4.9569411098504474,52.602222581808306],[4.959320725098143,52.60471035009851],[4.9555063508966395,52.612046286259954],[4.951322961288208,52.614070395123065],[4.937368115388194,52.60723163198272],[4.929062053989684,52.60516180989284],[4.922427206892212,52.61147119850088],[4.883992167025343,52.613138557104584],[4.889215764852726,52.625713223395294],[4.8823974143494535,52.63302710305453],[4.873514916074003,52.634166679800416],[4.876401448297156,52.63585150630859],[4.876500363824717,52.64096515555795],[4.862700343911516,52.65299845941818],[4.874442993731767,52.67632692518641],[4.879395508496937,52.68008047946711],[4.87629333055203,52.68634274952458],[4.8887038415460164,52.69045552508688],[4.891532773844625,52.69522403755958],[4.910803297387876,52.69990309346071],[4.915700006492999,52.69937493886325],[4.918123997764682,52.696874582066094],[4.917313527940161,52.69290862279011],[4.905618213470363,52.68641909943859],[4.948479399891935,52.67477776822283],[4.952742725581885,52.671765479416855],[4.96176589752752,52.67370890503632],[4.962094357419513,52.67599182130695],[4.966320513283709,52.67719532818341],[4.96641878189325,52.67854998817875],[4.970622533275655,52.67963136105521],[4.976759446614506,52.67742004374588],[4.979204711183874,52.67967916754109],[4.983009359544415,52.67509999678761],[5.002353035134001,52.67492679995033],[5.003414422758951,52.67048913660804],[5.021266451632612,52.664420085017504],[5.034762672018379,52.66655635623246],[5.03904290305207,52.655863588801346],[5.038137036923091,52.64892912397881],[5.032159660645573,52.644176747189235],[5.018053488491477,52.6381162521281],[5.014139065726173,52.63330590384722],[5.013536648342489,52.63043138462652],[5.020493813211947,52.630007838685714]]]}},{"type":"Feature","properties":{"i":259,"c":"GM1621","n":"Lansingerland"},"geometry":{"type":"Polygon","coordinates":[[[4.558823089557153,52.06126146858323],[4.565201437273354,52.05849624463665],[4.561059634520322,52.04206086637949],[4.5634571703459645,52.035776983822],[4.558217973870357,52.02890845328465],[4.55487514765008,52.00594858933604],[4.546339276139517,51.99151416216856],[4.548069799214384,51.98342762304748],[4.55385487315279,51.977543194206255],[4.552238446919883,51.974977579922005],[4.539951360841698,51.96988514371453],[4.5356869134867805,51.970415061886634],[4.534985107835055,51.96827230646173],[4.521013105871307,51.96345256517191],[4.5185864777034555,51.960286289319434],[4.495799688374937,51.97184449078303],[4.4952580469242225,51.96740299881613],[4.469012150665038,51.98054916411708],[4.463240984814009,51.977526517397436],[4.460098399141048,51.96878248383825],[4.450513514588264,51.965812912172446],[4.44668207632061,51.96278595782473],[4.424221526487982,51.979258734300544],[4.447247920493298,51.99240905969054],[4.452877646547199,51.99727053792753],[4.449775904430564,52.00050277184917],[4.458728119703822,52.002209216760825],[4.458899980716663,52.00464435858714],[4.4553889526580726,52.00679799831862],[4.461561681451247,52.0126514186697],[4.4585468306035505,52.0156215006424],[4.457199244446209,52.022168880828],[4.467323687684753,52.025408068119106],[4.477384439994859,52.03179157795154],[4.505729878499603,52.03213992353861],[4.515291513558556,52.03921600084506],[4.534665621829228,52.049563257483726],[4.545335362811337,52.048936295350664],[4.550565546755806,52.05633734997621],[4.558823089557153,52.06126146858323]]]}},{"type":"Feature","properties":{"i":260,"c":"GM1640","n":"Leudal"},"geometry":{"type":"Polygon","coordinates":[[[5.909948193686942,51.30792242059356],[5.907504189611425,51.31325159772276],[5.954705690676852,51.30028024446537],[6.008255405151346,51.27754250680961],[6.010998220517244,51.271320404846215],[6.00528538382568,51.26025267831174],[6.009079589530258,51.24946284463161],[6.003674328352837,51.23561515404914],[5.996303882407835,51.23026047828239],[5.984317451623717,51.22625946586253],[5.968996971489156,51.211387092514194],[5.951325310908444,51.20116499453696],[5.945658737509248,51.20356004644289],[5.925602955307791,51.20372542279642],[5.914127530642437,51.20890682014236],[5.907013281746705,51.205549556892194],[5.908608257755247,51.21080998610583],[5.894875372684334,51.21599968374589],[5.891896808732987,51.21407565231009],[5.889432817963228,51.21541126509244],[5.884150100271687,51.213592243579555],[5.878265233408371,51.2096077276869],[5.8685533349671095,51.196822503619714],[5.86824208666255,51.19507827268789],[5.8737331919077365,51.19094156173923],[5.84809557589256,51.17920837296026],[5.852469044459918,51.174579945170805],[5.846092005331631,51.17859304215043],[5.82695977142655,51.170584474485146],[5.826417153754417,51.16683434008069],[5.823726759508796,51.167683542707046],[5.815971125367436,51.16317080039515],[5.815056495420453,51.158848182319055],[5.804935463445087,51.162876186387265],[5.7987805311709755,51.15766699622538],[5.791982260492521,51.157128549849936],[5.785086371302131,51.15310829038938],[5.7776461525580975,51.151303864204834],[5.776667625764528,51.1544045984245],[5.774759168601374,51.1546822054615],[5.779482555919362,51.15938307321524],[5.779402367249699,51.16331633402774],[5.775963905029344,51.16304978070068],[5.776366007309826,51.16532976347354],[5.774037683502326,51.16529174449845],[5.774460299375649,51.163936612625065],[5.770188541083667,51.164223861450274],[5.769564950465672,51.16908331876948],[5.779735945901851,51.17179917060801],[5.772952108231889,51.17336978342478],[5.776728477500328,51.17848550674807],[5.7671604444985,51.18369109851429],[5.755963265451534,51.184460676005514],[5.756868359743116,51.18540432553709],[5.74561954881057,51.18954451712234],[5.747368676045095,51.19242389865877],[5.745819517789952,51.19384565731508],[5.7522848106001545,51.200587957407144],[5.752909183786614,51.205179205775416],[5.755856595794963,51.206830060358364],[5.7488869018569,51.208155058980765],[5.751776122683539,51.213611068908065],[5.760651522171706,51.21646993345062],[5.772840636163611,51.21505283513419],[5.775845135256254,51.219005985748844],[5.781615638103007,51.220022098310885],[5.790741376009794,51.23724327762062],[5.802962777004017,51.23787085393612],[5.808327365928441,51.24046321494317],[5.817727577708219,51.242000435286776],[5.835140384122595,51.241264532231895],[5.8395171139413815,51.24468336207243],[5.845684872866155,51.245556304528336],[5.849705163227761,51.24531882457028],[5.852017077085293,51.24348298304251],[5.853440955426485,51.24449311618832],[5.85499181606452,51.2536589575062],[5.849863079560606,51.256619343053856],[5.846750110988496,51.25551811661682],[5.833798379887111,51.274769835890595],[5.839421249921545,51.27772340118157],[5.837922140938242,51.279719920643316],[5.850656746117831,51.29154332166896],[5.860724561179699,51.31080239562291],[5.877823372273239,51.31657769739708],[5.909948193686942,51.30792242059356]]]}},{"type":"Feature","properties":{"i":261,"c":"GM1641","n":"Maasgouw"},"geometry":{"type":"Polygon","coordinates":[[[5.894298169614364,51.215966904041174],[5.907883414901864,51.21142825817227],[5.909140727493,51.208857627904],[5.905996014619993,51.20640825754085],[5.907013281746705,51.205549556892194],[5.914127530642437,51.20890682014236],[5.925602955307791,51.20372542279642],[5.945658737509248,51.20356004644289],[5.951325310908444,51.20116499453696],[5.927821035280922,51.18685129331953],[5.9212472691664715,51.17890452465705],[5.925923784017158,51.17768241233223],[5.9216279750745695,51.17126415871774],[5.91665251857351,51.16862067236716],[5.927302890137735,51.16887244034534],[5.941154043084527,51.16066980676102],[5.955477520662773,51.15904447565543],[5.911562953381518,51.13179302124567],[5.908094463810896,51.13483570846989],[5.903469359629142,51.13294755058623],[5.897775575946536,51.13595457034806],[5.89063090379334,51.13440288626614],[5.886615887262705,51.13500964208928],[5.882837531171726,51.13337581023157],[5.881568227847443,51.13483104677537],[5.872281558142596,51.13510866454552],[5.85131036636862,51.10911268181708],[5.849024936412984,51.10992290101059],[5.844679805972619,51.10526284178347],[5.837665127322388,51.103242560207654],[5.833507217116122,51.09955531686174],[5.833405227548193,51.10375087564877],[5.8288863991417665,51.10703976629843],[5.823591027428434,51.10835006026119],[5.814627058177072,51.10745461316261],[5.810862915027802,51.10886690097806],[5.8076688844319255,51.11304630792773],[5.80849816873693,51.115805055709416],[5.8098502502468605,51.118422198542326],[5.824899237781765,51.12934509478763],[5.8413512813643935,51.13147868741215],[5.84584049019198,51.140758801553545],[5.855783278386384,51.14462604448788],[5.836354302067981,51.15368498401231],[5.8386106055480465,51.15708662265323],[5.8328811337393764,51.1590374118954],[5.83269448063432,51.16242990802088],[5.8280970206716765,51.16434402030732],[5.82695977142655,51.170584474485146],[5.846092005331631,51.17859304215043],[5.852469044459918,51.174579945170805],[5.84809557589256,51.17920837296026],[5.8737331919077365,51.19094156173923],[5.868094567205227,51.195569956347214],[5.879333775486191,51.21072364832292],[5.884150100271687,51.213592243579555],[5.889432817963228,51.21541126509244],[5.891896808732987,51.21407565231009],[5.894298169614364,51.215966904041174]]]}},{"type":"Feature","properties":{"i":262,"c":"GM1652","n":"Gemert-Bakel"},"geometry":{"type":"Polygon","coordinates":[[[5.786678362315246,51.59820838038895],[5.800586011708493,51.578621776070776],[5.820216137526521,51.56867368953688],[5.8382384664025215,51.56641461975949],[5.852573704896065,51.50414442826528],[5.79902805232534,51.49409701992106],[5.788997008009519,51.490923212210326],[5.757635332162928,51.48806812955783],[5.735742512049616,51.48431311204033],[5.729303929497058,51.486240867254516],[5.723602508519372,51.484173634694585],[5.718744171115048,51.48857946161108],[5.712438945942501,51.49088437405034],[5.712423987311388,51.49471198666564],[5.705048217193145,51.497463346222915],[5.708233369387174,51.50202565149441],[5.684144018590231,51.50769997916949],[5.686005013318035,51.51273597661352],[5.684070048230664,51.51322780388564],[5.684520507705864,51.51777922675985],[5.681575594863749,51.5183894531134],[5.678957936519258,51.52249602975583],[5.674439629088224,51.524961960005214],[5.681073892254954,51.526131908567464],[5.677703044517317,51.527257717667794],[5.678373948328947,51.52835725743886],[5.6822432800893266,51.527676512043605],[5.666914128797926,51.540564410196836],[5.660478943183886,51.55132594159561],[5.652485791122027,51.569678527011774],[5.656517498273592,51.57479484470581],[5.651357253350074,51.58236020017622],[5.6993858982266445,51.5841165381759],[5.7061924546208935,51.58705552619727],[5.709194505399994,51.58553886448171],[5.732990238965514,51.59044284819696],[5.786678362315246,51.59820838038895]]]}},{"type":"Feature","properties":{"i":263,"c":"GM1655","n":"Halderberge"},"geometry":{"type":"Polygon","coordinates":[[[4.595037846351408,51.62408142967708],[4.601233179113862,51.625238894804426],[4.6042642353834236,51.62143934252818],[4.603360560275287,51.617387714790915],[4.608823396847108,51.6150499906669],[4.610729674245287,51.609541218852286],[4.613891623983614,51.60803798571744],[4.596755192071577,51.59029782659016],[4.598557829913413,51.584378193642884],[4.595148087034168,51.567665995310215],[4.590645723476633,51.56597868445798],[4.591761316501617,51.56103165226435],[4.581750756754658,51.56026674580171],[4.582007149099899,51.559050173067305],[4.548426981843228,51.55231863448882],[4.545371046642338,51.55390881687199],[4.545011182264845,51.55160448727623],[4.5303586122744335,51.549255660267846],[4.528068983833553,51.551998809314924],[4.5286896745389065,51.55548657606084],[4.536616429953352,51.56577642751374],[4.509450806236892,51.568561895481345],[4.508713475653653,51.56554862261875],[4.5049555753663775,51.56602631547976],[4.504153851816916,51.5629850459243],[4.501634755423748,51.5632707358727],[4.500204151582272,51.55853633687171],[4.486565928371771,51.5606026920708],[4.47359080720221,51.56074487418523],[4.469914855866297,51.56304362991844],[4.465796369369604,51.56104313948823],[4.457535574615573,51.561459141468994],[4.456526277156833,51.56313360034909],[4.452983722798496,51.56363728097978],[4.453205244812628,51.56659392290177],[4.4486545853129185,51.56571161829528],[4.443999240808933,51.569095441252884],[4.432925986169902,51.58279715897067],[4.426674801478448,51.61174020757788],[4.43154654506039,51.61084500001192],[4.433765468550058,51.615939452811055],[4.435678421096268,51.61515072911862],[4.437827867147161,51.61711916511125],[4.443536530836909,51.615088560495025],[4.461611823073777,51.61439152040038],[4.471442252740629,51.615966029940374],[4.48043855067107,51.61971867954927],[4.48314091952774,51.62006611943647],[4.486265770697895,51.619928394837785],[4.491938285049168,51.61790102981878],[4.5015063569482034,51.609052858832875],[4.514164025583159,51.606750445455006],[4.519132445811876,51.60783411069041],[4.530866894667337,51.615947877573085],[4.5482088735241675,51.619453938758824],[4.557253467427982,51.62730289096386],[4.563650600982788,51.62964648188219],[4.576057459516951,51.6299773985356],[4.595037846351408,51.62408142967708]]]}},{"type":"Feature","properties":{"i":264,"c":"GM1658","n":"Heeze-Leende"},"geometry":{"type":"Polygon","coordinates":[[[5.639015503857046,51.42245648775443],[5.63891967533853,51.3891731480851],[5.654707153438496,51.35387728949614],[5.64752836682207,51.352075710464874],[5.648774087151487,51.35016744507819],[5.6399256145413394,51.34673705775513],[5.640192427827315,51.339574215093094],[5.6367235390977655,51.34083798083054],[5.636637237949964,51.33783380687998],[5.644231737100604,51.33652537498188],[5.644112816242851,51.33348425252996],[5.641310524695259,51.33410420189596],[5.638591775208537,51.33185943551256],[5.634456694981611,51.33339835171056],[5.633128005087312,51.33131418238727],[5.634930647737811,51.3302182695118],[5.631295166168652,51.32754093475571],[5.621147365608045,51.33118855262743],[5.6191878128432045,51.32891760833761],[5.605316599881617,51.33180508623001],[5.566076533459838,51.32054269580136],[5.533277321178302,51.30558861102741],[5.515773887318747,51.29520250999376],[5.484859328089722,51.29999994784198],[5.491336741783553,51.3144486583886],[5.489055987479282,51.31836866464538],[5.480237813206263,51.324055042489924],[5.473644951907237,51.33407214429148],[5.481868071027168,51.34084032193984],[5.496030167913621,51.34650779384624],[5.496668770257245,51.35265009162609],[5.493800242073305,51.355392186717545],[5.52718053671003,51.36694107613467],[5.512234430520027,51.38339111518823],[5.504873936388005,51.4001548222468],[5.5056856911906795,51.40390687307086],[5.529260311372354,51.404765528357345],[5.544813770136138,51.403136360407395],[5.543751109734233,51.40466533490628],[5.560778718947693,51.40616004618406],[5.564166952925215,51.404783863932025],[5.566737360850139,51.40559172845716],[5.5658602707688765,51.40729855033971],[5.567711150971248,51.40823955687007],[5.597129031927909,51.41801285455885],[5.639015503857046,51.42245648775443]]]}},{"type":"Feature","properties":{"i":265,"c":"GM1659","n":"Laarbeek"},"geometry":{"type":"Polygon","coordinates":[[[5.652485791122027,51.569678527011774],[5.666914128797926,51.540564410196836],[5.6822432800893266,51.527676512043605],[5.678373948328947,51.52835725743886],[5.677703044517317,51.527257717667794],[5.681073892254954,51.526131908567464],[5.674439629088224,51.524961960005214],[5.685262189261538,51.51601205731959],[5.6829612387913375,51.50447960321273],[5.672668237487672,51.50544156688638],[5.669951766002304,51.504138115034735],[5.675105373275772,51.49894750111266],[5.663585135227304,51.5022558374312],[5.6564037174184225,51.507309277941914],[5.653077053580273,51.50406160941266],[5.644743932365409,51.50157755276236],[5.634822219337057,51.494883165239216],[5.627408668314477,51.49597991096244],[5.625946968506428,51.4983187620274],[5.61873059915711,51.49863892826873],[5.615080539986842,51.500289665424376],[5.6105616206721045,51.50472582539398],[5.611762759607766,51.50777496520026],[5.609653839436322,51.50921734427437],[5.5799332041877765,51.498760091766115],[5.56655170395663,51.501672453570436],[5.557652445262003,51.50936972788923],[5.5479143855413,51.53807588753331],[5.543015588715184,51.54001403361917],[5.545207346591616,51.54168696266158],[5.533083052166796,51.55780364549536],[5.55345409164485,51.55830455772824],[5.584340475951602,51.562731490189265],[5.608276219021588,51.55957913474474],[5.614225239210496,51.55460464027585],[5.618192417436575,51.55584153465762],[5.621713154994006,51.55323797081647],[5.627314748057315,51.555333074716955],[5.640123547712961,51.56434380588244],[5.652485791122027,51.569678527011774]]]}},{"type":"Feature","properties":{"i":266,"c":"GM1667","n":"Reusel-De Mierden"},"geometry":{"type":"Polygon","coordinates":[[[5.158553218472969,51.432174255269466],[5.173458335210839,51.428240222401115],[5.178153521324728,51.430261027235616],[5.184980789213727,51.428764029801755],[5.19102000192284,51.430215826772155],[5.190851536183853,51.41821087343437],[5.194770511430441,51.39985612654301],[5.200959368903295,51.39006597346803],[5.19697900941418,51.379464549403906],[5.188316799722883,51.377534415031164],[5.187987717869334,51.37451314502792],[5.183203494017032,51.3757848444338],[5.190659077943412,51.3719050836764],[5.192154582772067,51.3667884648684],[5.190604794774768,51.36622677233412],[5.197470528720941,51.362700887339514],[5.1919335579348,51.36163340494139],[5.192283186244142,51.35087679556203],[5.1962920150170495,51.34984607325676],[5.193865246387425,51.34522612091231],[5.204697767701756,51.32543850341929],[5.196564731156675,51.32035924403071],[5.173062756887164,51.31577164569835],[5.162639769612836,51.310316608820415],[5.134353254291566,51.31550045954083],[5.13168704963291,51.34704512567289],[5.119401774675409,51.355639669037416],[5.1165635297428365,51.36113144037956],[5.071181696358728,51.39348747135958],[5.1020205574797854,51.42892273170412],[5.1531511136901855,51.42829488730323],[5.157948251244594,51.428830858876],[5.158553218472969,51.432174255269466]]]}},{"type":"Feature","properties":{"i":267,"c":"GM1669","n":"Roerdalen"},"geometry":{"type":"Polygon","coordinates":[[[6.180724255554461,51.1863585038942],[6.138801678462377,51.17333923334993],[6.175421799419494,51.15846399799569],[6.162848438711548,51.1526712004879],[6.163456832234221,51.148742139101486],[6.147686059829715,51.14860762753321],[6.134589604154529,51.14509899534285],[6.125829859636026,51.145116845588866],[6.121279187983826,51.14268035548089],[6.121301621979243,51.14092734003213],[6.116388164562749,51.13915467724676],[6.096303229290896,51.134759009493756],[6.091995897798132,51.13504757590316],[6.087103137593734,51.12930254469412],[6.088772201836819,51.127897500584005],[6.084424020059281,51.12601869054407],[6.0869920332588086,51.12459491991386],[6.0835011513660335,51.12389220327668],[6.080901085338523,51.125979391041845],[6.080550931852002,51.12214171438849],[6.0756981037903675,51.12094107746714],[6.075883363975922,51.11919194760911],[6.06029332596218,51.115926444255756],[6.055237919293923,51.11074225828826],[6.056832035771237,51.10954956400693],[6.036463086768677,51.09653142620129],[6.03046913644262,51.10174135133696],[6.0282138148930065,51.107155734627725],[6.023974647600136,51.106635713516965],[6.021983157844592,51.11337132012549],[6.012823322366014,51.11680211591867],[6.013948249688176,51.117925543151706],[6.000765673492786,51.114136139151256],[5.997703618302694,51.11883659156579],[5.9848067168962835,51.12065508464641],[5.978488484502846,51.11584287362573],[5.9760807766292094,51.117091361961634],[5.972126291943914,51.11469441019096],[5.965329012813005,51.11844218644199],[5.954235227361746,51.11319949956757],[5.953350300388765,51.114525342853966],[5.948088822240462,51.11258139872008],[5.9404261049784015,51.112693023077604],[5.940500296790173,51.11432875082996],[5.926754754750377,51.113774033180206],[5.920664566932252,51.1187529256343],[5.914372392498707,51.12829653145048],[5.916386537615963,51.13045186009578],[5.913993359710581,51.13337884044374],[5.983498563893605,51.17621675327413],[5.988961536539005,51.17364203743522],[5.986326994532555,51.169362372274605],[5.991964360878023,51.170546904256085],[5.991277118279329,51.1679500465009],[5.99403217530834,51.16616969855274],[5.995137684320008,51.16855010842312],[5.998178864248131,51.16803340081239],[5.998864589513744,51.16221727297478],[6.005970492547409,51.16316071770263],[6.01369661180974,51.16664868743426],[6.018465149223675,51.16442991807836],[6.026076383105162,51.16402270759223],[6.029519004517814,51.1609701952128],[6.03987115912907,51.161600931054714],[6.040114917778099,51.1605423165091],[6.055626433276193,51.16211239196045],[6.063565926209318,51.1655243049241],[6.060074980340621,51.17091260325553],[6.05000449191404,51.17214913765112],[6.048139283856666,51.17484501306977],[6.057070985904617,51.175703810444645],[6.054602828351696,51.17970362940068],[6.055196721459012,51.184567113026596],[6.073141437605933,51.182824754966],[6.082190175727201,51.17163352576652],[6.089996805321648,51.170355134199006],[6.095888271463123,51.17115389282224],[6.0996856576582745,51.169832748272185],[6.111263632873505,51.173847868171705],[6.122405865633274,51.18130282012999],[6.165170410908849,51.19441412415915],[6.180724255554461,51.1863585038942]]]}},{"type":"Feature","properties":{"i":268,"c":"GM1674","n":"Roosendaal"},"geometry":{"type":"Polygon","coordinates":[[[4.448916875713773,51.56567379426062],[4.453138567450357,51.56662744087232],[4.452983722798496,51.56363728097978],[4.456526277156833,51.56313360034909],[4.457535574615573,51.561459141468994],[4.465796369369604,51.56104313948823],[4.469914855866297,51.56304362991844],[4.47359080720221,51.56074487418523],[4.49977020470663,51.558824504327994],[4.497473051254901,51.546335924374596],[4.498830567409919,51.544785083905545],[4.511315467306713,51.5439824334359],[4.514444036769127,51.54190105307244],[4.515795700669783,51.54299795208972],[4.523191562478804,51.54255684436687],[4.52118957240658,51.528950557290834],[4.516056830511125,51.52155458741722],[4.513563589409306,51.52160148980275],[4.514332215798508,51.51789553076124],[4.5021795992967775,51.516723629429926],[4.496572535197617,51.50821153267363],[4.49831886187968,51.50188456478574],[4.490313443001062,51.486991628233085],[4.492861653159696,51.483291298712665],[4.485406499044759,51.481622562159814],[4.486681568961499,51.47735282514197],[4.475960490948183,51.478144580921146],[4.464713094896131,51.47100773515536],[4.442559946710424,51.46868946301786],[4.391284333591297,51.45151187823727],[4.383412420389403,51.4551152634613],[4.366965866165066,51.45671886640502],[4.3613968342879765,51.47121916290122],[4.361632426951242,51.47637177009602],[4.371689539648479,51.47900767965103],[4.3727981613860925,51.48772400993733],[4.358172546380227,51.49260335668712],[4.351589642483786,51.49992841994333],[4.349540185468494,51.50348101537802],[4.354397546450851,51.505778463479345],[4.350556800317164,51.505667783189494],[4.351597242018283,51.51770076756103],[4.342194479975404,51.51804975948288],[4.340457150959866,51.52266951010083],[4.342777420486359,51.526389565689094],[4.325649445118293,51.52961400916067],[4.328413501858651,51.53072657839227],[4.327574671869087,51.535194031780684],[4.306808899710514,51.543515129062],[4.308203118669787,51.54673424844896],[4.316308799607054,51.5454968428997],[4.317977608525387,51.55121575666827],[4.375361929977245,51.54372141133297],[4.411462872376796,51.551598292679834],[4.426878353660579,51.552382760468916],[4.42903230925407,51.55570126947677],[4.438381470692201,51.55639126349116],[4.4410781884802075,51.558491643239115],[4.442685157291148,51.56846210163821],[4.44467465359618,51.569234826462576],[4.448916875713773,51.56567379426062]]]}},{"type":"Feature","properties":{"i":269,"c":"GM1676","n":"Schouwen-Duiveland"},"geometry":{"type":"Polygon","coordinates":[[[4.191777032604537,51.63837393907164],[4.172794308789991,51.64613472443691],[4.123827827424218,51.65786153884863],[4.111304242034465,51.65252402518737],[4.093170038930999,51.63965969804899],[4.083194629144213,51.629573296831126],[4.089890945613585,51.63068882521166],[4.082769281764946,51.62455727090809],[4.070696658869897,51.617369084216335],[4.055748258734354,51.61269734595095],[4.052945647858196,51.62099535177401],[4.031298391933798,51.60918345889735],[4.029111242722346,51.60961986312643],[4.023329411500321,51.60689218708316],[4.014931444027475,51.606859461098765],[3.988800016952989,51.61093209264207],[3.980370362406388,51.613709439688385],[3.9683697697066163,51.61267184042934],[3.9585765714830328,51.613763149875105],[3.9487028214905227,51.61918921762218],[3.9487342956866116,51.61529216284617],[3.8790414163929707,51.593670715269],[3.8748487571858754,51.59681021037233],[3.867955144369433,51.597706278963955],[3.849428329054805,51.60582084081487],[3.8379403024361336,51.60711910261905],[3.8011340301863794,51.60664266455843],[3.77427850116062,51.60141422997911],[3.7346717599084713,51.59771932858636],[3.7079621117627557,51.59872578171474],[3.7488853849877923,51.650322657642725],[3.611341043308232,51.65036335136166],[3.685363895634787,51.7336361703389],[3.7736753451974328,51.781520482045536],[3.8262126017462816,51.765841052844564],[3.8474281905710463,51.753401017057264],[3.8758943477526637,51.747692072089784],[3.886170625335858,51.74935850220987],[3.9050569938600823,51.76463442810684],[3.9214434656755217,51.770744779467876],[3.9403296772106193,51.77379995132986],[3.9589380040835516,51.77213344167574],[3.974491327769717,51.763800990682746],[4.0133362519084805,51.759011844068816],[4.0188849530844095,51.74271776025683],[4.035037757227582,51.730193592594865],[4.036703942205094,51.7110292258275],[4.040036765304675,51.70269680730492],[4.047813346794293,51.694364411679004],[4.098083805539729,51.69047587578714],[4.110026492439341,51.687142914092405],[4.123080127883542,51.68575410288365],[4.151824518195445,51.68523312840568],[4.202700613768598,51.660764318742075],[4.195885160708589,51.63941356443453],[4.191777032604537,51.63837393907164]]]}},{"type":"Feature","properties":{"i":270,"c":"GM1680","n":"Aa en Hunze"},"geometry":{"type":"Polygon","coordinates":[[[6.776509378805005,53.09476066799282],[6.935684807140059,52.99335254995066],[6.837767803969286,52.97789448174375],[6.78875900730304,52.96277467081223],[6.727711794763968,52.954719766608356],[6.731422442066829,52.93755503340134],[6.724175195113424,52.93728758297446],[6.7282623644683595,52.90686533936409],[6.736337073891997,52.87869129297],[6.714563923435681,52.868158821007],[6.68637393994688,52.875330797287425],[6.674985752011672,52.90501721027447],[6.666733854063197,52.909449377506796],[6.625450157739803,52.91281050955951],[6.614824897845728,52.91832654876214],[6.5858279832387,52.91945192500897],[6.565071298886539,52.94498077475141],[6.561504804559547,52.94665212519458],[6.570466248707764,52.95854583500685],[6.581265319964423,52.96744906642851],[6.596043481936964,52.972657993891865],[6.596201837972494,52.97895480896762],[6.604768743804476,52.983290168406235],[6.607470549015793,52.98746285222838],[6.607505053117349,52.99463614399408],[6.612471924822899,52.99914157085473],[6.611418820308523,53.00246440739054],[6.613945391074856,53.00336054657458],[6.611388341329312,53.00507794001482],[6.615681392279014,53.006220890902966],[6.618229803655373,53.00934848088863],[6.620760615681502,53.00918489662067],[6.621247269639137,53.01211516363443],[6.625903217660323,53.014850043983934],[6.632237796942954,53.017107386153235],[6.630634441297358,53.01831745841136],[6.632644321818757,53.02205221210542],[6.629668959451677,53.023605419336164],[6.631221432399901,53.026105245566136],[6.648593308690604,53.026332531573544],[6.6446584869889636,53.03938687839415],[6.640517582767872,53.04172458831721],[6.642329809925236,53.04593219206875],[6.653751155347655,53.0555134006577],[6.666496577006563,53.05770246926718],[6.664473233991743,53.06151833512374],[6.671661564970289,53.06479071537755],[6.6695612175128245,53.064851460264954],[6.670175812211413,53.067285826948165],[6.664419751878858,53.06905481503176],[6.666306591751791,53.07212959519637],[6.6620840927475085,53.072095801118735],[6.662144996199872,53.075042286708324],[6.660035853800718,53.074389193355586],[6.659673788257147,53.07636460620724],[6.65550884513909,53.07804233427105],[6.654450390599494,53.07686757558199],[6.654091815118084,53.08002890763291],[6.649643917727617,53.07957721283939],[6.648855087208308,53.08218860429713],[6.657774204664144,53.084030263587444],[6.673293758314888,53.07931903517382],[6.6924481567867256,53.070383714696085],[6.699014672827335,53.065173570216984],[6.711432977592537,53.07011302367045],[6.713687195010497,53.06869692250524],[6.750068554148322,53.08168130170378],[6.749251922099434,53.08374566721041],[6.745108219949914,53.08469006019379],[6.748114069544577,53.086916882364406],[6.776509378805005,53.09476066799282]]]}},{"type":"Feature","properties":{"i":271,"c":"GM1681","n":"Borger-Odoorn"},"geometry":{"type":"Polygon","coordinates":[[[6.935684807140059,52.99335254995066],[7.015973816385297,52.924576255174216],[7.026113192305071,52.91916052257752],[7.0455710154493625,52.915908828709014],[7.014799278210401,52.87298658309269],[7.007588971597552,52.873011304276936],[6.9666381111700355,52.86386837690913],[6.964494818971598,52.86494853328082],[6.961449774197723,52.86428240994659],[6.952075438424528,52.8553160513199],[6.952275215719587,52.851308305829825],[6.949912812635935,52.848803288382214],[6.869015865115261,52.819302848455486],[6.865063947919862,52.81581593873593],[6.855956907116292,52.81185978165477],[6.849805799285131,52.8046339500845],[6.823852742788503,52.821682307593065],[6.765601040839989,52.84992562876689],[6.769139882181291,52.851472143274584],[6.753008156693901,52.85904037175531],[6.753400848394222,52.86158370162235],[6.747294358159442,52.87030488374942],[6.745106182895371,52.87185052300396],[6.74044646532878,52.870984137832565],[6.737492194027082,52.87490639002854],[6.728225239741133,52.90707216313334],[6.724175195113424,52.93728758297446],[6.731422442066829,52.93755503340134],[6.727711794763968,52.954719766608356],[6.78875900730304,52.96277467081223],[6.837767803969286,52.97789448174375],[6.935684807140059,52.99335254995066]]]}},{"type":"Feature","properties":{"i":272,"c":"GM1690","n":"De Wolden"},"geometry":{"type":"Polygon","coordinates":[[[6.354287650601549,52.79511209785154],[6.350439361309913,52.79183948028815],[6.342956759760559,52.789692734207286],[6.352081799448808,52.78784123541032],[6.353345439601662,52.78541045644329],[6.3494777646311755,52.78340508508481],[6.353734110553068,52.78248904899871],[6.355499526243143,52.77951592200826],[6.360900347838652,52.78323316446],[6.372067846683889,52.78000195851843],[6.37791649685865,52.785203623293235],[6.387367241673168,52.779031529259065],[6.391528132455524,52.77957377638386],[6.39404175157338,52.777448534428274],[6.412995818678903,52.788319477076115],[6.416376416551629,52.786387335095085],[6.416653474778335,52.78172929211611],[6.421635887816578,52.781080797154885],[6.423165295020249,52.78271638942123],[6.427530403582528,52.78250137039315],[6.432038824869207,52.78454502206816],[6.432566418201412,52.78646850536784],[6.429573304450828,52.78870511563803],[6.436982393196562,52.79199671187949],[6.446920326890335,52.78588929312501],[6.446621324813113,52.776745274817294],[6.4380603319116805,52.77124605894243],[6.430831885302358,52.76845404253148],[6.410134294277014,52.76488549697421],[6.41614454717637,52.755317326628116],[6.419403171841051,52.755994401804095],[6.426285697999743,52.751422846345875],[6.42052292391732,52.74822720713886],[6.423192575738055,52.74300025345967],[6.415392080795479,52.740856906038026],[6.42132546119883,52.73141540686327],[6.406802499359031,52.728410177998185],[6.4146368919483505,52.72022047359546],[6.4143650614297165,52.717261280621926],[6.4060366095190915,52.71318825224748],[6.403678874378441,52.705671986382505],[6.404749703164182,52.70467529465738],[6.407167608029599,52.70679557752218],[6.420367026664868,52.701347108161784],[6.428848158553351,52.70531979445051],[6.45114165421225,52.70698164011141],[6.451311636457879,52.69940577243531],[6.448676612902276,52.69378762722515],[6.4628145644817705,52.69520294769139],[6.463319468868694,52.69330766113965],[6.485980364777998,52.693632746244774],[6.484851976873113,52.68424572494545],[6.493331272402712,52.684125780207154],[6.492573836427939,52.67597085186292],[6.499773955566139,52.6756428945474],[6.499551794667594,52.67355404764522],[6.530555818276784,52.67247238589691],[6.529380676445485,52.654507315930694],[6.513861466748964,52.646293771982684],[6.518604193547484,52.6140878450001],[6.512026845011831,52.61364967009567],[6.504512178676854,52.61705815177743],[6.491850407732349,52.619144254838375],[6.478016188773117,52.618631306583616],[6.470073153389385,52.6250072909991],[6.463284909579414,52.623513637827095],[6.459788259885919,52.615759781454564],[6.455138117242995,52.615440364329565],[6.453365993691359,52.61394570668903],[6.441879666371534,52.615637268369326],[6.434934372940997,52.61928554824747],[6.433803067149367,52.62640921400608],[6.431242899512981,52.62837793537836],[6.4281764877741825,52.628188503440434],[6.426794306504379,52.624526877645216],[6.420236452463187,52.62231764244053],[6.418808498520344,52.61902320032223],[6.412858773739594,52.61957443679941],[6.409502229568274,52.62173326117524],[6.406250912168549,52.620694432717855],[6.40685831635929,52.61778099971841],[6.403766750125488,52.6162711887864],[6.396035216123543,52.61778796626101],[6.391522217346976,52.61451941563894],[6.383713383982356,52.6122312712232],[6.382796093504655,52.61566113877959],[6.3803195045592105,52.61497492343448],[6.376510380369407,52.61692393590722],[6.377178008484433,52.620360722200296],[6.373252527329543,52.62383746064787],[6.3752058974249906,52.6274081324203],[6.37148512709532,52.63179236050376],[6.369180258570534,52.63206746827495],[6.369522318370403,52.63548396449574],[6.363019084378483,52.63905848079409],[6.364441038290405,52.643174568876745],[6.3597505905077965,52.64556199213656],[6.353337589864244,52.64596332393848],[6.353298582338611,52.6478136705194],[6.346967832449721,52.64915194794824],[6.3413952497444335,52.65412118049635],[6.334002899719252,52.65469886715986],[6.33263792025677,52.6567507362316],[6.326289925476063,52.65898608695459],[6.325875931464458,52.66286473614753],[6.3292901243851425,52.66539846257695],[6.326989611057621,52.66919418648173],[6.3193620150277825,52.67039794722557],[6.309759015726769,52.66675149322015],[6.29763449574809,52.666386272785275],[6.295366874125118,52.66228604012509],[6.2874869323527545,52.66345260520722],[6.285464785321577,52.66702219712145],[6.2791626993688086,52.66905302526049],[6.272711710600232,52.66474094812138],[6.265794247051607,52.666864993020354],[6.266504222843575,52.67104759972364],[6.269045594537427,52.67357571758907],[6.27266845140294,52.673742394480165],[6.269814722419682,52.68222797390847],[6.275161164991665,52.68344700744574],[6.2834780748204535,52.68224820003648],[6.283842690579556,52.684199675751394],[6.2754232972149815,52.687742978965574],[6.275873870929879,52.69021605437693],[6.28501197301568,52.689705161431974],[6.286682599117807,52.69912610545486],[6.275807629349602,52.695463430804],[6.2763256866400265,52.69800420137111],[6.279634875176898,52.69961184497098],[6.276699386156302,52.70058612248855],[6.277213831029088,52.70335979413316],[6.273802847570756,52.703281565864025],[6.274303006342301,52.7061853110382],[6.2531197730326635,52.70528155338284],[6.248391845513746,52.70819658635121],[6.237927929787482,52.70577056802984],[6.232193761312106,52.70653873810215],[6.224961121780004,52.703230213713724],[6.216903587679028,52.7031577381857],[6.217623494261501,52.721299684164165],[6.234576273997052,52.74060077335894],[6.231438773837376,52.74170858771335],[6.236637971386995,52.743903223050346],[6.241743390215688,52.750840217068806],[6.251347956974319,52.757888640651124],[6.2685557239430985,52.758405953463466],[6.280511533201659,52.7626957515364],[6.298747821566826,52.76643050717019],[6.293207745237978,52.778993905720824],[6.298394781506033,52.781953588839514],[6.299552894856286,52.78711955556876],[6.302573697637649,52.789150443498656],[6.301003695126452,52.79096456218424],[6.305159177705793,52.79147423130539],[6.309019732416626,52.79519060078274],[6.321480230681745,52.79541888523505],[6.340498050859232,52.798978980399575],[6.3536561576140596,52.79891956745328],[6.354287650601549,52.79511209785154]]]}},{"type":"Feature","properties":{"i":273,"c":"GM1695","n":"Noord-Beveland"},"geometry":{"type":"Polygon","coordinates":[[[3.793581593289754,51.54247953720742],[3.7682878345506623,51.552773281382635],[3.7614223671206153,51.55336699362092],[3.7559865152003766,51.55208508104446],[3.740023173812459,51.545910747649636],[3.736557129254505,51.54245436483961],[3.7187945930597994,51.53435210955202],[3.71360717146356,51.53036700062116],[3.711879044576162,51.531066537147474],[3.70567192700332,51.52448648661862],[3.700386039247241,51.52235217392012],[3.6978348511673182,51.52398878014878],[3.6952428463071807,51.53082767622346],[3.698628502811314,51.54321797884016],[3.6959887452076283,51.54900798906472],[3.671077683841788,51.56382933489931],[3.653128255982476,51.56846340215556],[3.6347975715844862,51.58701585357509],[3.6302181802720574,51.59588243727575],[3.654523825831133,51.59609355998908],[3.689547805770829,51.601515266987136],[3.695692191084427,51.59961027285649],[3.699092182852104,51.60106156029036],[3.722537513795263,51.597287590554345],[3.7346717599084713,51.59771932858636],[3.745709303265102,51.59962572716095],[3.7698511550532765,51.600869798968446],[3.800810268149921,51.60660739242565],[3.814798659386261,51.60750364955518],[3.8490313599134502,51.60593992437152],[3.867955144369433,51.597706278963955],[3.8748487571858754,51.59681021037233],[3.8790414163929707,51.593670715269],[3.9247605146855196,51.60786085900904],[3.9368252133882793,51.55653128948885],[3.9609589580734887,51.55147732282514],[3.9379791051280373,51.53577768806996],[3.9325495141033002,51.53725593223126],[3.9324473516633556,51.54044941051216],[3.9269509855950506,51.5446344667754],[3.9240163536110892,51.5455943967556],[3.922292542576734,51.54450300350476],[3.9225065124342335,51.546710710738346],[3.914484449985823,51.546975952536165],[3.9131481885355552,51.54905374426526],[3.90788843088134,51.550281817408404],[3.89513172887225,51.54965038574402],[3.870944789016877,51.541938512894525],[3.8619266266751016,51.54115393809383],[3.852477477187178,51.54319304305407],[3.834502836725316,51.55301796917569],[3.796758290596524,51.54278070529931],[3.793581593289754,51.54247953720742]]]}},{"type":"Feature","properties":{"i":274,"c":"GM1696","n":"Wijdemeren"},"geometry":{"type":"Polygon","coordinates":[[[5.062876498163766,52.284756262323555],[5.064627930172103,52.2782636296839],[5.077081954003408,52.277976613217604],[5.0846155185648145,52.27940750869639],[5.087704174585012,52.28168492928458],[5.102065808012643,52.279890840821295],[5.103496122523047,52.277364922804615],[5.119304256706531,52.27345167170371],[5.126026248286989,52.25992777315855],[5.136470566834938,52.259816078960185],[5.136801242760705,52.25395055810905],[5.139604522529948,52.25401479323371],[5.14004796356167,52.24577423828719],[5.142277249206028,52.24331684454658],[5.141791305069059,52.2254934755533],[5.12794469637676,52.22440382581257],[5.130008319497662,52.22149102891565],[5.12330983833729,52.22138885149006],[5.12252675883054,52.21882509949493],[5.1339431447627035,52.21429483605754],[5.139828259419864,52.20798031630809],[5.142436024443694,52.20870696251925],[5.140526789883136,52.20727268701506],[5.145718283855086,52.19792469377103],[5.136496327250657,52.19060196328871],[5.12193900441216,52.18558027815075],[5.124110589313233,52.18082739596406],[5.082452224977116,52.17384215133372],[5.046421007007218,52.16592899233914],[5.042049310840155,52.18337001640458],[5.032503228596501,52.18411341193769],[5.038134079736801,52.195163176630594],[5.03720107098602,52.19794906591544],[5.021292961299391,52.20188574728923],[5.023006282866691,52.20174610385814],[5.022621037271954,52.20394146694337],[5.036649900454493,52.20213799082002],[5.036444713391177,52.209567956883674],[5.033400588235037,52.209836235910856],[5.0337879575654085,52.21371399933228],[5.037290337785748,52.21421518394548],[5.035329563697167,52.21446227016674],[5.0371449097250585,52.21620299474316],[5.036665605127757,52.22436015819757],[5.042795658970342,52.2240395145221],[5.037101784687183,52.225341652921415],[5.0424844562810245,52.22877988744301],[5.040517640271516,52.229833822021725],[5.041585571892458,52.23088822701831],[5.057729909436589,52.23535278308267],[5.045854211322411,52.24338162832685],[5.046634026058028,52.24854112563257],[5.0429434034986915,52.255976933371585],[5.0400622996495565,52.25649888857314],[5.035732990997868,52.252654200379546],[5.031859536739182,52.25511696354852],[5.032489031454823,52.26016574136935],[5.0265820616652865,52.264148056793246],[5.027750280168916,52.26757383759629],[5.022886888280184,52.27248344118825],[5.030579254605882,52.272247775118345],[5.03332802734607,52.27543695537211],[5.042109870466148,52.277869656818176],[5.048601724693532,52.27702961356477],[5.050753457091973,52.28181781047661],[5.060518838142738,52.28516871151852],[5.062876498163766,52.284756262323555]]]}},{"type":"Feature","properties":{"i":275,"c":"GM1699","n":"Noordenveld"},"geometry":{"type":"Polygon","coordinates":[[[6.48892424084033,53.20313156878139],[6.494227147009584,53.19821755222221],[6.506784873546289,53.20014836041005],[6.513199352477711,53.19725020650785],[6.512009383514378,53.19621772053655],[6.517702284128688,53.18924065628004],[6.516454442375476,53.187734841751485],[6.521324658940297,53.18582759009776],[6.530433935372729,53.17235806504381],[6.535367570217334,53.17164240717793],[6.533535839551568,53.169214110351874],[6.536290285387993,53.16808353569783],[6.537436624300148,53.16483862491911],[6.534126069313812,53.16093317520429],[6.53785206138808,53.158441595561044],[6.537743943948862,53.155922532475856],[6.533915156373193,53.15192508812561],[6.5383084207820765,53.14563433785191],[6.536729137225705,53.142742109840945],[6.540073965572244,53.13887916201231],[6.5390809848472164,53.132505850596175],[6.510929977696392,53.130693057514314],[6.512501767490179,53.12560446731232],[6.50089405135774,53.12057682097122],[6.498425335857881,53.123359388374624],[6.48029955741373,53.12078670570301],[6.484785147756851,53.10626589656345],[6.490094926004849,53.09772565345289],[6.513356409906921,53.07228029534013],[6.514515822093248,53.065379263969355],[6.511774560179453,53.05647003824205],[6.499950965215602,53.03843029895773],[6.502893482941361,53.03221279951127],[6.495527758937785,53.03089769935182],[6.503873050361834,53.016041583444995],[6.509978607776882,53.017039439277596],[6.513036287963208,53.01055666788423],[6.505935001967847,53.010130071555096],[6.4132798403918345,52.98552293178625],[6.362521374919931,53.03396903357535],[6.367810522898958,53.067359999887415],[6.30527376388684,53.08118955304285],[6.3151574511689175,53.09405278915344],[6.344433415062592,53.08713492452592],[6.356620479986268,53.10708452238526],[6.363558463641209,53.10755156999791],[6.36585500475622,53.1222275243518],[6.382612274012221,53.14957049427312],[6.381414286888601,53.15350550874306],[6.395165337993387,53.16357664087806],[6.402921513967921,53.16720551588952],[6.406984952314632,53.17765441312254],[6.442866786526345,53.18774042764551],[6.447712077493556,53.19644058962188],[6.48241464042328,53.2036882647851],[6.48892424084033,53.20313156878139]]]}},{"type":"Feature","properties":{"i":276,"c":"GM1700","n":"Twenterand"},"geometry":{"type":"Polygon","coordinates":[[[6.693297557600325,52.486394275890966],[6.6975846239336425,52.48629824275189],[6.717706688933939,52.47813155440774],[6.701594669944775,52.46116270517457],[6.6977479535654325,52.45177969087595],[6.692082324059584,52.44734750477183],[6.68285822983575,52.446265946606346],[6.673333947843535,52.44145100206096],[6.673518595471762,52.43449469953586],[6.677885942711707,52.42783172792612],[6.675140392428732,52.42697184700492],[6.673998977918951,52.42464689458101],[6.676548614576195,52.42365479359852],[6.672551308174448,52.422084624975035],[6.669673055662103,52.417367501343165],[6.698635306444574,52.39374107515881],[6.6852290567898995,52.39310491640892],[6.684391227523167,52.390899001345936],[6.676119899442342,52.39615066933354],[6.6718959219886385,52.38885140213349],[6.6641687249933295,52.38951429709569],[6.6517517031993885,52.398724525933844],[6.647626008008423,52.39545362774429],[6.640199571465992,52.39912275127669],[6.636381545257057,52.39553565517252],[6.621763178388138,52.389545325558444],[6.6194920923136635,52.389830409925985],[6.613979386402145,52.38611947473646],[6.609454972884173,52.38955148550022],[6.598798000111652,52.383627766938275],[6.572469485021285,52.42331504263867],[6.598147596524023,52.439029367181185],[6.596386702985641,52.4548078197699],[6.571632865624137,52.446503724247094],[6.571064044549298,52.44839844588286],[6.562893940042765,52.44576379016225],[6.558345938594199,52.44897431428011],[6.554512943631657,52.44845846324889],[6.540554578393499,52.45087601813989],[6.531036653648139,52.44621811355476],[6.528371554944045,52.44064800363328],[6.524069678853886,52.439626327818274],[6.5210742723136805,52.440695636056525],[6.517829327746284,52.437817849760705],[6.510901305310891,52.437173404050185],[6.475598542440927,52.440857372098684],[6.467388472686707,52.4455722506348],[6.4534895781788375,52.460022138707714],[6.448549638373728,52.460307445134674],[6.451427582942949,52.46147573739363],[6.447463289188912,52.46559948408725],[6.450651098967344,52.46689017324761],[6.452566318429131,52.46459833530141],[6.453102918980437,52.4669001907535],[6.450690645868553,52.468050824542935],[6.452554135597077,52.47106255348639],[6.454145409580976,52.47134526853677],[6.453287204644993,52.46946532701992],[6.458622052497544,52.46990270354431],[6.465451519968996,52.475115466760215],[6.478405127732482,52.477604504687484],[6.488575956407935,52.47686221189662],[6.492504010370733,52.47925863834587],[6.495789676363982,52.479256197717575],[6.4948089104933455,52.48100209050964],[6.503773166264543,52.481721685939405],[6.505468754155456,52.49096261830543],[6.554463463008061,52.48759329266322],[6.6010350254210515,52.479470235826035],[6.61300138672109,52.465603251991546],[6.616570465660281,52.46936853807441],[6.626820828570501,52.47383126403213],[6.635620652217858,52.47164722919262],[6.640584452496884,52.473105150132746],[6.641541229466242,52.47124385742853],[6.649555605169825,52.47308988868402],[6.65110023439436,52.475156779591046],[6.647459620011144,52.478614043369696],[6.654578213307503,52.482715247632356],[6.653659033783632,52.48783216752112],[6.669301280978948,52.49498073745115],[6.693297557600325,52.486394275890966]]]}},{"type":"Feature","properties":{"i":277,"c":"GM1701","n":"Westerveld"},"geometry":{"type":"Polygon","coordinates":[[[6.302985257783497,52.92497237117299],[6.334460318334431,52.906569904071446],[6.369026189736019,52.921975630599434],[6.3855500825785185,52.91554733568522],[6.383439057470282,52.911650554873184],[6.38128851620331,52.91241027661086],[6.377701913798587,52.908736624380914],[6.3793985331708845,52.908217241182136],[6.3778808265180365,52.90686528850658],[6.370496013144312,52.90322738442082],[6.3672210412119155,52.90339544080572],[6.359556744241979,52.894530175029175],[6.373265585357713,52.89027440937477],[6.366554262653037,52.88166392942622],[6.3688325294968395,52.87671794049799],[6.372636136118333,52.875907417312995],[6.372084555290814,52.881363663326404],[6.381472141830571,52.88959573869369],[6.419992849125098,52.88232187715746],[6.422263475340527,52.88031385767536],[6.420205656804973,52.87791548730688],[6.427698027684933,52.872531528613905],[6.429296737161998,52.87311450080939],[6.4314484754830685,52.86994596982311],[6.434345007370122,52.85699324462315],[6.429210798615622,52.856440426970906],[6.430888055621213,52.85038542547661],[6.451273120970404,52.85001545780145],[6.460715920386821,52.853066145677225],[6.463150125349531,52.8488921597777],[6.461152870830569,52.84510436923755],[6.462667249218426,52.83867686373609],[6.480026132522016,52.83694436665031],[6.467341610425502,52.821460428635056],[6.461338765553061,52.81534609211193],[6.45938292897363,52.815420384826886],[6.457532929997596,52.80453188323111],[6.446920326890335,52.78588929312501],[6.436982393196562,52.79199671187949],[6.429573304450828,52.78870511563803],[6.432566418201412,52.78646850536784],[6.432038824869207,52.78454502206816],[6.427530403582528,52.78250137039315],[6.423165295020249,52.78271638942123],[6.421635887816578,52.781080797154885],[6.416653474778335,52.78172929211611],[6.416376416551629,52.786387335095085],[6.412995818678903,52.788319477076115],[6.39404175157338,52.777448534428274],[6.391528132455524,52.77957377638386],[6.387367241673168,52.779031529259065],[6.37791649685865,52.785203623293235],[6.372067846683889,52.78000195851843],[6.360900347838652,52.78323316446],[6.355499526243143,52.77951592200826],[6.353734110553068,52.78248904899871],[6.3494777646311755,52.78340508508481],[6.353345439601662,52.78541045644329],[6.352081799448808,52.78784123541032],[6.342956759760559,52.789692734207286],[6.350439361309913,52.79183948028815],[6.354596499247018,52.79519847450516],[6.3536561576140596,52.79891956745328],[6.340194040118305,52.79897035787928],[6.321480230681745,52.79541888523505],[6.309753297120318,52.795437912629886],[6.305159177705793,52.79147423130539],[6.301003695126452,52.79096456218424],[6.302573697637649,52.789150443498656],[6.299552894856286,52.78711955556876],[6.298394781506033,52.781953588839514],[6.293207745237978,52.778993905720824],[6.29872303994522,52.766415166886766],[6.280511533201659,52.7626957515364],[6.2685557239430985,52.758405953463466],[6.25202752638754,52.7583105997226],[6.241743390215688,52.750840217068806],[6.236637971386995,52.743903223050346],[6.231438773837376,52.74170858771335],[6.218555851512596,52.74830039140216],[6.201842757570417,52.72930684625999],[6.172905976523498,52.77305425989034],[6.193807867256709,52.78640281069942],[6.201730744796196,52.7936960991745],[6.177229785126087,52.81385109593769],[6.171681875430015,52.81506023885017],[6.157643906798431,52.82503555325564],[6.149198959403669,52.828402422766],[6.15196215776622,52.82882969055858],[6.130311519147369,52.84393038738566],[6.128694395712813,52.84780737470623],[6.119819892280245,52.85421494760708],[6.165993080559596,52.87502660564797],[6.206900009588979,52.890743865599894],[6.232291055878939,52.91343818430718],[6.244829595396361,52.919587003773565],[6.2475529491962405,52.92369169058882],[6.256593066011798,52.92764123736408],[6.302985257783497,52.92497237117299]]]}},{"type":"Feature","properties":{"i":278,"c":"GM1705","n":"Lingewaard"},"geometry":{"type":"Polygon","coordinates":[[[5.940327673639041,51.956039763258005],[5.959162759432656,51.94539153423493],[5.961794244833694,51.938792624445476],[5.965775468988542,51.93876761825942],[5.972330967070556,51.93074207121129],[5.972823027620923,51.92908321213594],[5.968612962535791,51.92821244737431],[5.991920970443891,51.90993572220986],[6.019657155242938,51.898292561408155],[6.0305827493126705,51.88023922413368],[6.046284695808533,51.87091321155543],[6.032359754229743,51.874107626413554],[6.016915681015962,51.880985972024135],[6.004791765892066,51.88103191212254],[5.989793745325754,51.872651690733534],[5.977749586292918,51.85722976887556],[5.967447740896026,51.85445192051398],[5.95607609255299,51.856472001528715],[5.937315414831743,51.87141112444435],[5.9321856254222105,51.87355424606773],[5.921035898129711,51.87465047355073],[5.909119407706215,51.873640052313455],[5.89596777638181,51.87053361989938],[5.886765711302665,51.86520301137816],[5.884319721124853,51.86701355020863],[5.8825268684698715,51.86628581018074],[5.876065205804985,51.87669943673338],[5.872840684098114,51.88739320046177],[5.871481042590399,51.88865241364073],[5.8576276942660055,51.8883888224971],[5.856874247481114,51.89701173562025],[5.874738478697634,51.897570667177845],[5.875420845544852,51.90208355836869],[5.8721423722152855,51.90200492838378],[5.8736644297347755,51.90845187048533],[5.891199335093065,51.90726350517449],[5.894562151769205,51.9150580984034],[5.893057732683824,51.9161857819669],[5.896996833743063,51.92080966597451],[5.88952195878316,51.92526507032768],[5.898157458163721,51.93460924408499],[5.902427089267995,51.93399033915756],[5.91506058197824,51.94990100815401],[5.92944625849334,51.9505925535026],[5.9318306333917725,51.95948313848597],[5.9355971134811085,51.96041566464311],[5.940327673639041,51.956039763258005]]]}},{"type":"Feature","properties":{"i":279,"c":"GM1706","n":"Cranendonck"},"geometry":{"type":"Polygon","coordinates":[[[5.654707153438496,51.35387728949614],[5.6667692394873335,51.326725022132656],[5.672090678914436,51.32359215837881],[5.670226321338985,51.317659051339156],[5.672110784019177,51.31509401637405],[5.625972196979796,51.27360160483983],[5.6234740391812235,51.249025609746894],[5.618781564554067,51.22942528203528],[5.594414377081062,51.224180396839785],[5.594320584870633,51.22607369328145],[5.566045275563676,51.22090941030026],[5.560450604069937,51.22232733022507],[5.554866379033237,51.24449729799246],[5.5579273955157396,51.262398596631996],[5.5564342530653565,51.26638957414218],[5.544588849249324,51.271187944035574],[5.528685311915353,51.281756558191475],[5.519006322660065,51.28947525582656],[5.515773887318747,51.29520250999376],[5.533277321178302,51.30558861102741],[5.566076533459838,51.32054269580136],[5.605316599881617,51.33180508623001],[5.6191878128432045,51.32891760833761],[5.621147365608045,51.33118855262743],[5.631295166168652,51.32754093475571],[5.634930647737811,51.3302182695118],[5.633128005087312,51.33131418238727],[5.634456694981611,51.33339835171056],[5.638591775208537,51.33185943551256],[5.641310524695259,51.33410420189596],[5.644112816242851,51.33348425252996],[5.644231737100604,51.33652537498188],[5.636637237949964,51.33783380687998],[5.6367235390977655,51.34083798083054],[5.640192427827315,51.339574215093094],[5.6399256145413394,51.34673705775513],[5.648774087151487,51.35016744507819],[5.64752836682207,51.352075710464874],[5.654707153438496,51.35387728949614]]]}},{"type":"Feature","properties":{"i":280,"c":"GM1708","n":"Steenwijkerland"},"geometry":{"type":"Polygon","coordinates":[[[6.021083251933249,52.641363278468496],[5.999529745653028,52.65463594861642],[5.984048067254917,52.65719165270431],[5.96685167003977,52.6665801876263],[5.941593521767108,52.670516680587006],[5.939725868009523,52.668835251460855],[5.9351478548889665,52.66923380785098],[5.933084018483054,52.671263520466034],[5.933870300943015,52.675510462809434],[5.944707567592051,52.682712579392195],[5.962104802484262,52.690350678530315],[5.965155431572478,52.69356972711173],[5.9648250292003375,52.698104427583324],[5.959011670968166,52.70386342783596],[5.954839012578702,52.70376762997249],[5.955315513303322,52.70726177736767],[5.951161373439079,52.71191922603159],[5.942555033589006,52.715002003915075],[5.9225740053008735,52.75069157954291],[5.906009448616008,52.761325561744414],[5.900054129487053,52.761195257489916],[5.896085419328589,52.76282201940514],[5.8796826022092485,52.77325052786933],[5.860257540015573,52.781816539872906],[5.849698683144542,52.78473873513515],[5.836254396330958,52.78563736455948],[5.818791765667266,52.78469665206788],[5.8186564953732,52.787635737770124],[5.80592610800497,52.794859363983264],[5.795177036126993,52.8065218417589],[5.819744200440091,52.81727839297054],[5.82419813879186,52.81327699317639],[5.8336293856319665,52.811655775223755],[5.837365348039208,52.80826181887657],[5.83647422201605,52.80579310258085],[5.842201970252146,52.80758426975661],[5.843593645562409,52.80503254697571],[5.854667407153268,52.80550684174423],[5.857026773885482,52.80722886523313],[5.8596399599720685,52.804536248773616],[5.86563614085058,52.80465045969386],[5.868679643200804,52.80272623372197],[5.878762612827175,52.80084879019133],[5.882577949133543,52.80391960505626],[5.897881480382451,52.807803316540024],[5.900657175777165,52.81182486985002],[5.909370089271847,52.814059232901265],[5.9149976504206725,52.81945598412965],[5.92407879656583,52.82348818985722],[5.922904659410912,52.827452082915045],[5.926407425201271,52.828349543537385],[5.9228409496708565,52.83079184157355],[5.930688880315632,52.831938448826655],[5.927078917921973,52.8338268292078],[5.945932863671797,52.83745219245202],[5.9557836760821115,52.83323457348936],[5.955764177904934,52.837373721386435],[5.95809764228978,52.83939485569612],[5.96997627053534,52.84237532747996],[5.973127797640446,52.84246971879441],[5.976174986993247,52.834748176398996],[5.986479005860339,52.82169334545241],[5.990574657745475,52.821596565197616],[5.996507858901808,52.816561514056225],[6.007483400205525,52.82004647328314],[6.02455896491824,52.82254466701463],[6.031168382021471,52.81499071306633],[6.05995103613156,52.826118541070784],[6.052607350406575,52.837339124075186],[6.061500366066812,52.83929655277477],[6.082345868272428,52.83906939693754],[6.08748042241689,52.84311386707686],[6.119819892280245,52.85421494760708],[6.128694395712813,52.84780737470623],[6.130311519147369,52.84393038738566],[6.15196215776622,52.82882969055858],[6.149198959403669,52.828402422766],[6.157643906798431,52.82503555325564],[6.171681875430015,52.81506023885017],[6.177229785126087,52.81385109593769],[6.201730744796196,52.7936960991745],[6.193807867256709,52.78640281069942],[6.173099014445906,52.77331656894176],[6.168525391322687,52.76709349696223],[6.163939988694407,52.7664493504525],[6.156702729770693,52.76269854439764],[6.126616682631651,52.75693513409426],[6.120557387640227,52.75246798745359],[6.120332108616711,52.75014904913102],[6.148497573933954,52.70763135330754],[6.155244890883214,52.694039065084404],[6.156606683940974,52.69195735145894],[6.158976044202901,52.69215418254636],[6.154498491720813,52.6904105815924],[6.152088565751383,52.684245005326936],[6.135737677992225,52.67707171605161],[6.135892474120771,52.67448332871892],[6.131328349182477,52.671899758613876],[6.127449774840813,52.671944952357805],[6.121745690589866,52.66824556819999],[6.107439171730329,52.665617779408514],[6.099917290619229,52.66082127963496],[6.097360359275152,52.66462737998423],[6.085562846435537,52.66327421679651],[6.05486416644574,52.65021892943289],[6.038208218256479,52.6495000106965],[6.021083251933249,52.641363278468496]]]}},{"type":"Feature","properties":{"i":281,"c":"GM1709","n":"Moerdijk"},"geometry":{"type":"Polygon","coordinates":[[[4.650026733531686,51.71142979537604],[4.656511382781497,51.70729768426315],[4.659525569063125,51.69675557399726],[4.666889464371958,51.68644738668634],[4.673227622879931,51.68898686859627],[4.679190559977592,51.686435920486325],[4.681301046294741,51.68803209722729],[4.692818257712119,51.68167985230432],[4.697313555934669,51.68771751957831],[4.704534031496854,51.68050651652752],[4.70203056671327,51.67989381063323],[4.7046056643988114,51.67632157083931],[4.706625194643122,51.67675319067485],[4.70987909021061,51.673271736518615],[4.684902977827396,51.66636649615878],[4.696783856371537,51.65459278614479],[4.689170620539852,51.652418207318895],[4.692561833222884,51.647551837206954],[4.696863738666464,51.64713382412724],[4.695325499353441,51.64358795897949],[4.698968644477681,51.6379764714314],[4.690958711851519,51.63735796347914],[4.677617469139202,51.632497879077135],[4.66121712830282,51.6347547298922],[4.644985136208025,51.63261067602664],[4.638024182604666,51.62971368334501],[4.634832731246283,51.625682567970934],[4.629206112071053,51.62404830029455],[4.623941499448301,51.624362765253295],[4.611321127063979,51.62850297100584],[4.594775209109204,51.62409887857334],[4.576057459516951,51.6299773985356],[4.564216204264065,51.629740467457495],[4.557253467427982,51.62730289096386],[4.5482088735241675,51.619453938758824],[4.530866894667337,51.615947877573085],[4.519132445811876,51.60783411069041],[4.514164025583159,51.606750445455006],[4.5015063569482034,51.609052858832875],[4.491938285049168,51.61790102981878],[4.486061872775775,51.61995373767785],[4.48043855067107,51.61971867954927],[4.472171965890836,51.616180096821545],[4.463871605590585,51.61464315646986],[4.443536530836909,51.615088560495025],[4.429913167058891,51.62229302506067],[4.423859219270861,51.63026501085055],[4.408895898048293,51.63282130587253],[4.399904562623915,51.63880521377334],[4.396150113863452,51.64371084718105],[4.3878152847319845,51.645649074890585],[4.3764522505533,51.65187450108994],[4.3618215908826325,51.66297906726946],[4.375470090233772,51.673185047830756],[4.379431108762788,51.683591558321126],[4.393621156022882,51.693296225696585],[4.423549728303684,51.70947484564214],[4.500430781473097,51.692904119597486],[4.5149172698652755,51.69247356405744],[4.542469881309972,51.69482387310412],[4.589299878590013,51.703323097490184],[4.617063043285149,51.71345054843198],[4.645136585867707,51.71906732877624],[4.650026733531686,51.71142979537604]]]}},{"type":"Feature","properties":{"i":282,"c":"GM1711","n":"Echt-Susteren"},"geometry":{"type":"Polygon","coordinates":[[[5.897895073332558,51.1353152460084],[5.903469359629142,51.13294755058623],[5.908094463810896,51.13483570846989],[5.911562953381518,51.13179302124567],[5.913874475160487,51.13323518820965],[5.916386537615963,51.13045186009578],[5.914372392498707,51.12829653145048],[5.919405263006475,51.120239448037935],[5.926754754750377,51.113774033180206],[5.940500296790173,51.11432875082996],[5.9404261049784015,51.112693023077604],[5.948088822240462,51.11258139872008],[5.953350300388765,51.114525342853966],[5.954235227361746,51.11319949956757],[5.965329012813005,51.11844218644199],[5.972126291943914,51.11469441019096],[5.9760807766292094,51.117091361961634],[5.978488484502846,51.11584287362573],[5.9848067168962835,51.12065508464641],[5.997703618302694,51.11883659156579],[6.000765673492786,51.114136139151256],[6.013948249688176,51.117925543151706],[6.012823322366014,51.11680211591867],[6.021983157844592,51.11337132012549],[6.023974647600136,51.106635713516965],[6.0282138148930065,51.107155734627725],[6.03046913644262,51.10174135133696],[6.036490660659237,51.09658558363675],[6.020675524970418,51.0928383010553],[6.01757483442092,51.09457261377662],[6.014085768789142,51.09145911553944],[6.009523598934587,51.09084419875921],[5.996186028242346,51.083156567180595],[5.9884516980749485,51.07461389260955],[5.980293917836145,51.07231711966691],[5.981729622297874,51.069477902823515],[5.969978306042901,51.06070388971558],[5.970779728302725,51.05801754504085],[5.9681134220322365,51.05556219778479],[5.9703112894264185,51.05418546875002],[5.968228057960877,51.05107081523734],[5.969197714749393,51.04677218204183],[5.966900198544372,51.044137065324676],[5.957830011104946,51.0409810883872],[5.959467304826504,51.03823865914308],[5.957778218715741,51.03472609140077],[5.949801217692935,51.03696720174212],[5.938129406229757,51.03511724120751],[5.934607253543622,51.041229525448045],[5.926316549668267,51.04823095720662],[5.9187316406043715,51.06395283956436],[5.9132076941474505,51.06688302264001],[5.892000346864515,51.053127827859804],[5.866736904546123,51.051570418835276],[5.867285163871923,51.04627987501782],[5.878028126363006,51.03758349171812],[5.877000419017228,51.03204179399381],[5.855992856976936,51.02839069451594],[5.852614136176326,51.0293180981319],[5.849651010965095,51.03522773101485],[5.849116939774929,51.036537747881574],[5.852742776254735,51.038124330120375],[5.848526130070944,51.04632812208294],[5.841284894591643,51.04571635954605],[5.8352754147583115,51.04892955591278],[5.827251654394868,51.0475237551252],[5.823960468393731,51.07251055403606],[5.8196231012243285,51.07260986615809],[5.806934309029371,51.05757205059645],[5.80323336668214,51.05759473786971],[5.799338798814165,51.060071809731035],[5.801058494030704,51.064019600843494],[5.796620078137679,51.07182440893319],[5.804975080573944,51.078787340021805],[5.802565728400732,51.083020952075074],[5.796434170940814,51.086989228903036],[5.795439766673641,51.090715660102276],[5.800058135563496,51.094201565565314],[5.808257914421216,51.096339045930655],[5.822659395580918,51.09232431330629],[5.826850318596133,51.09324475395923],[5.837100298647415,51.10291871513707],[5.844679805972619,51.10526284178347],[5.849024936412984,51.10992290101059],[5.85131036636862,51.10911268181708],[5.872281558142596,51.13510866454552],[5.881568227847443,51.13483104677537],[5.882837531171726,51.13337581023157],[5.886615887262705,51.13500964208928],[5.897895073332558,51.1353152460084]]]}},{"type":"Feature","properties":{"i":283,"c":"GM1714","n":"Sluis"},"geometry":{"type":"Polygon","coordinates":[[[3.374784069511375,51.358140818429085],[3.363062215203803,51.37288053992475],[3.371986032029373,51.37526247427723],[3.372062362048664,51.37672202950815],[3.3751741952419563,51.376552717092345],[3.374802260514805,51.378047928132325],[3.3774511056760637,51.37770068016448],[3.3817201431347397,51.38049352002952],[3.4224817334670816,51.39141671169408],[3.4327452660332516,51.3925915630525],[3.4402504408882533,51.39118297333175],[3.4481006866556467,51.39194802540995],[3.4551762079411925,51.39484790489583],[3.477240918673146,51.398323749256],[3.4979907244392785,51.40420979333007],[3.5034599045675456,51.40783008365368],[3.5181780338925406,51.40906916366452],[3.541325061243306,51.4072663127835],[3.550924856177163,51.40599190260743],[3.5573851424889744,51.40292153432319],[3.5573393181006163,51.40081388395017],[3.5594190793506764,51.40604178984479],[3.6914697555368083,51.39761639852934],[3.6938143787209463,51.35247378509912],[3.68981466900528,51.35335068393944],[3.687845120827442,51.355576878701505],[3.6823863435755064,51.35527317241911],[3.682867085305819,51.353483221682644],[3.6593981908405437,51.35113526296016],[3.654196526386864,51.348390225548066],[3.647242164322403,51.35004875093809],[3.649599205136358,51.34273152989777],[3.6441490014893114,51.34183072774641],[3.653309821169521,51.33175006686851],[3.6579721570138872,51.33335050323122],[3.659991272399288,51.324886869770694],[3.663827731534959,51.32523888778431],[3.666204183523414,51.319811714134744],[3.6862836854338012,51.321598786402156],[3.7124087083816986,51.31579067617413],[3.7035824298552122,51.30994319284122],[3.7071433032262973,51.306636405275015],[3.70402960360856,51.30247915285468],[3.7059628860952625,51.30029150144772],[3.7065719337040197,51.28874687184622],[3.69809073142716,51.28501463901626],[3.7014184993125574,51.28267225575593],[3.6981812384800605,51.282714211666814],[3.6939337047768857,51.2760390470577],[3.6899323808862965,51.28060896502803],[3.677910769702831,51.28052668190089],[3.6767566937172855,51.28306462894956],[3.658100251417608,51.290188529997934],[3.644406077408257,51.29011085397414],[3.6408154720666785,51.28808585908728],[3.625710053344139,51.29333830059855],[3.62122787902525,51.29276510795667],[3.614730981482051,51.297726596544734],[3.590831945393597,51.30441657455829],[3.590017016370993,51.305952269497524],[3.5811128420842104,51.298321304227315],[3.587927919475313,51.29296046612458],[3.58338507070302,51.29225423855347],[3.5838795172899274,51.28888456968896],[3.581812050219996,51.286912514979605],[3.579756372115838,51.288864390759365],[3.576159447059456,51.28800713479031],[3.5719412808270294,51.29196347559724],[3.5626361240341335,51.295858466693204],[3.5597592172567607,51.295454692939956],[3.558056179066939,51.291193327155916],[3.5550442911128144,51.289635333973365],[3.543426645002127,51.29119776164675],[3.5381071501766734,51.28366517326114],[3.533665478719008,51.28348877779072],[3.5291297620276723,51.28874373144406],[3.5154148025414997,51.287150604053025],[3.5275941763670025,51.24604016013818],[3.448276481291753,51.24149252054114],[3.4323138300066254,51.245609363177806],[3.427478866333296,51.24465694179022],[3.4245986562376918,51.25420796277272],[3.41801186261919,51.257693393480196],[3.4168426724687873,51.26001008680586],[3.4114911621309765,51.256903186308925],[3.4075053145891565,51.25692020007576],[3.4031622733635856,51.262463171140695],[3.394643003543334,51.26531667298742],[3.3879793716934645,51.27319183568531],[3.376904350520004,51.276009415701814],[3.3754985069680923,51.27907904316634],[3.381826107691306,51.281996009102386],[3.3807962287281517,51.28696147337034],[3.370287028371496,51.291940422492274],[3.366697607925485,51.2957719397776],[3.366796258001029,51.299344023359495],[3.378079453001834,51.3026503499839],[3.358378188466541,51.31498142498522],[3.3853401480169265,51.33412486242038],[3.3835129948850566,51.341205007086295],[3.37407069278083,51.34850782511917],[3.374784069511375,51.358140818429085]]]}},{"type":"Feature","properties":{"i":284,"c":"GM1719","n":"Drimmelen"},"geometry":{"type":"Polygon","coordinates":[[[4.782449208038753,51.76656830745245],[4.785404000677875,51.75593280676903],[4.802501612709214,51.757586361847],[4.82808946660474,51.75378408777228],[4.8418813603353215,51.75668663625055],[4.851941431485717,51.75587968320469],[4.853047539341484,51.750168641822384],[4.84941144021719,51.74482723142259],[4.850230730707036,51.73857345517771],[4.846932049306419,51.73589559094742],[4.846937676100436,51.72552410795414],[4.836904720536366,51.71261186749594],[4.823610412282144,51.711288156416565],[4.830877388400205,51.69337293577222],[4.842367932538658,51.67965405063763],[4.795909842273327,51.66932442386665],[4.781071322458471,51.66390212339963],[4.794305107497028,51.64174057810219],[4.79663261314168,51.640907546832096],[4.76816821652589,51.628866398244234],[4.765686182985104,51.629140424849865],[4.764230316928859,51.6335432399588],[4.76066789036814,51.63633606308148],[4.737298222044187,51.64301415982392],[4.699059658383785,51.63807319591335],[4.695325499353441,51.64358795897949],[4.696863738666464,51.64713382412724],[4.692561833222884,51.647551837206954],[4.689170620539852,51.652418207318895],[4.696783856371537,51.65459278614479],[4.684902977827396,51.66636649615878],[4.70987909021061,51.673271736518615],[4.706625194643122,51.67675319067485],[4.7046056643988114,51.67632157083931],[4.70203056671327,51.67989381063323],[4.704534031496854,51.68050651652752],[4.697313555934669,51.68771751957831],[4.692818257712119,51.68167985230432],[4.681301046294741,51.68803209722729],[4.679190559977592,51.686435920486325],[4.673227622879931,51.68898686859627],[4.666889464371958,51.68644738668634],[4.659525569063125,51.69675557399726],[4.656511382781497,51.70729768426315],[4.65086538375877,51.71011199950189],[4.645136585867707,51.71906732877624],[4.676304224453292,51.724923654316186],[4.677286225315865,51.72011025689403],[4.698553146370754,51.72199205373025],[4.7218425457355435,51.73427192693956],[4.733650891911406,51.736507371902725],[4.737450756379149,51.74130040628725],[4.7473637358294365,51.74662248884683],[4.750726956914779,51.75228922552727],[4.760109857755556,51.75804494317234],[4.764199376566216,51.759857408583414],[4.772109349646178,51.75932964608703],[4.780230045029445,51.763966560047386],[4.7806542248140005,51.7664188956476],[4.782449208038753,51.76656830745245]]]}},{"type":"Feature","properties":{"i":285,"c":"GM1721","n":"Bernheze"},"geometry":{"type":"Polygon","coordinates":[[[5.533933148824267,51.7405349229595],[5.550296706323059,51.73645439522229],[5.560170220629847,51.732359747070696],[5.571219731522211,51.730940321590985],[5.580820204067891,51.7314981416012],[5.588982818477693,51.724980958781124],[5.600151767294421,51.708365951544906],[5.599167979753403,51.70703532643266],[5.595425424943811,51.70738118940666],[5.600588718364818,51.69657293373269],[5.596837465271081,51.69092255762779],[5.586864148276001,51.6830531767162],[5.573016259185947,51.67809010172007],[5.562239679420909,51.66315233800654],[5.5619663934622645,51.660777364350736],[5.564379249975876,51.6619088869827],[5.568910280612376,51.65956353056323],[5.571095790476958,51.65509591921147],[5.567409481247427,51.653507063495006],[5.570300301899191,51.65143425449014],[5.565359338287281,51.64836951179711],[5.542011804879058,51.64031070130777],[5.542236716328482,51.634537145722405],[5.533662662691395,51.635512801823126],[5.524396820712601,51.630438700095674],[5.504858903603261,51.636078488469884],[5.50562894819201,51.63325390392733],[5.497202498899053,51.62668598183614],[5.4677814296511205,51.64227981775461],[5.423389802273406,51.653783149467905],[5.428423739773396,51.65647169821115],[5.432586857093674,51.66416739071169],[5.4450347507804215,51.66424418419664],[5.458768414706118,51.692029387340526],[5.460326840732186,51.689651423805664],[5.469849787142932,51.68913675035162],[5.469401361478686,51.69126885940639],[5.471006151985334,51.6910682560402],[5.478291477064262,51.70143127431587],[5.483075004909705,51.70146358354386],[5.492385883838228,51.70610065847905],[5.499048196557736,51.707025261802606],[5.497706573969722,51.7117106060394],[5.484547155760202,51.71329753842073],[5.478697614753054,51.7238955346145],[5.480137047940024,51.724464025809816],[5.474244320989207,51.728964724071645],[5.5077062292182255,51.737821943758],[5.533933148824267,51.7405349229595]]]}},{"type":"Feature","properties":{"i":286,"c":"GM1723","n":"Alphen-Chaam"},"geometry":{"type":"Polygon","coordinates":[[[4.863018969752085,51.55718450923238],[4.864261137222291,51.5520201497009],[4.848468393466687,51.54301953752321],[4.834605914939129,51.53860015255124],[4.83679488423425,51.532770895007744],[4.829260987640292,51.52968943758471],[4.829576884622278,51.5279364571274],[4.841952360172437,51.52671327335107],[4.845060615666975,51.52848155760389],[4.844738939850339,51.53332770180018],[4.854563988114635,51.53392658775259],[4.866232444188278,51.53806660872477],[4.911062845099344,51.51008128916739],[4.956643641823415,51.51867660622656],[4.96257274719535,51.52586441652513],[4.96886144774361,51.52067764638472],[4.977595843506147,51.521651624701136],[4.9808687984025815,51.51863093079655],[4.984554602887184,51.51788212054942],[4.9824962002576525,51.51408805934794],[4.992421374350173,51.512294384646374],[4.985775986447163,51.499754548344974],[4.986739821643074,51.495329268656945],[4.994642971597448,51.49765069535959],[4.99675658005963,51.49677471745357],[4.99246643776991,51.493945539395135],[5.000363945174393,51.491862477253264],[4.997185872376659,51.48776694180287],[4.992942212649992,51.487623219711],[4.991637889742189,51.48618246275468],[4.9933910396628445,51.48547931077984],[4.987993347474779,51.48304473002894],[4.99917640692548,51.482015881308634],[4.999165150264735,51.479357055571576],[5.008338214409055,51.47329958871473],[5.015272493603253,51.47632935974569],[5.016667287882013,51.47524976137444],[5.010836011123252,51.47230743527149],[5.007974856797042,51.46678978673356],[5.007772974175219,51.462311926497314],[5.0104626311201015,51.45824440175502],[4.9764563168218094,51.4611408325399],[4.970077094470795,51.4587408918588],[4.966135033531969,51.45956036699345],[4.9588602875977825,51.458419679699574],[4.957197747615421,51.45989721835659],[4.9471621810296655,51.458568726938],[4.944662568760448,51.45679034876291],[4.940248707206029,51.45736620737579],[4.932121814014952,51.45921296947653],[4.917048258472353,51.46804097221936],[4.891294545658683,51.47821653678787],[4.883077286023023,51.47730833789028],[4.8717824070998,51.47982706508634],[4.861950008711649,51.47760973631331],[4.837649894118521,51.481955209852714],[4.824833097147279,51.48217987748957],[4.82096040073353,51.483221044512625],[4.817419114660942,51.4889917399194],[4.817569733389944,51.49292526976648],[4.813805199414954,51.495354354247205],[4.802422037496589,51.49751749948437],[4.797977120373534,51.49980485144237],[4.790866488290626,51.49815867106639],[4.783060983083052,51.499564224150326],[4.7809443993531895,51.50404555281294],[4.778787141676123,51.50448678069838],[4.773757551550326,51.50511446706623],[4.760023282352118,51.502372769551634],[4.753472065531727,51.505795758846226],[4.747029375103375,51.51536181996726],[4.748909301331472,51.51896145101379],[4.760185113356876,51.519308214505145],[4.764807659786828,51.524214085352945],[4.768632851018792,51.52512898754005],[4.77027308753593,51.52371163324418],[4.770060457974487,51.5273572938754],[4.794252964996826,51.53489711650541],[4.799902385153979,51.53538056954682],[4.801325993497114,51.53608344986382],[4.799329425566547,51.53705491209147],[4.813810594985732,51.54351481846927],[4.816373017617967,51.54248215282324],[4.814616614670614,51.54394439879232],[4.82106972963776,51.546647502998795],[4.822600476431808,51.545862491172635],[4.822086715605723,51.546831652077486],[4.830769544340817,51.55035180044594],[4.837396648694163,51.54951317252166],[4.839780208153974,51.55318577665767],[4.863018969752085,51.55718450923238]]]}},{"type":"Feature","properties":{"i":287,"c":"GM1724","n":"Bergeijk"},"geometry":{"type":"Polygon","coordinates":[[[5.417837627875194,51.38208757695622],[5.421801186826832,51.38340991444044],[5.425605652363045,51.379294694066324],[5.423505295810966,51.37509810124553],[5.418871173803635,51.37180738866437],[5.420981981711805,51.369299508446076],[5.419743519263436,51.358522060029266],[5.425196619346123,51.34526850977565],[5.421187199031183,51.33841366670236],[5.424290737898335,51.33075986466174],[5.43392267478239,51.32432076791401],[5.425799125566496,51.31199023030023],[5.419850671300727,51.318018350270044],[5.416487406586046,51.319391784321056],[5.413652544268744,51.318646455721755],[5.4128614563926085,51.320518133299174],[5.400719159167185,51.31350099755109],[5.397672510192253,51.31432058507538],[5.3942262828640875,51.308714150960284],[5.394866230097345,51.296271310544086],[5.392664977445393,51.29399001379857],[5.397202095237655,51.29062027513952],[5.387803627908679,51.28523890254573],[5.417411520766224,51.262285733279384],[5.346140321243237,51.275764391205],[5.342563491600807,51.2656766195876],[5.336475590112301,51.26306721446554],[5.315926551414537,51.26353727846556],[5.296153756794112,51.26148162698037],[5.263119766209093,51.266801783912605],[5.237914203075791,51.26135315205639],[5.225971944271806,51.26825975306523],[5.243969388838484,51.309387420697476],[5.25944885936078,51.31147731263762],[5.263410573610688,51.31928180330483],[5.292173747796754,51.31823746459037],[5.316672027456137,51.32338927450466],[5.322912971096942,51.3286339033051],[5.321158789216359,51.32956953221878],[5.324010015199154,51.33290245987546],[5.326141731376319,51.33189548977214],[5.347121311430506,51.3374531587837],[5.3419922326440155,51.34421792950891],[5.3469889124794285,51.347657482958375],[5.342587631427417,51.352671899450485],[5.348280380013074,51.35963189320148],[5.370496375265396,51.36931144004654],[5.378211478611633,51.36939360960598],[5.389450085116488,51.3770401655398],[5.394671693446759,51.37835760424673],[5.396540005252631,51.38083956367844],[5.408537020248599,51.37980650497074],[5.413481912345583,51.383905012436216],[5.417837627875194,51.38208757695622]]]}},{"type":"Feature","properties":{"i":288,"c":"GM1728","n":"Bladel"},"geometry":{"type":"Polygon","coordinates":[[[5.209881959349801,51.43429716065282],[5.215771331335029,51.43417995258242],[5.217571280615189,51.4304289644212],[5.223140699883286,51.42792126520512],[5.2235374718159004,51.425082795385485],[5.22938074453199,51.42547229365875],[5.237704668469462,51.42855890141303],[5.243380509050374,51.42548261992009],[5.244782511701541,51.42625394145219],[5.248775819157646,51.42255773792483],[5.272903677410831,51.40946999289131],[5.278386804794849,51.4086504097798],[5.2818979702866296,51.40436952398793],[5.290148979300667,51.404081177694394],[5.296115687518831,51.40772936366591],[5.302846748983603,51.40753094080396],[5.307196790378311,51.40625237402914],[5.313650096016296,51.399440915142286],[5.310444199171878,51.396055092168226],[5.310865873193638,51.39071499950397],[5.2892402721625125,51.388908537003736],[5.290408301824701,51.38610686751576],[5.2859154128515025,51.38446986163501],[5.279765765005116,51.37532882857907],[5.275298837043282,51.362722985611924],[5.285972549144433,51.33633888937328],[5.261355753906773,51.31747106843828],[5.25944885936078,51.31147731263762],[5.243969388838484,51.309387420697476],[5.241118496803023,51.30566501428791],[5.200255057774096,51.3226612190406],[5.204697767701756,51.32543850341929],[5.193865246387425,51.34522612091231],[5.196292849607601,51.34984214654268],[5.192339404370936,51.35073743816949],[5.191987885857878,51.35509195862635],[5.1919335579348,51.36163340494139],[5.197470528720941,51.362700887339514],[5.190604794774768,51.36622677233412],[5.192154582772067,51.3667884648684],[5.190659077943412,51.3719050836764],[5.183203494017032,51.3757848444338],[5.187987717869334,51.37451314502792],[5.188316799722883,51.377534415031164],[5.19697900941418,51.379464549403906],[5.200959368903295,51.39006597346803],[5.194770511430441,51.39985612654301],[5.190851536183853,51.41821087343437],[5.190769265373223,51.42974481951774],[5.209217708338876,51.43650054701961],[5.209881959349801,51.43429716065282]]]}},{"type":"Feature","properties":{"i":289,"c":"GM1729","n":"Gulpen-Wittem"},"geometry":{"type":"Polygon","coordinates":[[[5.923489398753412,50.84880421318755],[5.928238950355913,50.844460360446476],[5.929529755452707,50.84022970759772],[5.933003550194496,50.83966632474821],[5.946801692994137,50.84468630072359],[5.9548162163864164,50.8459241208535],[5.956946982335215,50.835842627039796],[5.955524071112067,50.83535370314363],[5.959453327620321,50.82808091063693],[5.9718457471751405,50.82122003400961],[5.969317960629787,50.816645622486405],[5.9795231614238675,50.81457637291102],[5.983518169388162,50.80972970118842],[5.9766808718276865,50.80336998036152],[5.969104250281123,50.80127230381542],[5.9648089253169685,50.80241864851263],[5.951629478660333,50.79378730082883],[5.945427338742327,50.79614649342743],[5.9420080905901695,50.79047912112198],[5.94491428002035,50.781609012065076],[5.943102423982476,50.772919575276845],[5.935929781111633,50.77146089595178],[5.929545624528195,50.77535650097917],[5.923850196894874,50.77524099601144],[5.921904959734773,50.77335420410829],[5.920541094274065,50.769333137397474],[5.925476158154708,50.76632194306065],[5.925059215524062,50.76365141039116],[5.930142862803264,50.762635939933055],[5.932151181963701,50.76084961161666],[5.9300940132945605,50.759040298142864],[5.9347104751846995,50.758494019875634],[5.935573449294159,50.7568497790835],[5.931063745990762,50.75694257516637],[5.92145018607638,50.75135747126741],[5.916220588673176,50.750450477595855],[5.913703496041022,50.755747739180364],[5.909009805272616,50.754218789812896],[5.90821656523419,50.75569604894503],[5.90485008057604,50.75522382521071],[5.901023134664192,50.75149430682608],[5.889738338170631,50.756327721913564],[5.889672103376565,50.764221154859946],[5.886476941773929,50.77015680839584],[5.876228064931789,50.76561626870957],[5.863126850441739,50.76337295905675],[5.852963487527901,50.75771377640168],[5.848919979315207,50.753407786959606],[5.842547136048305,50.77407686889661],[5.844243205875447,50.77455135995247],[5.838455584123724,50.78164954128023],[5.8352558200779425,50.78173773217785],[5.8339576452834825,50.784401552208614],[5.835886075741261,50.78668113172497],[5.832909872314382,50.786579846402326],[5.832597250305936,50.78863973720758],[5.827515509779676,50.790090692120884],[5.82174249081779,50.79621322897427],[5.819409555039414,50.80524158185422],[5.831718035043937,50.80877042223597],[5.8392394983761555,50.8075880341778],[5.845120856786359,50.81539811514538],[5.848733075336551,50.81491462961181],[5.852869564894168,50.817791922724254],[5.85117778776276,50.81917544901364],[5.853176327961965,50.82075125745682],[5.857648576201369,50.82033967298201],[5.864135531658882,50.823344331863176],[5.859460867489091,50.83368419508402],[5.866213589122336,50.838711814514646],[5.871002827656595,50.83829308203409],[5.870259080806645,50.836534943261796],[5.873951474285441,50.83792351805424],[5.877578746435432,50.841319043643466],[5.875245598547836,50.84707974361103],[5.887992574136321,50.847033705969025],[5.891244416159307,50.84274682486833],[5.898771662762073,50.843350898227705],[5.916169407788509,50.84881891188839],[5.923489398753412,50.84880421318755]]]}},{"type":"Feature","properties":{"i":290,"c":"GM1730","n":"Tynaarlo"},"geometry":{"type":"Polygon","coordinates":[[[6.515715201089673,53.19830815422828],[6.530491983815769,53.19555927784594],[6.534615872112803,53.1837899478388],[6.541743921218764,53.17861031104431],[6.548188306887992,53.1810976415763],[6.5541412307887486,53.1752875431166],[6.55949680382626,53.16910576036331],[6.563687464662464,53.15763837904983],[6.5815147032516865,53.1635844486475],[6.583572503014807,53.15786746942839],[6.58708933362297,53.156225962467566],[6.584521344773744,53.15350937119345],[6.5879642186510905,53.14543609050988],[6.599984478200962,53.14472353089778],[6.614400446062138,53.1355569619255],[6.613641278186042,53.13269429178648],[6.619019536527742,53.13155249943299],[6.621903682196945,53.12619480457426],[6.630830602446601,53.119211134041755],[6.628055955013275,53.115647023035926],[6.636597246780112,53.11284287735762],[6.6351107748940965,53.111460935467406],[6.6370863618232985,53.108300893559424],[6.634831637347477,53.10620213099907],[6.67060248382245,53.11651631243882],[6.695366931310974,53.12117601962403],[6.737450959414325,53.11946173347761],[6.776509378805005,53.09476066799282],[6.746407509407367,53.08608026158989],[6.745233125903571,53.08449837856149],[6.749251922099434,53.08374566721041],[6.7499917035915455,53.08164944568191],[6.713687195010497,53.06869692250524],[6.711432977592537,53.07011302367045],[6.699014672827335,53.065173570216984],[6.6924481567867256,53.070383714696085],[6.673293758314888,53.07931903517382],[6.657774204664144,53.084030263587444],[6.648855087208308,53.08218860429713],[6.649643917727617,53.07957721283939],[6.654091815118084,53.08002890763291],[6.654450390599494,53.07686757558199],[6.65550884513909,53.07804233427105],[6.659673788257147,53.07636460620724],[6.660035853800718,53.074389193355586],[6.662144996199872,53.075042286708324],[6.6620840927475085,53.072095801118735],[6.666306591751791,53.07212959519637],[6.664419751878858,53.06905481503176],[6.670175812211413,53.067285826948165],[6.6695612175128245,53.064851460264954],[6.671661564970289,53.06479071537755],[6.664473233991743,53.06151833512374],[6.666496577006563,53.05770246926718],[6.653751155347655,53.0555134006577],[6.642329809925236,53.04593219206875],[6.640517582767872,53.04172458831721],[6.6446584869889636,53.03938687839415],[6.648593308690604,53.026332531573544],[6.629125718425886,53.025778957446974],[6.603014571919288,53.033087380018415],[6.6063847240732185,53.03785720405058],[6.608096639778016,53.04852189943657],[6.601099083482995,53.06192059454322],[6.588077253831116,53.057999294332944],[6.586432289010583,53.059704162959235],[6.575804131882232,53.05918761334291],[6.57486768491201,53.05458119619199],[6.570097586403574,53.055005929333106],[6.569728463896965,53.05986247755756],[6.555213269570116,53.05860808815458],[6.556076143721648,53.05572650079188],[6.552730229749014,53.05514670211185],[6.55395576207991,53.05272769721724],[6.549995690286,53.047074948956954],[6.552552414095932,53.04317589233761],[6.5473067640445795,53.03506696631338],[6.533683243278683,53.03815626325948],[6.525141411966467,53.04627255786899],[6.510770900486777,53.04431379984121],[6.505130063317834,53.046354762038206],[6.511774560179453,53.05647003824205],[6.514515822093248,53.065379263969355],[6.513356409906921,53.07228029534013],[6.490094926004849,53.09772565345289],[6.484785147756851,53.10626589656345],[6.48029955741373,53.12078670570301],[6.498425335857881,53.123359388374624],[6.50089405135774,53.12057682097122],[6.512501767490179,53.12560446731232],[6.510929977696392,53.130693057514314],[6.539480885384672,53.13302798209319],[6.540037823059965,53.13903393516712],[6.536740005790774,53.14256872659112],[6.5383084207820765,53.14563433785191],[6.533915156373193,53.15192508812561],[6.537753640035455,53.156001628716076],[6.53785206138808,53.158441595561044],[6.534126069313812,53.16093317520429],[6.537440994371087,53.164458265083894],[6.536290285387993,53.16808353569783],[6.533535839551568,53.169214110351874],[6.535367570217334,53.17164240717793],[6.530392335857616,53.172398577312165],[6.521324658940297,53.18582759009776],[6.516454442375476,53.187734841751485],[6.517270339690254,53.19013032838042],[6.512009383514378,53.19621772053655],[6.515715201089673,53.19830815422828]]]}},{"type":"Feature","properties":{"i":291,"c":"GM1731","n":"Midden-Drenthe"},"geometry":{"type":"Polygon","coordinates":[[[6.4925792182064175,52.99307838690619],[6.49806083016793,52.99378096500575],[6.493658792312392,52.99232355447785],[6.499004414473288,52.99021579671577],[6.492244483533596,52.98420113884967],[6.496595240159248,52.98323938529033],[6.485502071932381,52.97298465128076],[6.495743245233532,52.968990539291774],[6.48755812704957,52.96120495511962],[6.493831407779164,52.95874732298394],[6.483947671068722,52.95017306659206],[6.493128117702769,52.94799589467625],[6.496971750733812,52.951566097330044],[6.519577255596368,52.942955739350595],[6.517622171930638,52.93976297537111],[6.527629661237857,52.935582028528785],[6.5309066021390345,52.93587233143925],[6.530398282793592,52.93386358918855],[6.535914707857127,52.93259056201623],[6.542997491741779,52.95533824051834],[6.565071298886539,52.94498077475141],[6.5858279832387,52.91945192500897],[6.614824897845728,52.91832654876214],[6.625450157739803,52.91281050955951],[6.666733854063197,52.909449377506796],[6.674985752011672,52.90501721027447],[6.68637393994688,52.875330797287425],[6.721860795764311,52.86631732355147],[6.719858125498509,52.8614888990894],[6.728628702589411,52.85396643224056],[6.719672523314412,52.848829747746095],[6.704053157505198,52.84697786246321],[6.707598132841414,52.83639223355252],[6.696025221571239,52.82661557095736],[6.694034878655138,52.82783430707956],[6.690002457152637,52.825962784067315],[6.688964840971508,52.82296671449805],[6.69401689497037,52.814502203679325],[6.691955331642616,52.80999967153112],[6.681183143746242,52.80773221528545],[6.6756140841727305,52.80032087954589],[6.678073752996247,52.79912157479877],[6.675143261064549,52.797125586063856],[6.66087938586851,52.80123262976068],[6.5874673957085,52.73568986442579],[6.557400032844668,52.74536491259166],[6.566385376739051,52.76557894827819],[6.537520918875336,52.765234282579335],[6.535367400703576,52.76810435615406],[6.512729038724086,52.76208433740209],[6.507609309026222,52.769103394161654],[6.505437366076841,52.768013266684115],[6.5032338670249805,52.76938968901052],[6.490669156012723,52.770884981961636],[6.496164256974736,52.7862246771669],[6.491805076652581,52.79312329882893],[6.455450745651411,52.800556499677235],[6.45938292897363,52.815420384826886],[6.461338765553061,52.81534609211193],[6.467341610425502,52.821460428635056],[6.480026132522016,52.83694436665031],[6.462667249218426,52.83867686373609],[6.461152870830569,52.84510436923755],[6.463150125349531,52.8488921597777],[6.460715920386821,52.853066145677225],[6.451273120970404,52.85001545780145],[6.430888055621213,52.85038542547661],[6.429210798615622,52.856440426970906],[6.434345007370122,52.85699324462315],[6.4314484754830685,52.86994596982311],[6.429296737161998,52.87311450080939],[6.427698027684933,52.872531528613905],[6.420205656804973,52.87791548730688],[6.422263475340527,52.88031385767536],[6.419992849125098,52.88232187715746],[6.381472141830571,52.88959573869369],[6.372084555290814,52.881363663326404],[6.372636136118333,52.875907417312995],[6.3688325294968395,52.87671794049799],[6.366554262653037,52.88166392942622],[6.373265585357713,52.89027440937477],[6.359556744241979,52.894530175029175],[6.3672210412119155,52.90339544080572],[6.370496013144312,52.90322738442082],[6.3778808265180365,52.90686528850658],[6.380991809450941,52.91215111786513],[6.383439057470282,52.911650554873184],[6.385590174623724,52.91367621619904],[6.3855500825785185,52.91554733568522],[6.369026189736019,52.921975630599434],[6.393435773033719,52.932843451792486],[6.4276147117430495,52.97181540451839],[6.4132798403918345,52.98552293178625],[6.488212022652605,53.00540528447664],[6.4925792182064175,52.99307838690619]]]}},{"type":"Feature","properties":{"i":292,"c":"GM1734","n":"Overbetuwe"},"geometry":{"type":"Polygon","coordinates":[[[5.829550298986273,51.960301546038664],[5.831344524301816,51.958535740015535],[5.8287705997438755,51.950040119229854],[5.829927593786026,51.945236941276946],[5.868500282628879,51.942184478682755],[5.898034377885093,51.93432633040622],[5.88952195878316,51.92526507032768],[5.896996833743063,51.92080966597451],[5.893057732683824,51.9161857819669],[5.894562151769205,51.9150580984034],[5.891199335093065,51.90726350517449],[5.8736644297347755,51.90845187048533],[5.8721423722152855,51.90200492838378],[5.875420845544852,51.90208355836869],[5.874738478697634,51.897570667177845],[5.856874247481114,51.89701173562025],[5.856435560685831,51.89455213020233],[5.830241263776213,51.89385681776587],[5.830198426057037,51.89172559637797],[5.835495806467225,51.88897984904454],[5.8377883592003466,51.8834340068855],[5.832813417221331,51.87843507645345],[5.835153814706908,51.87761901015737],[5.834076792638242,51.87565741918262],[5.831611239352107,51.87223199694858],[5.824079025904297,51.87297040866588],[5.817074833246209,51.87026538699617],[5.800484857809298,51.87535585918463],[5.773357328941483,51.87864136938199],[5.749515646624087,51.883830272307286],[5.7293076779247505,51.88646655554606],[5.706659394637873,51.893291570373236],[5.7110026089838355,51.89677392719437],[5.706357918587069,51.89798877957662],[5.7081427444496144,51.90124910750077],[5.705317717378469,51.90403606715949],[5.705937929203732,51.90822317944018],[5.699790015862975,51.9142535269935],[5.692195462117489,51.91839510096486],[5.6962776189433235,51.920852241946385],[5.681211004587951,51.91831969939047],[5.676009267415771,51.92111496903006],[5.677630644922445,51.924287633047065],[5.675810022255675,51.9261531913183],[5.678434802383877,51.9291046249809],[5.684454045891943,51.92980006400404],[5.689810572403082,51.93249243021719],[5.696322305148804,51.93125112814151],[5.693030692743425,51.93464753709338],[5.688771812230713,51.93514033608164],[5.670931643212371,51.9305452928382],[5.660350945227319,51.929612230180545],[5.659618771123149,51.937081920843646],[5.667758571678376,51.93889180708367],[5.665722679584466,51.941404962868084],[5.663137943486053,51.940711756204806],[5.661144287480583,51.94360734481121],[5.654345302852644,51.94141127547309],[5.653183345702078,51.94302637939273],[5.646322705487793,51.94109092453043],[5.650452146417735,51.9474707624827],[5.654801294472321,51.94654448640328],[5.679153617077701,51.958484250017136],[5.7236080785143955,51.96422461829288],[5.729733206834781,51.96763010938313],[5.7416103009003585,51.970112856724825],[5.747875812993512,51.969608821754704],[5.7721508945163515,51.96016316696922],[5.780751004697076,51.959004860297036],[5.818659283817978,51.97197222256261],[5.83534264265589,51.973558730674796],[5.835295386227508,51.96441801726727],[5.829550298986273,51.960301546038664]]]}},{"type":"Feature","properties":{"i":293,"c":"GM1735","n":"Hof van Twente"},"geometry":{"type":"Polygon","coordinates":[[[6.694647818924661,52.308600061414346],[6.702017139103212,52.30785161030356],[6.711350042351666,52.30406426335983],[6.744782038628982,52.28138032156459],[6.7486951843862055,52.274199627644364],[6.747904961376012,52.26686608196499],[6.752959513529014,52.252369564971765],[6.724193894979236,52.25270716108526],[6.719616355299466,52.24861669795609],[6.71792671909019,52.24351424787248],[6.720055391456718,52.24374225375705],[6.720936613016072,52.2380853182128],[6.718663592363805,52.237910634680155],[6.717087849393031,52.240980501381266],[6.712139723129747,52.22602899972747],[6.702039140199634,52.216821555220136],[6.712387769380825,52.20633143674522],[6.703469001775584,52.198527939346235],[6.697494106204357,52.196247971469745],[6.672050451379345,52.1981867215871],[6.624347347962149,52.188908102914894],[6.634453815574848,52.18595521215026],[6.647294074271128,52.17689528619385],[6.640280133406037,52.167405144709356],[6.634861616617717,52.17216467771541],[6.630545082898777,52.173599511639324],[6.6291010151526875,52.17203267283076],[6.625154015932479,52.17210214242819],[6.62495223257992,52.168649830452225],[6.621692081113892,52.16841701817664],[6.612147210617396,52.16316630736095],[6.606750442889804,52.16501785311648],[6.602851340273967,52.16912131517127],[6.606326837727784,52.173082445964866],[6.590415083750852,52.182463522403324],[6.555349475041282,52.17725556791104],[6.514163382000038,52.18131135443276],[6.492401142889908,52.17737186794494],[6.490646947832817,52.179862980622055],[6.479153589603813,52.18229007220593],[6.469998981177928,52.19269047161279],[6.470293355005487,52.19937358944213],[6.457287062023637,52.200964660574485],[6.454875514681724,52.202377702238145],[6.44891337929032,52.21069508354907],[6.431676113940426,52.22113843625618],[6.416807357269936,52.2371263430218],[6.41642223102563,52.24216635588764],[6.4262261785321435,52.24886242794699],[6.428486124447999,52.248203295069864],[6.431821273132992,52.25090151727016],[6.429684607678448,52.25169802879544],[6.461796928844793,52.26340334018416],[6.477157291525938,52.27192047995294],[6.508705140295388,52.28084641306244],[6.522542477024116,52.28343134422169],[6.541546586780793,52.28226669448979],[6.554008648642582,52.28331296398641],[6.568191365772273,52.270143698125686],[6.5753264556650075,52.269116179652755],[6.595148418842212,52.27119855511506],[6.605363055906358,52.270688858876355],[6.626066254974583,52.289973951632135],[6.657519788379565,52.294854308682964],[6.684777800012256,52.30663121661902],[6.694647818924661,52.308600061414346]]]}},{"type":"Feature","properties":{"i":294,"c":"GM1740","n":"Neder-Betuwe"},"geometry":{"type":"Polygon","coordinates":[[[5.648922548539771,51.95400129571109],[5.665988992928335,51.95279947993412],[5.654801294472321,51.94654448640328],[5.650419185559837,51.947453084514855],[5.646333883388573,51.94107232113579],[5.653183345702078,51.94302637939273],[5.654345302852644,51.94141127547309],[5.661144287480583,51.94360734481121],[5.663137943486053,51.940711756204806],[5.665722679584466,51.941404962868084],[5.667758571678376,51.93889180708367],[5.659618771123149,51.937081920843646],[5.660350945227319,51.929612230180545],[5.670931643212371,51.9305452928382],[5.688771812230713,51.93514033608164],[5.693030692743425,51.93464753709338],[5.696322305148804,51.93125112814151],[5.689810572403082,51.93249243021719],[5.684454045891943,51.92980006400404],[5.678434802383877,51.9291046249809],[5.675810022255675,51.9261531913183],[5.677630644922445,51.924287633047065],[5.676009267415771,51.92111496903006],[5.681211004587951,51.91831969939047],[5.6962776189433235,51.920852241946385],[5.692195462117489,51.91839510096486],[5.699790015862975,51.9142535269935],[5.705937929203732,51.90822317944018],[5.705317717378469,51.90403606715949],[5.7081427444496144,51.90124910750077],[5.706357918587069,51.89798877957662],[5.7110026089838355,51.89677392719437],[5.706659394637873,51.893291570373236],[5.692159351975221,51.895520799394],[5.666947738768072,51.8956708417383],[5.63486113468528,51.899112843929224],[5.5990866397736445,51.89912097426977],[5.567059294963149,51.901803561382096],[5.547263154315171,51.89962323655544],[5.5243614329569,51.89269216367916],[5.509031155909997,51.88984487428811],[5.463916747534598,51.88900895130701],[5.45552579350618,51.90456207975919],[5.472451037580072,51.90806887858514],[5.472151329755521,51.911716597497744],[5.470519431502818,51.91142479568032],[5.467126776061833,51.915156054192316],[5.469730130633304,51.919877742004815],[5.461643750183342,51.92162077138988],[5.453922446735687,51.92051725762424],[5.453384518782056,51.922761362438195],[5.464898823786617,51.92389461082781],[5.4765272257774225,51.92086977607072],[5.490896130554108,51.92474451328385],[5.487839720307547,51.92293720115044],[5.489014826754783,51.92101910976355],[5.486866782459121,51.9210373215664],[5.486421373960872,51.91893458201397],[5.489276035505537,51.918299413895916],[5.493557130412947,51.918506593009276],[5.498382953171113,51.92311700534641],[5.505294738768021,51.9239264325507],[5.512804242739396,51.921340247772164],[5.547705750786351,51.921647073454444],[5.551748998813707,51.91779486709185],[5.5568367421641565,51.91920809635254],[5.553876700369385,51.92295930078686],[5.554139200830919,51.934272517596774],[5.548441143484183,51.93425274161152],[5.539959019779847,51.937064935751295],[5.533880923563512,51.94348162233788],[5.549444824212667,51.94230243427059],[5.560695591431822,51.9440566956977],[5.566577905104368,51.94166838499969],[5.571871962636049,51.94153656566771],[5.584560919952837,51.947402547588375],[5.586616588900695,51.95082895172276],[5.605782326886471,51.94315971294852],[5.619061497171333,51.94132495638234],[5.628916371050788,51.93667266984656],[5.634168555808666,51.93641107208308],[5.639912393764988,51.93850206620161],[5.649621648432056,51.95002118606775],[5.644038525583361,51.952214368126306],[5.648922548539771,51.95400129571109]]]}},{"type":"Feature","properties":{"i":295,"c":"GM1742","n":"Rijssen-Holten"},"geometry":{"type":"Polygon","coordinates":[[[6.499109600615114,52.32353087707838],[6.517908495808981,52.325174438827865],[6.52313763309835,52.32383358527316],[6.524877577047353,52.32567694028349],[6.535841020378772,52.31564056533796],[6.545089039670371,52.318375271255654],[6.55109572655818,52.308295786554694],[6.553533397538598,52.29699931885107],[6.549962794585585,52.28780197373822],[6.554008648642582,52.28331296398641],[6.541546586780793,52.28226669448979],[6.517263936517439,52.28304786797585],[6.48525960627163,52.274606460022646],[6.47207717274013,52.269719162370095],[6.471001527178724,52.26768604138413],[6.461796928844793,52.26340334018416],[6.429684607678448,52.25169802879544],[6.431821273132992,52.25090151727016],[6.428486124447999,52.248203295069864],[6.4262261785321435,52.24886242794699],[6.416405284022368,52.24214646839016],[6.402618867132422,52.24327171397785],[6.390660671501822,52.24250283497568],[6.3834108301583266,52.24401581068415],[6.376720991884314,52.250210270651195],[6.377317063498713,52.25432595216909],[6.374796288633331,52.2560672909258],[6.377222496838593,52.25664860713544],[6.377194266032213,52.25893796050221],[6.3728973964586775,52.26100040463973],[6.370775294065836,52.260006455354386],[6.356718043031462,52.26812824082433],[6.3553762566645275,52.26726567965789],[6.352842968838522,52.268350484143554],[6.354883859190805,52.26920124675533],[6.3520204787499335,52.2708892977982],[6.350831526001224,52.26925391774732],[6.348856792448566,52.26989183602183],[6.350066217795176,52.27176002720318],[6.328842020201605,52.28110297789947],[6.326529856817109,52.301631542819926],[6.356015674559065,52.31821878862476],[6.421896015773631,52.32569000369076],[6.460919870755789,52.32005861769908],[6.468189491133352,52.32646224964116],[6.499109600615114,52.32353087707838]]]}},{"type":"Feature","properties":{"i":296,"c":"GM1771","n":"Geldrop-Mierlo"},"geometry":{"type":"Polygon","coordinates":[[[5.59049566616079,51.45777121484601],[5.592821849671428,51.458340344614776],[5.597034344876512,51.4564971693076],[5.601005124238884,51.45217041168288],[5.603412568324391,51.45399036280151],[5.608817930785303,51.4516984782294],[5.6080569565400795,51.449716772590584],[5.61451271308835,51.450044245708355],[5.614519990165894,51.44901251742685],[5.643406849801465,51.45613430128873],[5.65646818429399,51.45655961275303],[5.6533076653781045,51.44638526476048],[5.648265746740688,51.44150689230008],[5.643623790727691,51.44019261723497],[5.639015503857046,51.42245648775443],[5.59645295553328,51.417859824216954],[5.567711150971248,51.40823955687007],[5.5658602707688765,51.40729855033971],[5.566737360850139,51.40559172845716],[5.564166952925215,51.404783863932025],[5.560778718947693,51.40616004618406],[5.543751109734233,51.40466533490628],[5.544813770136138,51.403136360407395],[5.5258149508499885,51.404697141155914],[5.525202392340998,51.427990323166426],[5.5306488707731765,51.42720960199213],[5.531813727647607,51.43200809759589],[5.541115093551441,51.43151180848293],[5.56616458957106,51.44148392874969],[5.584708455577959,51.460509021690065],[5.59049566616079,51.45777121484601]]]}},{"type":"Feature","properties":{"i":297,"c":"GM1773","n":"Olst-Wijhe"},"geometry":{"type":"Polygon","coordinates":[[[6.157680763192543,52.453541035372005],[6.177428105846505,52.431149255780895],[6.1910580661282495,52.43268985838064],[6.190762262283505,52.43075503974329],[6.192585674862124,52.43096356789236],[6.1934934479168415,52.4283242136156],[6.196585734719159,52.427110533756235],[6.20636738954331,52.42823082576798],[6.2083417612708045,52.42781554079822],[6.207679678257744,52.42551699719968],[6.230958353338639,52.423499588127285],[6.2215785449572,52.40908891526773],[6.231232948311217,52.39787950731002],[6.232120027770507,52.39331292811998],[6.229883703057887,52.389843528771316],[6.2184464161442135,52.385270436858406],[6.20398766587166,52.38689911620662],[6.2023545715204245,52.385180025502585],[6.207813683941471,52.38327487793499],[6.201606781114803,52.38350773603844],[6.201020374768164,52.380304215333],[6.198685258535115,52.380429371520535],[6.203683132996395,52.37828680291282],[6.203306031467337,52.37626600879973],[6.199944293824376,52.37480982499006],[6.20133716260137,52.37139477618427],[6.189455840168846,52.3757458877199],[6.188505845567715,52.370581513161206],[6.1888068514074766,52.36442680431875],[6.196213035578188,52.35861337117563],[6.19685891554254,52.35211164508178],[6.222961222612407,52.34723670863161],[6.235665254499444,52.339902353279875],[6.231878433775749,52.33561284605214],[6.23248269891828,52.32960705570296],[6.235842527108202,52.32838918804801],[6.235355002389291,52.319820196160066],[6.206487481095185,52.32112185907802],[6.199492307935553,52.31587871840004],[6.181550917316813,52.314857206045296],[6.182176125056569,52.3089108426317],[6.170271120028633,52.30878482398924],[6.110163826838686,52.29772623792659],[6.102615519964073,52.301118767561285],[6.087933699978158,52.300390589797026],[6.084126415441064,52.301567452610584],[6.082927740806253,52.30712015668778],[6.084780444752093,52.31174086337949],[6.080990106828589,52.311902481197635],[6.079821656467099,52.3175944196291],[6.071783148371345,52.317189017456585],[6.066525113442974,52.31780911589206],[6.066190754262768,52.31893850116066],[6.0671126746276345,52.321267171837675],[6.070705681127363,52.32188190334933],[6.075632416596174,52.33330016568854],[6.074046476686104,52.33447893059707],[6.076764146943623,52.33865076415406],[6.076070121518018,52.350570298052425],[6.078009886303573,52.35242643552651],[6.087240506081969,52.35389000315799],[6.094857435703869,52.35696798766571],[6.0903142998615305,52.3606054003735],[6.079093839671735,52.362873064459244],[6.07796547004475,52.368568335567964],[6.082880529398288,52.37220356684995],[6.114248597787739,52.37738292095282],[6.122215529917851,52.38020574870647],[6.126005477584944,52.38452107328572],[6.125326983843169,52.39295273746815],[6.130552875196124,52.39997815956865],[6.127579241921498,52.39961730855057],[6.119064764688598,52.40264187870195],[6.114939900995041,52.40693644809138],[6.110774466522659,52.40774724203253],[6.114741107367244,52.41425560777326],[6.113871946042748,52.41985326001034],[6.118244868994613,52.426643846045245],[6.116385034760691,52.43019943442386],[6.1194721304307125,52.43291792185593],[6.10958001924205,52.44053073203162],[6.120608242198012,52.4423142606482],[6.137141138849689,52.44075849555854],[6.139991301408162,52.44190965635168],[6.140639578737834,52.44456638300912],[6.147676425534313,52.44444114452902],[6.154914840062769,52.45318302991181],[6.157680763192543,52.453541035372005]]]}},{"type":"Feature","properties":{"i":298,"c":"GM1774","n":"Dinkelland"},"geometry":{"type":"Polygon","coordinates":[[[6.993907087541896,52.465485410045545],[7.005063239233413,52.44535833263212],[7.01078242082541,52.429136585536575],[7.021989739128466,52.422984155731385],[7.0360739904439935,52.402662610004974],[7.051655842033787,52.39992482313222],[7.055319652468932,52.40103359585361],[7.058728208940166,52.399410244509475],[7.058517671727442,52.39619143658022],[7.064021428655666,52.39032829997107],[7.07220471104086,52.37280253009773],[7.007829778726991,52.3638250676637],[6.985429451413876,52.37222426701102],[6.970930300070461,52.379859558025444],[6.962668708958833,52.36338663251021],[6.970259189440624,52.3487665183078],[6.961638300659236,52.34711674773621],[6.952843361463186,52.340350237514635],[6.951140818887717,52.33795956988538],[6.9535834220900385,52.33397348000025],[6.931905346477884,52.332755610740506],[6.93096936408197,52.32945961524595],[6.9116645036163735,52.330690642496684],[6.90064601045365,52.33346019572311],[6.894804364651165,52.324977144768965],[6.886199608402589,52.322311088126646],[6.884299126156438,52.318407414468595],[6.879868627956725,52.31901438435416],[6.877338145546914,52.31223574755181],[6.869340394324488,52.3121192634293],[6.866540345370218,52.30741610558901],[6.861349349397155,52.30636686701348],[6.859817404387632,52.29863287176752],[6.874930725672464,52.296848669016605],[6.879902356774196,52.29371917918565],[6.889480283011298,52.29246697261823],[6.894497511106033,52.29353813091614],[6.9121203348274545,52.28549311979815],[6.8953640871316,52.2838408660289],[6.8895670562342435,52.28097800728123],[6.887811489029311,52.28345212841363],[6.883207436603391,52.28317056594942],[6.880020300068275,52.28140405418319],[6.881358177803778,52.27937917742343],[6.876494926146922,52.274724797569554],[6.868327344013463,52.272961771719764],[6.840491568061287,52.276311538857584],[6.847570008000388,52.27858385033823],[6.84576073508234,52.27975897399168],[6.852049110497921,52.28212049562768],[6.850304378912417,52.284131502954025],[6.852376398682307,52.28522834102008],[6.84637499548051,52.291401983685475],[6.827901944633173,52.2948623111671],[6.820516716805137,52.29842804933554],[6.81923710442185,52.3014483213174],[6.825691459936551,52.30640012469487],[6.823336198297841,52.30875952377472],[6.80933479711946,52.310362865149315],[6.8078158814640455,52.31309122932074],[6.785148996506045,52.31736996807161],[6.785902660154254,52.31822960052456],[6.7738418486016565,52.31891057726179],[6.7590353556461045,52.33206060358526],[6.760577184558753,52.34194281687585],[6.773978609137949,52.34656327904378],[6.77832238889237,52.35021211335116],[6.783399481849871,52.36011592012864],[6.806833427969383,52.3622174723142],[6.817683340488587,52.36509750318608],[6.835792824242,52.36262471273071],[6.851789007076849,52.362168682966804],[6.855673742696127,52.36028772724544],[6.863584541007227,52.36373120397068],[6.862338191937319,52.40781615471796],[6.851494893428788,52.41458221182288],[6.853410848731271,52.42706230633022],[6.897115919986283,52.43281542674198],[6.928525350787237,52.43414836364892],[6.949223997470698,52.432864780078184],[6.947300376030116,52.4366214186666],[6.962188172560664,52.44398312353488],[6.977533759249394,52.4656807577718],[6.987623218667992,52.469766798612675],[6.993907087541896,52.465485410045545]]]}},{"type":"Feature","properties":{"i":299,"c":"GM1783","n":"Westland"},"geometry":{"type":"Polygon","coordinates":[[[4.196412806845105,52.05556212121577],[4.1988535445771324,52.050002364140916],[4.21243434652849,52.03403306058244],[4.209584526712668,52.03365469769887],[4.212292221091481,52.030711628327666],[4.219226713610053,52.03373678308371],[4.2283262557755465,52.03464209943979],[4.235014721699128,52.039294994089374],[4.248217103039813,52.025225799620515],[4.272662683006637,52.035917129800275],[4.281710779096897,52.02743099357323],[4.285249861231385,52.027422329417575],[4.2882545497044084,52.02375763246747],[4.286733718543811,52.02298458824674],[4.294344584596398,52.01935865392019],[4.289736089014445,52.01764781836419],[4.295512149142487,52.01484843665463],[4.301075365238798,52.01786895588191],[4.302664062132456,52.0164880531381],[4.307638585447399,52.018151363570915],[4.309819262190722,52.01563404293073],[4.265245175591531,51.99583619219708],[4.266881988458411,51.99332580766363],[4.280321641218457,51.99034746626421],[4.284089976312477,51.98564098512749],[4.288683786308265,51.98882526571075],[4.291914333298904,51.9829697536878],[4.295629463605859,51.983597125519324],[4.296324599109035,51.981764781578676],[4.2987664174922955,51.982106961414246],[4.3031432659556375,51.97990015581098],[4.287553461419419,51.973355372334474],[4.289350873281092,51.97187101539842],[4.285091555929953,51.96988958144401],[4.280315034436562,51.97145140779224],[4.2781610625938855,51.97043317858736],[4.273224691373308,51.97364302872667],[4.271455776432079,51.969859905115285],[4.276537430237573,51.96505398101264],[4.263448572835154,51.96009359939951],[4.253629040090369,51.95886675183396],[4.233957386689141,51.95333139132485],[4.23409928604267,51.94973535898795],[4.241270314560921,51.94370839910088],[4.24021583075376,51.94285315098056],[4.236941035635554,51.943929673032585],[4.231767021941107,51.9429223571071],[4.228292031206155,51.94799150611368],[4.219802892571483,51.94138346494934],[4.217823718135485,51.94163667629677],[4.192396037874331,51.95480594329502],[4.186723852735901,51.96267591848941],[4.190608816413088,51.96598162456799],[4.187163941880206,51.9656581217405],[4.18749279700974,51.96683701895967],[4.175898189624858,51.971693793045965],[4.155062571849471,51.97783806176175],[4.155348666716927,51.97970746868319],[4.147280705214043,51.981393287753264],[4.1509716872216575,51.98763620249546],[4.135688022794809,51.992635531519824],[4.1309872632675875,51.997179321116356],[4.1325176325520525,51.99854260041824],[4.118589081338691,52.0045276304607],[4.110164076379415,52.00443650749611],[4.119965276106586,52.010655039182566],[4.14363354159464,52.031762065574455],[4.18499842032111,52.061450722866034],[4.196412806845105,52.05556212121577]]]}},{"type":"Feature","properties":{"i":300,"c":"GM1842","n":"Midden-Delfland"},"geometry":{"type":"Polygon","coordinates":[[[4.325803952653488,52.012779306008305],[4.325470717137556,52.01086923656867],[4.32021774364528,52.00806545055002],[4.323244422649516,52.00433561706575],[4.332655693710818,52.00788284378681],[4.336370856618917,52.004753185495],[4.338453228594193,52.005690738381105],[4.341142501387763,52.00271036580887],[4.335834291993373,52.001055318055535],[4.337716916160315,51.99880248570531],[4.331525001456555,51.99785217618076],[4.333109543119163,51.993171802066016],[4.325732345045039,51.99195122975733],[4.324111927999938,51.989858608920756],[4.331855203199665,51.984489733468294],[4.332723642160796,51.98045665454188],[4.338227325474537,51.97417772014625],[4.356625881653519,51.977296261325094],[4.359540232621846,51.970135401724214],[4.368173839480566,51.97158176353248],[4.369175464885074,51.96887047011902],[4.38630287908715,51.97221405602558],[4.383622482911962,51.97581587188436],[4.393809811972044,51.977503480375816],[4.403037936995831,51.96644984016388],[4.393564127657642,51.96247163927178],[4.389779413904299,51.96512640571801],[4.363509808788772,51.960870593158184],[4.3670711794889785,51.95521991215542],[4.338619640828805,51.94807099176517],[4.323873471912231,51.94164000960154],[4.322893206019209,51.94271224138936],[4.292611009228445,51.92123632368477],[4.270470498976291,51.92357584745948],[4.261048918004099,51.92668151588496],[4.240317159264876,51.94287211744802],[4.241270314560921,51.94370839910088],[4.23409928604267,51.94973535898795],[4.233852758521523,51.95317106218669],[4.253629040090369,51.95886675183396],[4.263448572835154,51.96009359939951],[4.276537430237573,51.96505398101264],[4.271455776432079,51.969859905115285],[4.273224691373308,51.97364302872667],[4.2781610625938855,51.97043317858736],[4.280315034436562,51.97145140779224],[4.285091555929953,51.96988958144401],[4.289350873281092,51.97187101539842],[4.287553461419419,51.973355372334474],[4.3031432659556375,51.97990015581098],[4.2987664174922955,51.982106961414246],[4.296324599109035,51.981764781578676],[4.295629463605859,51.983597125519324],[4.291914333298904,51.9829697536878],[4.288683786308265,51.98882526571075],[4.284089976312477,51.98564098512749],[4.280321641218457,51.99034746626421],[4.266881988458411,51.99332580766363],[4.265245175591531,51.99583619219708],[4.31928966231597,52.0199168279569],[4.325803952653488,52.012779306008305]]]}},{"type":"Feature","properties":{"i":301,"c":"GM1859","n":"Berkelland"},"geometry":{"type":"Polygon","coordinates":[[[6.591077339699569,52.18226363984501],[6.606326837727784,52.173082445964866],[6.602851340273967,52.16912131517127],[6.606750442889804,52.16501785311648],[6.612147210617396,52.16316630736095],[6.621692081113892,52.16841701817664],[6.62495223257992,52.168649830452225],[6.625154015932479,52.17210214242819],[6.6291010151526875,52.17203267283076],[6.630545082898777,52.173599511639324],[6.634861616617717,52.17216467771541],[6.640280133406037,52.167405144709356],[6.645040703464933,52.174194259115616],[6.671338907564905,52.16568320094311],[6.674280132701963,52.15853791767538],[6.6703514165035545,52.1564241630658],[6.67346897131571,52.15497235388478],[6.673819394024368,52.15210362891797],[6.671309221974578,52.150458116089354],[6.673748238858934,52.14828660373332],[6.67439481778745,52.14277446669794],[6.662398926770202,52.130167437208144],[6.677690598255988,52.125958955618295],[6.697810023463406,52.12355367378119],[6.716272364223483,52.11827040942191],[6.760572333436834,52.118779937584975],[6.755264915987925,52.095241383869755],[6.750284206310167,52.09577816073008],[6.744501400575696,52.093090360219534],[6.750923465113642,52.08503644810822],[6.7354706010474,52.074633961311015],[6.694662802447379,52.06980044726905],[6.696867694110921,52.0673437210722],[6.6958738160754745,52.06426501720929],[6.689570625557816,52.05645302291988],[6.686806775840938,52.05551876298171],[6.68798118002994,52.04436544078784],[6.66180124662351,52.0515979322225],[6.663808132771886,52.05770541291725],[6.6589706935744255,52.063041284819896],[6.651138247397726,52.0635991979599],[6.646838918715599,52.065410731517815],[6.643208532852912,52.06020467692653],[6.638683896046122,52.06059188890319],[6.636473333012257,52.05664664780969],[6.631479527426659,52.060498145185775],[6.635354663044764,52.06081380862491],[6.6369447828411365,52.064326434993156],[6.6239323638179615,52.0635914109417],[6.613085700833422,52.06804032000789],[6.606118702013737,52.06511715080919],[6.605592283383149,52.05182667231477],[6.596588124479158,52.04724896259895],[6.596237948533025,52.04281925203026],[6.59073995184022,52.0415724865441],[6.590028355215076,52.03905372876597],[6.571712403912295,52.03043184577781],[6.538988898775381,52.02519718995062],[6.517287730449648,52.04241449309044],[6.514828323793864,52.04049363594416],[6.508706909215144,52.04426627432034],[6.499595783882689,52.03582035884731],[6.494297253372925,52.037851314392505],[6.487909221760615,52.03230677097929],[6.48667042623316,52.03393337059631],[6.483385549128154,52.03134709310939],[6.480071335526037,52.03294824911205],[6.464946973922918,52.02060098970347],[6.438065606589088,52.02514935347421],[6.437767776466001,52.02659695704935],[6.440026953676323,52.027147915886296],[6.432451390893692,52.03507295873865],[6.434948165168478,52.034771480606686],[6.433752673568105,52.03794699173535],[6.430798885672813,52.03862905216852],[6.432682335522157,52.04055736908912],[6.428609506250607,52.041116164860334],[6.427191889198746,52.04319024532071],[6.424536708925281,52.04244679796357],[6.423734290082403,52.044018956253645],[6.425712583664631,52.04479199039674],[6.423237163351506,52.04748120454437],[6.420363314637767,52.046458104726185],[6.415448346961499,52.05082573760751],[6.4132231780457385,52.06261751115723],[6.406674518117393,52.076848270566714],[6.402895917783386,52.07915380378253],[6.400538852022647,52.08381104214542],[6.402890753247905,52.0880227664214],[6.411559720442604,52.08950157518318],[6.413393100950723,52.088279666219],[6.423638732686029,52.09678350116127],[6.444885071738481,52.106196105365555],[6.455204917713473,52.107980151544176],[6.46013310204599,52.106738362310985],[6.4614635095128765,52.104026318329545],[6.46768497691707,52.10647727363098],[6.470497863488279,52.10585271169253],[6.470185986275076,52.10424767963731],[6.473244028774071,52.10406155862752],[6.473012696588657,52.101868423529965],[6.476892284591916,52.10042147174728],[6.479161155840464,52.101303474127256],[6.482002486151187,52.10592273002434],[6.481476264651817,52.11139292393397],[6.4913488519903515,52.1200009438741],[6.48966527339914,52.12054647037627],[6.4919980146562475,52.125283193539374],[6.488304688315148,52.126902664553086],[6.486518746877379,52.131936691903086],[6.488518332616605,52.134242601129664],[6.4837927845533345,52.13716194738765],[6.481292812416252,52.14242889009744],[6.473431827201669,52.144610200030066],[6.474653771110365,52.14332637800859],[6.471611438137571,52.143069277399135],[6.470711103261467,52.14640655197971],[6.466624912888457,52.14727379616027],[6.466519422378601,52.14963964378332],[6.4624324688245505,52.15040161587491],[6.463382691298053,52.151463519964],[6.461404343635729,52.152143057133266],[6.483787989722162,52.15719941375842],[6.49302626661,52.16952561617082],[6.494372830807425,52.17318991117973],[6.492401142889908,52.17737186794494],[6.514163382000038,52.18131135443276],[6.555349475041282,52.17725556791104],[6.591077339699569,52.18226363984501]]]}},{"type":"Feature","properties":{"i":302,"c":"GM1876","n":"Bronckhorst"},"geometry":{"type":"Polygon","coordinates":[[[6.35772120492343,52.135526745309235],[6.361215727798743,52.126782280659434],[6.368791109367932,52.12384704570639],[6.377479541309676,52.126924934023855],[6.379871786416614,52.126099330538295],[6.392528940746848,52.1315293634727],[6.395843277636572,52.13083230338533],[6.391822334714477,52.12372778946923],[6.398389382153338,52.117647754632365],[6.391529657281341,52.11305094792318],[6.423998573602328,52.09690799213846],[6.413393100950723,52.088279666219],[6.411559720442604,52.08950157518318],[6.402652878000455,52.08789417614188],[6.400538852022647,52.08381104214542],[6.402895917783386,52.07915380378253],[6.406674518117393,52.076848270566714],[6.4132231780457385,52.06261751115723],[6.415448346961499,52.05082573760751],[6.420363314637767,52.046458104726185],[6.423237163351506,52.04748120454437],[6.425712583664631,52.04479199039674],[6.423734290082403,52.044018956253645],[6.424536708925281,52.04244679796357],[6.427191889198746,52.04319024532071],[6.428609506250607,52.041116164860334],[6.432682335522157,52.04055736908912],[6.430798885672813,52.03862905216852],[6.433752673568105,52.03794699173535],[6.434948165168478,52.034771480606686],[6.432451390893692,52.03507295873865],[6.440026953676323,52.027147915886296],[6.436941390423989,52.02572549885194],[6.462185207029695,52.02170080750006],[6.459186822854625,52.01872210408707],[6.462058007803516,52.01691492542859],[6.460304521570852,52.01456439053546],[6.465631765092253,52.00769514860542],[6.460267575479898,52.00617131077465],[6.467488197477438,52.00075675121581],[6.459208233586618,51.99775212588458],[6.460057679390646,51.99515095922982],[6.475772866088093,51.988136253525845],[6.466710034061642,51.977056420641496],[6.4625947251432665,51.97621534582604],[6.459789671433212,51.973172569436485],[6.447202151260797,51.9697040735887],[6.439350817891905,51.972100746371524],[6.437037394620781,51.97071668276918],[6.434805699799081,51.97212261941697],[6.416104442968561,51.97260484284438],[6.402496722021619,51.98216788055321],[6.39784026607084,51.97964248911513],[6.390305928752691,51.9802585346981],[6.380878085147463,51.97773814678068],[6.388325186075134,51.976116882967005],[6.390378037005071,51.96832788689475],[6.381392100786289,51.96797882108437],[6.373456178915786,51.96985834391047],[6.368283581541366,51.96853694069902],[6.3653359969885015,51.96974116310368],[6.369805984895066,51.97362571769735],[6.3700285218862085,51.97625147750643],[6.353505872636179,51.97467508555128],[6.327518886277935,51.97574945556116],[6.335657881093962,51.985646468331964],[6.3264549814937565,51.9918889039394],[6.319133282231569,51.99426071502557],[6.306138577655392,51.99303170683719],[6.295640011794808,51.98845469618445],[6.291897649541756,51.993345956976626],[6.278944780955915,51.98491256341213],[6.274650934012097,51.98528849576702],[6.2704754864115975,51.98342345091515],[6.259362339328795,51.987462455881634],[6.250720789378879,51.98732939197995],[6.24794875226135,51.984086001228185],[6.257298934025595,51.982528461512224],[6.2496986533872425,51.9759482551833],[6.243077078192289,51.97767382680626],[6.2435837937618,51.98070750637099],[6.235182223624668,51.982291537491676],[6.235770444957608,51.9850834676583],[6.232313149754358,51.9885930835117],[6.232579839049069,51.98650744141737],[6.228086626282293,51.98779502292576],[6.222417318892099,51.98414783346255],[6.231729639034441,51.9810769605845],[6.22979976486692,51.97620685830071],[6.224512323494549,51.97840395265296],[6.215203774249852,51.979454548962885],[6.211602526084048,51.97839656278263],[6.2051342654706065,51.98024757638882],[6.182191798934124,51.97918941293296],[6.1716980012994265,51.98082700606979],[6.160517236824182,51.97952188242013],[6.161975378394279,51.992795703967225],[6.159573084788411,51.9961250175176],[6.159961538901581,51.997877777926526],[6.16431726635678,51.99898630205398],[6.159250534616522,51.99973978578058],[6.158856385659513,52.003963694707444],[6.153947360977893,52.003523957142825],[6.159775523547017,52.00697955882362],[6.161183573827368,52.01382799234772],[6.164745161859441,52.01440145505474],[6.164237759635543,52.01635606340417],[6.164511888277815,52.01697008099313],[6.170755821891106,52.01674510738042],[6.17729556016007,52.02033798958796],[6.17451629596642,52.02270342969273],[6.176818080742405,52.0252890874842],[6.173232631170025,52.027774700806326],[6.177081711080417,52.03150425522016],[6.175057251602281,52.031701152663736],[6.175539222111669,52.039377557341076],[6.167190537599252,52.03696575034078],[6.1589565479029265,52.03738865760792],[6.155593689564725,52.041090617350555],[6.149943475288164,52.042053998821295],[6.139791929632039,52.035831864333204],[6.123347983468704,52.03431277751867],[6.11585201068255,52.03629614483613],[6.111547800744901,52.03953179717755],[6.11107417836307,52.04356838266297],[6.114761039605471,52.04801848963074],[6.133894223890339,52.056643032145345],[6.1401895473426515,52.06180272534814],[6.168160845841653,52.076199907596454],[6.176978879113873,52.09091553026933],[6.189574594076397,52.09130826902901],[6.19988785829935,52.09380688003605],[6.210534266622091,52.09245183254922],[6.217898867561868,52.097881305733864],[6.218161861481202,52.0895921910718],[6.221695769115478,52.08877479106732],[6.219223120809039,52.092549949358116],[6.220158777665573,52.10032716352179],[6.224490863757545,52.100049331781904],[6.224620568139072,52.10107958925172],[6.222085101550419,52.10667713344833],[6.225827379877361,52.10682655389378],[6.226637734815196,52.109409511258285],[6.232415982598145,52.11074714183682],[6.2338769808265395,52.11312580319661],[6.257600925357844,52.11028660220044],[6.269843322782002,52.111643497492956],[6.277486967823645,52.121728793440994],[6.288465313439434,52.12553784028741],[6.292150249855652,52.125472566950535],[6.291112417729596,52.12644609701124],[6.293868304333484,52.12794286727652],[6.307285680309091,52.13045159380695],[6.328314370949976,52.13771236564862],[6.35772120492343,52.135526745309235]]]}},{"type":"Feature","properties":{"i":303,"c":"GM1883","n":"Sittard-Geleen"},"geometry":{"type":"Polygon","coordinates":[[[5.823960468393731,51.07251055403606],[5.827251654394868,51.0475237551252],[5.8352754147583115,51.04892955591278],[5.841284894591643,51.04571635954605],[5.848526130070944,51.04632812208294],[5.852742776254735,51.038124330120375],[5.849116939774929,51.036537747881574],[5.852614136176326,51.0293180981319],[5.86448434696509,51.02904432768262],[5.877000419017228,51.03204179399381],[5.874599614884933,51.02920534506946],[5.878913566274994,51.01783697809815],[5.88426164699494,51.01338158274307],[5.895739567308282,51.01101906733776],[5.895476573327579,51.004530555861216],[5.905517418785639,51.00217196631132],[5.903725401424285,50.98719775132486],[5.892609935942253,50.980312771550146],[5.897085537187873,50.97486502044027],[5.891036368714652,50.974093970203604],[5.890848412633495,50.9717249083771],[5.878849183703774,50.9641890432794],[5.876847980220516,50.96478315188017],[5.873503088632611,50.96280431325057],[5.869177866817968,50.966567525768575],[5.865843889275812,50.963962001031256],[5.858873015148473,50.966567451594514],[5.85639888679454,50.96475543179141],[5.852185085501872,50.96802699282533],[5.843265976359235,50.963516683053946],[5.83981793132858,50.95705767780812],[5.838608892123568,50.94660173768077],[5.830954408334875,50.94775953147216],[5.811885574738931,50.95514326501942],[5.802291802252351,50.947403526555554],[5.793361487141288,50.951904452213356],[5.788205670698876,50.9480358773129],[5.783898142408752,50.968879035020905],[5.786706320575979,50.973568858073186],[5.782138475874617,50.985421985362805],[5.789196662398234,51.00119706162831],[5.774827739531823,51.00415463609038],[5.787245343966992,51.0191665125471],[5.773406530285464,51.01899922188705],[5.776434187767053,51.022448425945406],[5.774912860488743,51.02598642540569],[5.769226066344185,51.0287790096343],[5.760818547594178,51.03000625442385],[5.758301535601705,51.03205238864632],[5.7583862661913034,51.03501449013856],[5.7702661516353535,51.048321171669656],[5.771669411589396,51.05989132438981],[5.774655575676597,51.062976794243504],[5.781818118610245,51.06225905690062],[5.79046354222756,51.058905401058794],[5.799338798814165,51.060071809731035],[5.80323336668214,51.05759473786971],[5.806934309029371,51.05757205059645],[5.8196231012243285,51.07260986615809],[5.823960468393731,51.07251055403606]]]}},{"type":"Feature","properties":{"i":304,"c":"GM1884","n":"Kaag en Braassem"},"geometry":{"type":"Polygon","coordinates":[[[4.723679415456274,52.23234582211688],[4.723301961412691,52.216353869165076],[4.72446054523042,52.212751449217784],[4.7297031684574105,52.2102144461614],[4.7235918094069245,52.21161639792091],[4.720774392580333,52.20127650799191],[4.707665740877938,52.20505244898211],[4.695315937082191,52.18915449012759],[4.688941102236279,52.191931399995624],[4.679841096328961,52.162745427154256],[4.641891854538673,52.16188338734184],[4.572736680012388,52.15224832139827],[4.5616338751538965,52.16081907175873],[4.560490158215676,52.16413010973184],[4.562399818610264,52.16611888141958],[4.560592305893466,52.16678300846746],[4.55275821171066,52.1631039103437],[4.5493563675939575,52.164507635876944],[4.541676006093513,52.17283393043548],[4.538237867273768,52.18094262727031],[4.543734245741938,52.187449229303624],[4.546767656179459,52.198975588670926],[4.557155229741852,52.197741923002006],[4.555196666981421,52.19965467354637],[4.559650192353885,52.20049723757231],[4.561704720977505,52.20365765568172],[4.558260049535834,52.20545767967215],[4.5589546403198895,52.210241563718654],[4.554292172839608,52.21224689022883],[4.55784926403876,52.215102037582],[4.558433147054648,52.218798541648404],[4.571565389330571,52.216958903336064],[4.583553196004669,52.21887420993917],[4.6017074966986655,52.21465106246009],[4.6186662195056,52.21448915474537],[4.632937162129104,52.21627028740239],[4.665045190526113,52.22757379054216],[4.670348088145735,52.23075578948012],[4.676699024401584,52.225925524285145],[4.6861509955342,52.22661013662455],[4.696494090739388,52.23221648377228],[4.703714237275514,52.233789195435044],[4.723679415456274,52.23234582211688]]]}},{"type":"Feature","properties":{"i":305,"c":"GM1891","n":"Dantumadiel"},"geometry":{"type":"Polygon","coordinates":[[[6.034320617276053,53.32506917180022],[6.066774243567772,53.32363524385864],[6.073468122645198,53.324861840426756],[6.077752688394437,53.32208710623836],[6.074152065145478,53.32147659651883],[6.074984694807951,53.31764361634635],[6.072051070878035,53.31617711889554],[6.071541507126784,53.29659542053829],[6.069793718218323,53.29692009254765],[6.073695152045162,53.292399700345115],[6.054379262251676,53.29087020184412],[6.0533938194982095,53.280018315542485],[6.054965382500619,53.27948356984375],[6.053308543668986,53.27918907378476],[6.051863924859166,53.266286276840354],[6.050114950280101,53.26614131961691],[6.04396563743907,53.24350248105742],[6.028816186724926,53.2427585736202],[6.027765174732501,53.24139533862925],[6.021359654727287,53.24253239343716],[6.0198942359294,53.240923515968106],[6.0166797643697,53.2410914758447],[5.9833550486940315,53.22984326852548],[5.9729097631324,53.22793460435782],[5.95597354683944,53.228056320158394],[5.942991897042156,53.25042817582875],[5.925651759359713,53.25220099528368],[5.925913667390394,53.254729835704815],[5.922955085771077,53.257405059595825],[5.91447999660596,53.25862980151678],[5.882244594649213,53.27678249697861],[5.906648672964761,53.287839344344135],[5.896565196191428,53.30174250068863],[5.922341201782427,53.31263999882869],[5.948867845871114,53.31758593835271],[5.953755444913565,53.32102259319425],[5.963858454886628,53.32285303717805],[5.972187455621987,53.32108518520594],[5.974299840143469,53.31599866555184],[5.970668719129225,53.3136732756155],[5.975852742558992,53.30692731038652],[5.998100956310571,53.31050019455589],[6.020151901274278,53.30822359142407],[6.022437839481517,53.32403095862175],[6.034320617276053,53.32506917180022]]]}},{"type":"Feature","properties":{"i":306,"c":"GM1892","n":"Zuidplas"},"geometry":{"type":"Polygon","coordinates":[[[4.60756263841367,52.0655383225139],[4.6055130351945,52.05054532114086],[4.610947409347628,52.04871085695136],[4.610295831475313,52.04656986433902],[4.606272715684476,52.04594910338891],[4.607334558111316,52.04531200009419],[4.591089428692113,52.035087380038085],[4.624735699662135,52.014722056812815],[4.636802564538521,52.01167990506837],[4.648425254348126,52.01898651917355],[4.648627969361852,52.02057107879818],[4.655184802775551,52.021015924887315],[4.662800276798903,52.023984267998195],[4.664040460820294,52.02191559193181],[4.667342670176365,52.0226985595023],[4.664631484555652,52.01491069637842],[4.670728921802474,52.011126413770306],[4.6594545600871164,52.00528770041278],[4.662810242881234,52.00324582868614],[4.670716944804131,52.00232611504361],[4.680229461251183,51.99654157900068],[4.684021275543691,51.99795767639322],[4.68868451365854,51.9962580460641],[4.67301683185191,51.98625471665487],[4.668951153342194,51.97919503108532],[4.63152577018359,51.96945924838319],[4.631099642377456,51.96762188880502],[4.639773575207879,51.96217677578305],[4.646104965718404,51.95441733033604],[4.639512662997249,51.9508970403175],[4.634237263377418,51.937456951859346],[4.623458556639406,51.936110487653416],[4.619488625419134,51.9334922723441],[4.599734009855935,51.94767230069424],[4.602068263710355,51.94947560222958],[4.583992414925315,51.9653689705911],[4.601808263517392,51.97214010485915],[4.59376885638612,51.97600018676926],[4.598773042044801,51.98796859728122],[4.594367518409924,51.99428155736533],[4.578935759587371,51.98986986932911],[4.57968715894923,51.987267162205505],[4.5773122286950185,51.98640483711471],[4.5789184877093625,51.981134206044196],[4.570229901952938,51.97903010496126],[4.573529403019007,51.97457612273603],[4.578999819739915,51.975787198703316],[4.574363306056129,51.972876215593956],[4.5669360330492585,51.97118981882175],[4.562413739891584,51.971926722981145],[4.5565593733578185,51.96845521328272],[4.547686283340241,51.97280661567032],[4.5537605365141065,51.97704111546094],[4.548069799214384,51.98342762304748],[4.546339276139517,51.99151416216856],[4.55487514765008,52.00594858933604],[4.558217973870357,52.02890845328465],[4.5634571703459645,52.035776983822],[4.561059634520322,52.04206086637949],[4.565303035760606,52.05911998032341],[4.60756263841367,52.0655383225139]]]}},{"type":"Feature","properties":{"i":307,"c":"GM1894","n":"Peel en Maas"},"geometry":{"type":"Polygon","coordinates":[[[6.074370325352445,51.39390924639088],[6.083728024675005,51.392570636549024],[6.090373909378708,51.38911010275934],[6.090459116872642,51.385911251352184],[6.077587398800796,51.378172836812844],[6.0875913015444185,51.37033534188085],[6.09106732855334,51.37159486750895],[6.099655106614455,51.35709671841921],[6.107100169189205,51.35600285081846],[6.118773030596331,51.3459313796825],[6.119905134152685,51.34668729706777],[6.122641736606686,51.344680405767285],[6.123253954984691,51.34337006213647],[6.116620179354146,51.339005231862984],[6.11820031735436,51.32992502390706],[6.116232739442456,51.323205647546374],[6.103552020953435,51.309267429540924],[6.0891387319608,51.29924006022816],[6.070890881356757,51.29367688228812],[6.0668188050501906,51.28888141041119],[6.058425205139063,51.290246616633446],[6.046415434754286,51.28560217878811],[6.030536361339228,51.27402694621021],[6.028197740804034,51.26805632490335],[6.024637333033428,51.26628467195787],[6.009611850044291,51.26575906026856],[6.011014626472184,51.2715526459881],[6.008255405151346,51.27754250680961],[5.954705690676852,51.30028024446537],[5.907566862254278,51.31324095336136],[5.910653644621199,51.30770938619305],[5.883999270038371,51.315556955189074],[5.852141732922489,51.320702317962635],[5.8320756571701615,51.338046517725004],[5.840193690025947,51.34687706722022],[5.874543145272846,51.3533127289369],[5.931287518044336,51.38475268004959],[5.947327361938319,51.38313401798113],[5.957896712391084,51.378049893419266],[5.989833179713699,51.37822112327609],[6.01876589397087,51.38225664524769],[6.073126190748679,51.395729246868676],[6.074370325352445,51.39390924639088]]]}},{"type":"Feature","properties":{"i":308,"c":"GM1895","n":"Oldambt"},"geometry":{"type":"Polygon","coordinates":[[[7.000197942803851,53.26709853524699],[7.01322852517224,53.26684043536123],[7.012605309761055,53.260638254045425],[7.021847253582102,53.25323684903467],[7.031597995569115,53.256131948248395],[7.034969033053796,53.259162701142074],[7.038718799766124,53.25862989445819],[7.04030691844007,53.25983663735951],[7.057420827983323,53.2473402738174],[7.059440883945489,53.24822794226499],[7.067521568540985,53.24237833413706],[7.079430777245821,53.24817721339138],[7.076632568779625,53.249699443669265],[7.084371067742629,53.254627705623776],[7.11346122751223,53.26287970013763],[7.13486048429963,53.279692203019216],[7.134268109619596,53.28782185145537],[7.100442383323922,53.30997696002152],[7.101248935210563,53.33025827888438],[7.132559268276847,53.332650883428805],[7.187601495434766,53.332181958061575],[7.212504569768716,53.22818867027227],[7.210491720404857,53.228397134943194],[7.2170253713274635,53.21476660438851],[7.2176227672563025,53.19781733713628],[7.2080427144059875,53.188476521799956],[7.227498376775027,53.18027851411472],[7.212561606843403,53.1769650585522],[7.2036548722768865,53.17656421498232],[7.1909004293786785,53.16183974677743],[7.189244226678164,53.154882964539134],[7.1831727152486025,53.15475426109143],[7.176995340654487,53.152582482469015],[7.173959306134686,53.14793125649709],[7.1453080724896925,53.16077367465551],[7.139555531051346,53.15433013041236],[7.125629508265687,53.15137018719815],[7.1056505284975024,53.14393869389755],[7.099543364153093,53.143228536341375],[7.08859359450347,53.145238803317426],[7.08123990994012,53.14401351601311],[7.0511800272825145,53.13021802747851],[7.035596574937091,53.119579354685655],[7.032289315786698,53.11533443806166],[6.987361601400769,53.115773035920476],[6.982535282467625,53.11912326753532],[6.979749052599803,53.11919621187432],[6.965294913704006,53.11083106480194],[6.954640179235523,53.13665438399163],[6.950381151230153,53.15889510750599],[6.943783493368409,53.15901344732025],[6.942235972248776,53.16653185458818],[6.929833531335227,53.16533470048947],[6.929275523500332,53.16905065902073],[6.903300084114891,53.166462596601306],[6.912208343604615,53.171966322149196],[6.907636174009688,53.17287799540608],[6.912534185105128,53.17562343859551],[6.911580123347502,53.18128368224952],[6.915891148630522,53.188405603930065],[6.918689546907235,53.19139242767834],[6.922684357577912,53.19067909110791],[6.923850878592447,53.19165991699589],[6.925123384091643,53.19428607204658],[6.9168200130672695,53.195569919824365],[6.924687877404822,53.20507125443023],[6.920596314997142,53.20744892661899],[6.929399470803405,53.21281736190042],[6.922815651136951,53.2206298698067],[6.9255323000306825,53.22155764000068],[6.920041385861636,53.227342512862336],[6.912716321623689,53.22512462061478],[6.908591242475312,53.23395393739289],[6.909252271183085,53.23764835097195],[6.911344194723923,53.24301547150769],[6.9161482261660945,53.24361832755854],[6.921720605915918,53.2391801179986],[6.928437043566062,53.236952473447175],[6.937603454993022,53.24424927499384],[6.94250643555873,53.242043358121386],[6.9449903712246215,53.24361477905025],[6.945919848215399,53.24870451290404],[6.952331441766372,53.25654208958083],[7.000197942803851,53.26709853524699]]]}},{"type":"Feature","properties":{"i":309,"c":"GM1896","n":"Zwartewaterland"},"geometry":{"type":"Polygon","coordinates":[[[6.120271326648839,52.66508959429008],[6.103855650137732,52.65619341252857],[6.104470937210564,52.64792571626692],[6.095927886983747,52.63106589574367],[6.09834789690351,52.62555485967692],[6.103930581507882,52.625569416181264],[6.107476764980421,52.61887277675729],[6.106950861455983,52.614832222702894],[6.103700968349494,52.612685510488554],[6.106229779954387,52.607034733556],[6.1032249491208725,52.605368455190046],[6.124056859752251,52.594056576701774],[6.12409039148683,52.59084408983035],[6.131377878229385,52.58124629741322],[6.147231060464231,52.58440354170851],[6.15549159970659,52.58250157084108],[6.1668142474854575,52.56525215804659],[6.140527241858889,52.55210244319679],[6.1286792328054585,52.55658125782001],[6.1180809568835794,52.55739749824628],[6.1145888033866616,52.5604567504106],[6.10979050482385,52.561114554883524],[6.110059637653539,52.56741236515669],[6.103335537658716,52.567388131563725],[6.097684129856358,52.55862944401145],[6.089399559752194,52.551840639346345],[6.074185756413404,52.55640236183942],[6.0761628132800904,52.556962793711044],[6.073544345854101,52.55917606078724],[6.0701559489734,52.55822620733508],[6.063153716264394,52.56727991284416],[6.033365032227588,52.55897953143761],[6.012888175967013,52.586114053042195],[5.982940700393582,52.57751377467666],[5.971341230954318,52.59415731339651],[5.980242995582897,52.60508847113311],[5.991302026388217,52.61439703402991],[5.991745409319698,52.621747509239626],[5.98101538950705,52.62830226078425],[5.988626375041131,52.62932449669311],[6.010491470113293,52.63788172314747],[6.018072614409297,52.64385499167457],[6.021083251933249,52.641363278468496],[6.038208218256479,52.6495000106965],[6.05486416644574,52.65021892943289],[6.085562846435537,52.66327421679651],[6.097360359275152,52.66462737998423],[6.099917290619229,52.66082127963496],[6.107386892905267,52.6655992497485],[6.119566088856816,52.667936872708935],[6.120271326648839,52.66508959429008]]]}},{"type":"Feature","properties":{"i":310,"c":"GM1900","n":"Súdwest-Fryslân"},"geometry":{"type":"Polygon","coordinates":[[[5.441340045516917,52.85007246014091],[5.3378416223280265,52.795955061962914],[5.238681789512345,52.87406095614572],[5.169134504745256,52.99761241453365],[5.1642489862889445,53.00100369422251],[5.293314181216834,53.06845941368918],[5.324909647956055,53.07460533192101],[5.32365897999431,53.079158690697064],[5.332900711668885,53.080243704012794],[5.3371898128160655,53.07651276185922],[5.34419905369486,53.07789237307495],[5.372279477851482,53.09377795498216],[5.372274709454029,53.10779277669558],[5.402145749912027,53.125764397201884],[5.40663951048857,53.152721049361084],[5.410802505244369,53.15165207284642],[5.413031873335367,53.15288512638658],[5.417089807426795,53.15082215017439],[5.421435889765984,53.15381403903601],[5.435509810857595,53.15352550474587],[5.4439078313680325,53.14993659750364],[5.444628876082912,53.151098935794096],[5.451272058017515,53.14987607908742],[5.454678293244624,53.14764633443794],[5.463028062035394,53.147268073447876],[5.461436498911391,53.14454717074556],[5.468337598342628,53.1433327836021],[5.471655852420198,53.14641993371642],[5.4747440457977685,53.14640100055757],[5.478497484351074,53.14529152818534],[5.477269468132937,53.14294250327198],[5.487101669534724,53.14100021622356],[5.480973278799445,53.138616407118505],[5.484321672084961,53.136988182111914],[5.492518630897517,53.142012419177036],[5.501010723801264,53.13902171070319],[5.502888244909574,53.1378485875909],[5.501084430376924,53.1362075728387],[5.504985544396693,53.13472726180491],[5.5129403938482255,53.1385807653485],[5.510398028883794,53.1400803584198],[5.512505454534827,53.141871308761644],[5.510198760665194,53.1445408918769],[5.511532905352984,53.14574202405206],[5.5246456389295115,53.14554403765545],[5.531212330088072,53.14788880023813],[5.5380585573567584,53.1443695889107],[5.537663915729434,53.14208117622024],[5.554190788955984,53.132938099441496],[5.555380739987225,53.13460363235081],[5.559929455160102,53.13463658658654],[5.563603084695624,53.13124253122407],[5.562604476680834,53.130231710795826],[5.568308101327516,53.12952365574871],[5.573830382555449,53.131079956271755],[5.575310990100892,53.13429170113435],[5.5824559592517415,53.13310995262971],[5.584033614573132,53.13394927705971],[5.582860815319208,53.13247727490623],[5.585919531319174,53.130997288754735],[5.589950104251038,53.13100154790362],[5.591231687129494,53.12881776780212],[5.5944205426914735,53.12946984742262],[5.596331445887877,53.12596358039096],[5.622215916983714,53.1382479249523],[5.6262360214092055,53.13200771425056],[5.621922979058091,53.1269210193184],[5.627268258595189,53.12833971003224],[5.627423727628837,53.126702996618675],[5.64310346381874,53.12287695272517],[5.646412698489193,53.11635012333993],[5.656514405427851,53.11236369799438],[5.673385555179864,53.12534077380034],[5.680037040941706,53.128575454646615],[5.684880699782483,53.128267492336136],[5.685974055947232,53.12986742344339],[5.695616537274259,53.12682590045608],[5.693288053913792,53.12295624292701],[5.695433035196325,53.12300888920233],[5.696312286633602,53.11912201912],[5.700612693243709,53.11577500998118],[5.70793887572821,53.11969880072934],[5.721107513140853,53.12048901654943],[5.72512387450884,53.12359453301966],[5.729667567929307,53.12030351205012],[5.737153614469781,53.12083578927941],[5.736178763083128,53.121902213077725],[5.739887191600859,53.123543460067474],[5.751507608086027,53.12651591421745],[5.756243708005647,53.120836635599744],[5.7574489462777025,53.1127155071897],[5.761404020353007,53.113679049478],[5.762627700905839,53.10881743298734],[5.764410574287592,53.109590578562056],[5.770537320668554,53.106195434760636],[5.767779306191242,53.10506384329591],[5.770580033301015,53.10265608031642],[5.777873490608384,53.10318453098422],[5.787380274351861,53.09849668418255],[5.788229258741043,53.09659411665276],[5.771383907985777,53.08910593389956],[5.7745023892380924,53.086328366253824],[5.772610857384746,53.08180745233475],[5.764282733397777,53.08027617283264],[5.773563617669685,53.07410912968859],[5.775746607273973,53.06669877637476],[5.766083811244359,53.06138818285672],[5.761843129324998,53.06079838187022],[5.766813017455689,53.05054539524813],[5.771411818815233,53.0471972263342],[5.755432158847107,53.04683805895502],[5.736581805911785,53.029886708191015],[5.733241303616333,53.0154380693725],[5.748824452375771,53.007583632583554],[5.742182559288645,53.0053514426944],[5.742258182599035,53.00230063029668],[5.73061606586963,53.00127427148284],[5.7168578964164025,52.99567729893946],[5.706541694787042,52.98447530238402],[5.699208196201942,52.985504209891594],[5.691431797996884,52.98864624490417],[5.688489263927995,52.9855838471426],[5.687520270230299,52.981002138755905],[5.690940480918938,52.96508789358214],[5.689325966364206,52.93296663134178],[5.642455007097809,52.936167287303164],[5.63997827980717,52.92246948275957],[5.594259853994514,52.91541158208222],[5.580531427320812,52.93404607526045],[5.577259386419522,52.935204548411235],[5.569021512299598,52.94553492882677],[5.564778532979586,52.94748132643895],[5.512268268262614,52.927208556530694],[5.477188581635992,52.90274019603343],[5.493844792746401,52.88983575726147],[5.489712460187878,52.88603001818306],[5.501822448106944,52.88021182615342],[5.4959027433489185,52.87605449587365],[5.495517092483123,52.8738156850342],[5.490171432845333,52.87143226537646],[5.4874869315180534,52.87339848045439],[5.4770996428990255,52.86876400024081],[5.472340434008237,52.873034453797544],[5.46505274710025,52.87129446261397],[5.43280882126327,52.87465214459616],[5.4261017304436345,52.87329412829319],[5.433351532458142,52.87010871952017],[5.441340045516917,52.85007246014091]]]}},{"type":"Feature","properties":{"i":311,"c":"GM1901","n":"Bodegraven-Reeuwijk"},"geometry":{"type":"Polygon","coordinates":[[[4.792080180747192,52.122287383372225],[4.825379802160084,52.10708719179393],[4.823055887288081,52.105192808654536],[4.823347904328932,52.0933685301428],[4.826275688820727,52.074643579540655],[4.833045260724455,52.07482693379697],[4.834035389702915,52.07273585425501],[4.829807904343692,52.06682340680032],[4.842203786964619,52.06900559193401],[4.8732004130109905,52.06874539710606],[4.867858340136748,52.06305409277584],[4.8559705301597385,52.05906491298017],[4.848048501185375,52.05816468870521],[4.829490284818108,52.04981340418642],[4.817192931334907,52.036931100649625],[4.811822229184249,52.03382451501076],[4.806704371254352,52.0331673055127],[4.809933420735512,52.02676452108886],[4.777926456497651,52.01443254173111],[4.766715403562795,52.01324181367125],[4.750352228830651,52.013939835392605],[4.749148483492268,52.016176454995914],[4.746016654535789,52.01697639282587],[4.743697437359032,52.02260807437822],[4.7367826515334475,52.02274822845181],[4.734400031839552,52.02502015547512],[4.719848014929136,52.02648437977093],[4.719871228281783,52.035200822570495],[4.717581404953322,52.03530674147124],[4.716260764443918,52.03822268983835],[4.687059423001335,52.04383608221634],[4.677311485884245,52.043971070881156],[4.6798040445736655,52.05207247367094],[4.66900140767162,52.05234155179442],[4.669699911454787,52.05550464027044],[4.66696465801555,52.057627380244135],[4.6640240913134825,52.05770504624692],[4.659967731211821,52.06410431212414],[4.6659105830562515,52.063951613912906],[4.665660022821321,52.06572394326983],[4.677246985107024,52.06552053181418],[4.679298396937978,52.05921590044545],[4.681973527515967,52.059104067766796],[4.685296680467953,52.0693947891263],[4.69441120408551,52.06776739286054],[4.6965286774108455,52.07454678196409],[4.704905030042319,52.07683641460419],[4.713034264258408,52.07692951076035],[4.715505854045107,52.081188416237694],[4.708758134999062,52.09364389742242],[4.7047318018368385,52.095240865680076],[4.734878941914416,52.10189095425381],[4.740222863922108,52.10464809573495],[4.73885670092497,52.106507441323444],[4.754564704221296,52.10881033721205],[4.759328661813517,52.110344621723506],[4.762532572787029,52.113711613920714],[4.769219487449278,52.11331152396838],[4.770588804486088,52.11509599542364],[4.778507405636236,52.11589230980795],[4.779609202589856,52.11770703920046],[4.78396921990039,52.11743723565785],[4.784028809642748,52.12075557871142],[4.791509843223804,52.1203426234667],[4.792080180747192,52.122287383372225]]]}},{"type":"Feature","properties":{"i":312,"c":"GM1903","n":"Eijsden-Margraten"},"geometry":{"type":"Polygon","coordinates":[[[5.757211545309095,50.85521769354007],[5.770752919230398,50.852395431261044],[5.775876892623057,50.853370181895286],[5.780533362159519,50.84943613199704],[5.791265790632373,50.84987917113967],[5.800667169687591,50.84835040060263],[5.801637824808069,50.84987502340949],[5.807836442647607,50.8414652317775],[5.821239058318534,50.83876111624261],[5.820636706614618,50.831856593694866],[5.8244589410590555,50.83016433033095],[5.8362474031873415,50.82996429805266],[5.836114597291423,50.83596659294171],[5.8506811572328665,50.8318399380952],[5.857388958353255,50.832082399690556],[5.859460867489091,50.83368419508402],[5.864135531658882,50.823344331863176],[5.857648576201369,50.82033967298201],[5.853176327961965,50.82075125745682],[5.85117778776276,50.81917544901364],[5.852869564894168,50.817791922724254],[5.848733075336551,50.81491462961181],[5.845120856786359,50.81539811514538],[5.8392394983761555,50.8075880341778],[5.831718035043937,50.80877042223597],[5.819409555039414,50.80524158185422],[5.82174249081779,50.79621322897427],[5.827515509779676,50.790090692120884],[5.832597250305936,50.78863973720758],[5.832909872314382,50.786579846402326],[5.835886075741261,50.78668113172497],[5.8339576452834825,50.784401552208614],[5.8352558200779425,50.78173773217785],[5.838455584123724,50.78164954128023],[5.843882625904165,50.77518481212846],[5.842547136048305,50.77407686889661],[5.845037580314302,50.765370855962146],[5.838138654164354,50.76334405369961],[5.8307598284942905,50.75855938513093],[5.8224330354963385,50.75879614305207],[5.814416776404328,50.756163142246464],[5.807620963442893,50.75605438495873],[5.793221513982418,50.77019902500073],[5.784502589963558,50.76716922507335],[5.779682729322252,50.774342795255336],[5.777367101948777,50.78295548890018],[5.773575124092526,50.78324520344572],[5.76581091548748,50.78254591839713],[5.744895736365121,50.76882177770907],[5.740518794764393,50.763013314986146],[5.741571600922349,50.761162040616064],[5.739178955438221,50.75707383176799],[5.730387575528551,50.75741603813379],[5.720266496471289,50.76471510896489],[5.715632851125801,50.759878078666276],[5.712292587186341,50.760960573653634],[5.707046458799716,50.75828729893115],[5.702552590675578,50.75891321335369],[5.699027278960913,50.75527474969588],[5.694788560930381,50.75477678291934],[5.688474977411399,50.75571366488922],[5.687758688070081,50.757696995791996],[5.682061958935637,50.75753638193422],[5.682832331640525,50.76125954789574],[5.693754503181429,50.770939770780416],[5.698286299397408,50.777478779289275],[5.6984928190649216,50.78421533460719],[5.693665764049096,50.79882724415693],[5.693817018817419,50.81044971220925],[5.696503086406936,50.80854606315231],[5.709491477451639,50.80827821790374],[5.708528499968565,50.80491067755477],[5.716944059225544,50.803805279363935],[5.717311911926485,50.814501387864446],[5.723197534467769,50.81472858225043],[5.728732480611225,50.81792470714345],[5.743481942241184,50.821319371446954],[5.746821607716826,50.82987076006422],[5.7467062571948135,50.83587172865449],[5.74631141559058,50.83732494217979],[5.7406391514150314,50.83915727704384],[5.754854953753023,50.841840528060345],[5.757325561932018,50.84535683737132],[5.757211545309095,50.85521769354007]]]}},{"type":"Feature","properties":{"i":313,"c":"GM1904","n":"Stichtse Vecht"},"geometry":{"type":"Polygon","coordinates":[[[5.063751593065556,52.28674131798716],[5.065901187418902,52.280549625929446],[5.063070246692162,52.28184131849228],[5.062838397855327,52.28479800493578],[5.060559701774513,52.285176095506614],[5.050753457091973,52.28181781047661],[5.048601724693532,52.27702961356477],[5.043013791401932,52.27795969776735],[5.038470912029324,52.27703820553184],[5.033156277810753,52.27534444201509],[5.029813731544835,52.27204350739168],[5.023020793461314,52.27284768057349],[5.027778856829628,52.26750731571497],[5.0265820616652865,52.264148056793246],[5.032501603550869,52.26014124230594],[5.031803804822455,52.255176385389504],[5.035732990997868,52.252654200379546],[5.0400622996495565,52.25649888857314],[5.0429434034986915,52.255976933371585],[5.046634026058028,52.24854112563257],[5.045854211322411,52.24338162832685],[5.057729909436589,52.23535278308267],[5.041585571892458,52.23088822701831],[5.040517640271516,52.229833822021725],[5.0424844562810245,52.22877988744301],[5.037101784687183,52.225341652921415],[5.042795658970342,52.2240395145221],[5.036665605127757,52.22436015819757],[5.0371449097250585,52.21620299474316],[5.035329563697167,52.21446227016674],[5.037290337785748,52.21421518394548],[5.0337879575654085,52.21371399933228],[5.033400588235037,52.209836235910856],[5.036444713391177,52.209567956883674],[5.036649900454493,52.20213799082002],[5.022621037271954,52.20394146694337],[5.023006282866691,52.20174610385814],[5.021292961299391,52.20188574728923],[5.03720107098602,52.19794906591544],[5.038134079736801,52.195163176630594],[5.032503228596501,52.18411341193769],[5.042049310840155,52.18337001640458],[5.046421007007218,52.16592899233914],[5.1152937302037,52.179852795812025],[5.118845195317851,52.17240604729607],[5.094889715998381,52.155349030750884],[5.120528952066838,52.1455411435292],[5.103397424512675,52.129848375733836],[5.087164524818756,52.13567146037736],[5.0761584641179045,52.127049125438646],[5.072328044146412,52.12532505424845],[5.070198665340208,52.12718149148788],[5.061204542855207,52.12256178300552],[5.047556020693838,52.12997241635383],[5.040878781408867,52.12547639253386],[5.03367597543579,52.11671592351429],[5.012564155402782,52.129301121458006],[5.00310171977216,52.14205060198575],[4.986387760591325,52.1352491425627],[4.985237993542739,52.13243713717938],[4.973938347798342,52.12967324335443],[4.9700959829963125,52.12244167485179],[4.960992107580019,52.13336761550556],[4.943984495012493,52.12749552863019],[4.934697161842162,52.138604839676454],[4.923601714468987,52.147318883611874],[4.91177757633904,52.144254479203816],[4.909637962609998,52.161870896428006],[4.92860632004422,52.167200116527354],[4.932468009009763,52.17249369129176],[4.931409957988637,52.17370976145397],[4.935006837623581,52.17585480798387],[4.933995273790809,52.17694503977637],[4.945712624585099,52.18581299464643],[4.948571574298352,52.18578468823825],[4.948382719442111,52.19359818853098],[4.950881271078733,52.198638503941254],[4.960808553013501,52.19781978727425],[4.96138767236806,52.1994751237825],[4.966595725219887,52.20005231883586],[4.973746602117223,52.220598421540736],[4.982874235353468,52.22241560038527],[4.98041360292629,52.226847399279855],[4.994729787464812,52.23026634445022],[4.994727577909498,52.232474231507766],[4.997414948823567,52.230817247977235],[5.007463039530621,52.23170452094182],[5.021068335190293,52.28298912097346],[5.024381634026845,52.281357450835685],[5.030528419199456,52.288487185379395],[5.042778658857407,52.28248814342133],[5.050404332048265,52.28787198650097],[5.0527691460712845,52.2864852588948],[5.059540300678951,52.28932013722826],[5.063751593065556,52.28674131798716]]]}},{"type":"Feature","properties":{"i":314,"c":"GM1911","n":"Hollands Kroon"},"geometry":{"type":"Polygon","coordinates":[[[5.106523297137268,52.774468524603414],[5.09210784775547,52.76928521189548],[5.069722978123447,52.76810317202207],[5.057579813352671,52.757838243936966],[5.042104976610208,52.7526392240409],[5.02165935692766,52.75152380747634],[4.955869633056856,52.753275308159736],[4.9543421686544225,52.75529633718152],[4.9443860764972305,52.75365900602174],[4.940327785356137,52.75042135075855],[4.932792671809165,52.7489275424514],[4.931250924345669,52.74168651121602],[4.8990612802264835,52.706805657276774],[4.877703353874191,52.7119882424259],[4.858092636023338,52.723345373684545],[4.847685314071777,52.7202593715221],[4.850374466861579,52.72537713941824],[4.840065294332558,52.7344337934666],[4.83137375021496,52.74630135846706],[4.808382831949541,52.76694985205343],[4.806842532483433,52.770317054034514],[4.813336472563224,52.771333669765134],[4.820753967422388,52.76960718316772],[4.819849393853507,52.77412948435597],[4.8289967160587,52.77532622380101],[4.827409166485963,52.783565281171256],[4.831256230126607,52.78381994809585],[4.83457335972637,52.80777848534006],[4.809647017989985,52.83689892399338],[4.794422891996214,52.847373652632676],[4.782562569916117,52.85143551068619],[4.758855261464448,52.84868928534469],[4.770218007802703,52.87761435038251],[4.794909201778529,52.912578277031415],[4.804531786594972,52.91048705028362],[4.808329820521222,52.914343104939654],[4.874999978135469,52.89036240454618],[4.92583796401342,52.963126894843136],[4.876246567599739,53.02197818058573],[4.932435095119287,53.044028589098716],[5.006986105107515,53.04428857772596],[5.074493846703044,53.01842416344429],[5.144281382565852,53.02615235454883],[5.1642489862889445,53.00100369422251],[5.169134504745256,52.99761241453365],[5.215063785388782,52.91610234606265],[5.121475866512102,52.845927657130744],[5.111993250567616,52.779170929477786],[5.106523297137268,52.774468524603414]]]}},{"type":"Feature","properties":{"i":315,"c":"GM1916","n":"Leidschendam-Voorburg"},"geometry":{"type":"Polygon","coordinates":[[[4.466951565208309,52.12886992831988],[4.472941440287303,52.123703189780585],[4.472975416446902,52.11895161480871],[4.470825787240942,52.117708107459116],[4.490413658845389,52.0978583899478],[4.493018074574821,52.087751917647495],[4.47427472775987,52.085260669620695],[4.475659860987388,52.08129630558677],[4.4567520723654335,52.078814835706545],[4.420832515810767,52.06258005132076],[4.403923545775136,52.07784526510854],[4.397092323018979,52.074763207772904],[4.394621525552733,52.07590692269217],[4.388650954079473,52.072973790320646],[4.3845826638665155,52.07623427876926],[4.356011121090137,52.06156746886201],[4.360826111312334,52.05846834162312],[4.359625616362593,52.05725592437171],[4.357349787614268,52.05625471576846],[4.352281472042046,52.05939410093556],[4.348003601009939,52.056498117680185],[4.342195736664965,52.06113456291262],[4.355518702715689,52.068039806417964],[4.335213194914282,52.07500040581403],[4.3735144714463265,52.09229680394113],[4.372145585282663,52.09438095503422],[4.401159065909094,52.11186999856907],[4.427902584817004,52.101470248621],[4.466951565208309,52.12886992831988]]]}},{"type":"Feature","properties":{"i":316,"c":"GM1924","n":"Goeree-Overflakkee"},"geometry":{"type":"Polygon","coordinates":[[[4.151824518195445,51.68523312840568],[4.123080127883542,51.68575410288365],[4.110026492439341,51.687142914092405],[4.098083805539729,51.69047587578714],[4.047813346794293,51.694364411679004],[4.040036765304675,51.70269680730492],[4.036703942205094,51.7110292258275],[4.035037757227582,51.730193592594865],[4.0188849530844095,51.74271776025683],[4.0133362519084805,51.759011844068816],[3.974491327769717,51.763800990682746],[3.9589380040835516,51.77213344167574],[3.9403296772106193,51.77379995132986],[3.9214434656755217,51.770744779467876],[3.9050569938600823,51.76463442810684],[3.886170625335858,51.74935850220987],[3.8758943477526637,51.747692072089784],[3.8474281905710463,51.753401017057264],[3.8262126017462816,51.765841052844564],[3.7736753451974328,51.781520482045536],[3.8603667970553284,51.82836361059873],[3.9531468218436414,51.850031859375505],[3.955580379007419,51.85765403466959],[4.035202814322717,51.85859790242677],[4.041217405433894,51.8401913690776],[4.049502776769689,51.83124030993304],[4.062653621222679,51.82192027460547],[4.07257086823395,51.81876231311834],[4.106742185392194,51.81266768222501],[4.123432912573562,51.80651011553772],[4.135862940697115,51.807361858470834],[4.147107149936435,51.80619870216957],[4.173114744767298,51.79223413413079],[4.186276352237852,51.792493839784626],[4.21021005822427,51.78720141214535],[4.249441505429163,51.757868273218264],[4.26820430826113,51.737609122477885],[4.299535426216286,51.72528271501219],[4.313606793442086,51.71763766555838],[4.357861744859621,51.710082110165075],[4.372702493702347,51.709582895220514],[4.397366131625608,51.71153965678651],[4.423549728303684,51.70947484564214],[4.393621156022882,51.693296225696585],[4.379431108762788,51.683591558321126],[4.3788434119169715,51.67816713398227],[4.374455696280508,51.67199869578587],[4.361693251297854,51.66291646641132],[4.332549787693616,51.65374926326677],[4.275002700540079,51.643777890931204],[4.242786202900129,51.64706300614048],[4.193764112041895,51.6643992776616],[4.151824518195445,51.68523312840568]]]}},{"type":"Feature","properties":{"i":317,"c":"GM1926","n":"Pijnacker-Nootdorp"},"geometry":{"type":"Polygon","coordinates":[[[4.3949300582157385,52.05369760079718],[4.398549538616925,52.05121787427434],[4.401624777604749,52.05353642010615],[4.450564138426749,52.04921021133637],[4.4576438068884245,52.0386186635531],[4.470743679216729,52.040477714078534],[4.47679025458736,52.03168455113476],[4.467323687684753,52.025408068119106],[4.4571464463284585,52.02209079296122],[4.4585468306035505,52.0156215006424],[4.461561681451247,52.0126514186697],[4.4553889526580726,52.00679799831862],[4.458899980716663,52.00464435858714],[4.4587171558708345,52.00219643828224],[4.449775904430564,52.00050277184917],[4.452877646547199,51.99727053792753],[4.447247920493298,51.99240905969054],[4.424446296638708,51.979611026294585],[4.427516756985693,51.976209575970564],[4.4079108770252144,51.968198609685395],[4.4011523288481325,51.97834600674865],[4.397030128722176,51.978974025909984],[4.385915733085969,52.00483525951942],[4.388655683866561,52.0054935462922],[4.388345523124867,52.00944764545996],[4.3945159411010986,52.01125565064961],[4.386244900226945,52.023308196006134],[4.379735288795747,52.02673268638654],[4.393928427691864,52.03305391920364],[4.387436173518953,52.03864691917515],[4.37985819716838,52.035952287677944],[4.372645571876763,52.040919742469754],[4.387904518786151,52.05116949266494],[4.389676176730994,52.04996135080892],[4.3949300582157385,52.05369760079718]]]}},{"type":"Feature","properties":{"i":318,"c":"GM1930","n":"Nissewaard"},"geometry":{"type":"Polygon","coordinates":[[[4.2450367801768385,51.78423925940829],[4.237562602387628,51.782771706395934],[4.222838992885726,51.787905837978464],[4.213246844997445,51.78526731790644],[4.208410939886303,51.787944038573286],[4.192632095357114,51.79111331587141],[4.1955643875882105,51.80894218911371],[4.2123516008806385,51.81402542675389],[4.21298051831561,51.8205815083767],[4.219708153768879,51.824559594878465],[4.218055488352687,51.82630659135555],[4.220110208233028,51.82616352987402],[4.221845402914439,51.8249965410858],[4.222270953774781,51.82632936363661],[4.208208211652595,51.83533793120921],[4.197142315033146,51.83490767971504],[4.195609476833729,51.83918671051243],[4.198244525657811,51.83969471090298],[4.198528144086904,51.8433929429414],[4.192734880546843,51.84342951417689],[4.197609956374921,51.84700169357322],[4.198257232454461,51.84988927878765],[4.185272528060439,51.849707621682],[4.239383151529344,51.872985914830615],[4.266104929894935,51.8646570148669],[4.335553842830001,51.86430174907491],[4.34831531121527,51.85195944573663],[4.3675994035319565,51.84438311340303],[4.38514594114274,51.842064035787295],[4.412807573082256,51.84295821318824],[4.432482336928468,51.837046150616054],[4.421002686738817,51.82987441742358],[4.397131827585609,51.83127519322052],[4.369082273268427,51.81698144073529],[4.354527836583337,51.81919140067272],[4.338150498848455,51.816771918082914],[4.330698163504506,51.81294764530415],[4.307366617257912,51.809184571279985],[4.296412856224631,51.80220660214107],[4.268596057189212,51.80483916688926],[4.2632129114733655,51.80265729487394],[4.2450367801768385,51.78423925940829]],[[4.220126191353683,51.826084134746154],[4.220084329270065,51.82574563609391],[4.220378955814767,51.82591405620596],[4.220126191353683,51.826084134746154]]]}},{"type":"Feature","properties":{"i":319,"c":"GM1931","n":"Krimpenerwaard"},"geometry":{"type":"Polygon","coordinates":[[[4.803520300512393,52.013960993696315],[4.815616229142339,52.01398073041705],[4.824994257994788,52.01723661284421],[4.833334777424093,52.01642293839758],[4.847474182043095,52.017715670213306],[4.857126557559708,52.00595951190742],[4.817805906659207,51.99976689296954],[4.835217849338545,51.986143024415206],[4.845621869382878,51.97498493601999],[4.860805963801307,51.96778403402609],[4.871222883171469,51.95464349888551],[4.877792921350175,51.93803067946015],[4.852938264302422,51.941441488167705],[4.835539163061386,51.94006704896278],[4.8103190964311695,51.92417036194992],[4.7639473613366325,51.914981429599926],[4.737985329598408,51.90271222657101],[4.721935658111366,51.897260715731356],[4.715811921164392,51.89594904653184],[4.6999700162506635,51.896589329578234],[4.669854227683051,51.88977666089358],[4.636772293540967,51.89091096130286],[4.618663289553043,51.88962818500525],[4.593623354285565,51.8946002303634],[4.583020422862695,51.90121270850312],[4.576328454935596,51.903031724272516],[4.582617785962814,51.90409450104054],[4.589098557038822,51.902367499080746],[4.588747707597939,51.90418742897549],[4.592212982738766,51.90560117774735],[4.59351090145009,51.90410159400389],[4.596744645016078,51.90576358254396],[4.595173305459929,51.90708212561313],[4.596799012566934,51.90781842656942],[4.601463717248318,51.90699770141368],[4.62145632839337,51.9083300265696],[4.635225199522087,51.91007390403219],[4.643019108375096,51.912569172829365],[4.617703933753869,51.93105014563017],[4.622686963078024,51.93584845368421],[4.634237263377418,51.937456951859346],[4.639586378474256,51.95100227940666],[4.646046572622735,51.954256849640245],[4.639773575207879,51.96217677578305],[4.631099642377456,51.96762188880502],[4.632678509835028,51.97024528763506],[4.64864916434891,51.97302068272698],[4.655923275235374,51.97655313033066],[4.668951153342194,51.97919503108532],[4.67301683185191,51.98625471665487],[4.689295953694423,51.99650040655187],[4.700492071596587,51.99736039528529],[4.707217069720916,52.00176226990149],[4.718861288932074,51.99836956779512],[4.7275697806732575,52.00158288615973],[4.7227926002352625,52.00548206206618],[4.728482003622699,52.0074014222725],[4.737291800284099,52.00593512960875],[4.737733368741406,52.0068414393123],[4.745463177621384,52.0029079116536],[4.757329808613247,52.00134169894844],[4.750879772515073,52.01408836253561],[4.775944246927105,52.01406417062488],[4.798700209167597,52.02227173199298],[4.803520300512393,52.013960993696315]]]}},{"type":"Feature","properties":{"i":320,"c":"GM1940","n":"De Fryske Marren"},"geometry":{"type":"Polygon","coordinates":[[[5.712311684121319,52.83813853403141],[5.709635954657076,52.834816702914274],[5.704281542732893,52.83443071203296],[5.703299880240174,52.83639285507171],[5.703103150849411,52.834345682031916],[5.660296053828888,52.83125041459817],[5.631352642605236,52.80305459975901],[5.377259770836858,52.764805207347855],[5.3378416223280265,52.795955061962914],[5.441340045516917,52.85007246014091],[5.433351532458142,52.87010871952017],[5.4261017304436345,52.87329412829319],[5.43280882126327,52.87465214459616],[5.46505274710025,52.87129446261397],[5.472340434008237,52.873034453797544],[5.4770996428990255,52.86876400024081],[5.4874869315180534,52.87339848045439],[5.490171432845333,52.87143226537646],[5.495517092483123,52.8738156850342],[5.4959027433489185,52.87605449587365],[5.501822448106944,52.88021182615342],[5.489712460187878,52.88603001818306],[5.493844792746401,52.88983575726147],[5.476965473148786,52.90223660403341],[5.5155066719734265,52.92867795330005],[5.564778532979586,52.94748132643895],[5.569021512299598,52.94553492882677],[5.577259386419522,52.935204548411235],[5.580531427320812,52.93404607526045],[5.594259853994514,52.91541158208222],[5.63997827980717,52.92246948275957],[5.642455007097809,52.936167287303164],[5.689325966364206,52.93296663134178],[5.690906700676354,52.96681929780442],[5.6874429155646125,52.982080369441164],[5.6892523683162874,52.9867027389674],[5.691723647521888,52.98861275565557],[5.706113026290949,52.98431952923713],[5.716057702554204,52.99510817685569],[5.722684790100594,52.99884790679802],[5.73103392427463,53.001371918636316],[5.737480768259842,53.000984764725104],[5.742407802477523,53.00238106178081],[5.742182559288645,53.0053514426944],[5.748891228531011,53.007841936917494],[5.733241303616333,53.0154380693725],[5.7367046602091385,53.0301519077937],[5.755432158847107,53.04683805895502],[5.7706964666506435,53.04744301851854],[5.769846726205687,53.04584923929989],[5.773912373008668,53.045921694908046],[5.796386037702657,53.05883930635512],[5.7987485879816845,53.05619530172302],[5.79550788178488,53.0548660467182],[5.795817846730215,53.05301597084858],[5.800272596031838,53.047908391442625],[5.824057933652757,53.0381169658685],[5.8487300745807,53.02430029310989],[5.857603135833149,53.01700828567256],[5.866126948448747,52.99979646590604],[5.887157563220258,52.98204675805794],[5.867215205628838,52.978621683540474],[5.870970617976286,52.964441610613356],[5.886839679860576,52.967049229966555],[5.886154073612273,52.9657109118676],[5.891026850350295,52.96169694980791],[5.897409797921989,52.96308289268961],[5.905711094843271,52.95551514530323],[5.904885675184611,52.954163885396845],[5.914181111186637,52.942922212844685],[5.913045590126162,52.94050492266021],[5.937846929755107,52.91174044467035],[5.9329442881296695,52.90726220657282],[5.91134260676584,52.8978814462367],[5.8861190653111715,52.8943243870773],[5.884609764787572,52.889425846109845],[5.876971393960088,52.886828038756676],[5.8567676846204195,52.870790677710374],[5.855109496620429,52.86611489222306],[5.843927550532505,52.85487380150029],[5.840016985142912,52.842996210965715],[5.835879481432797,52.84104078634634],[5.825854743618016,52.83032512085344],[5.8276528683876645,52.82759932838482],[5.8190142643094696,52.82307233676373],[5.819744200440091,52.81727839297054],[5.789806675013434,52.803691489887335],[5.784382144131274,52.81747574907157],[5.748807358844143,52.839679587063934],[5.724681988470771,52.84398224569096],[5.728663440318436,52.83339801357141],[5.712311684121319,52.83813853403141]]]}},{"type":"Feature","properties":{"i":321,"c":"GM1942","n":"Gooise Meren"},"geometry":{"type":"Polygon","coordinates":[[[5.079288908922879,52.370407721064126],[5.14614442971513,52.319669486356354],[5.151132150249414,52.31864667489571],[5.224590086743946,52.325761536502796],[5.230341605264061,52.30584374675813],[5.229560713497696,52.30172389810664],[5.214142536550792,52.2984787174729],[5.210060655267418,52.30197271665934],[5.206866918082828,52.29991902783253],[5.197798072136054,52.30033455361555],[5.194991650899516,52.297107374995704],[5.195917130184638,52.29507667929074],[5.187075246499726,52.29260290483311],[5.192379476140202,52.29032929715903],[5.193241105136243,52.28814052824571],[5.195295151726089,52.28872278680686],[5.195683157689886,52.28476537826157],[5.193802864952961,52.28552789498744],[5.192137398944227,52.28411570406115],[5.194662173717036,52.28347856392047],[5.19501975159657,52.28092318370412],[5.1847028275211695,52.278009688696656],[5.201580331795701,52.26793701438479],[5.180355414308092,52.264164914553156],[5.162128839202173,52.25579580371411],[5.161808367762589,52.25992643248242],[5.13760933012815,52.25960390474757],[5.137723698353201,52.26306357518395],[5.143798488962926,52.269760199948514],[5.143945677901933,52.27430125241277],[5.135358552543173,52.278086703983575],[5.125495067243787,52.27876111265637],[5.121800174462882,52.28172180775562],[5.104646016747754,52.28538466891974],[5.0984735430954276,52.29163615436641],[5.106065061819684,52.29466849277642],[5.107674362201589,52.29729161419225],[5.101301559065718,52.29792256655679],[5.097186934567227,52.29995276833346],[5.096257259331272,52.30686354667703],[5.100554105270075,52.31043692253702],[5.092125954895238,52.31301374528485],[5.092966304419472,52.31420150699063],[5.065858825505718,52.32223747619809],[5.065259457380813,52.31918152403205],[5.058340032102414,52.316317296009515],[5.05674179244163,52.31959943859226],[5.061468426124183,52.32174710095909],[5.061513567424491,52.323674721683],[5.0299288888123375,52.33067129129973],[5.017273291928013,52.330186715230845],[5.018489480888483,52.32329498340501],[5.016653254959412,52.32298690001933],[5.013059683081409,52.3304927393237],[5.023658928399385,52.33651177996256],[5.039969156852569,52.3412660120055],[5.037679685440306,52.375401270034835],[5.079162221016443,52.38865412091212],[5.079288908922879,52.370407721064126]]]}},{"type":"Feature","properties":{"i":322,"c":"GM1945","n":"Berg en Dal"},"geometry":{"type":"Polygon","coordinates":[[[6.063485555583798,51.865451228013285],[6.059596122382599,51.85762760430982],[6.051423583963247,51.85666122979564],[6.055304605296927,51.852354126809765],[6.041683531269249,51.84701194169898],[6.035670508719015,51.842638046425535],[6.033504207277458,51.84340731250125],[6.032682248762677,51.84235152492845],[6.029153102325175,51.8451232144944],[6.0176105134194176,51.84146315086303],[6.015828979403248,51.83802727881546],[6.010142237670922,51.835127096877294],[5.9944262213923025,51.83091512979372],[5.98673736178794,51.83066988641021],[5.971098933211701,51.833347292422715],[5.9629782082563585,51.83691396318338],[5.945479041675991,51.82426624565677],[5.958150804192514,51.81693129638407],[5.952846878693657,51.81478960878365],[5.948061170436812,51.8164380437656],[5.945926679675621,51.81511113802689],[5.949421891857178,51.81244307327352],[5.94797786645119,51.81137137699989],[5.956537327674448,51.81004401226172],[5.979065338070945,51.79765066747921],[5.974391912968712,51.79562308186416],[5.976782100218993,51.794276174371085],[5.972632484743773,51.78956529602709],[5.9750703573793436,51.78878822256912],[5.974548404165974,51.78506197944639],[5.979538841301192,51.785977081450376],[5.981765614160572,51.78413670926351],[5.984678686747586,51.78505713834961],[5.987887790739736,51.78288873156609],[5.990226727093952,51.78340130932609],[5.983431936184329,51.778725038115624],[5.982359844671813,51.77369701185082],[5.9920669742455255,51.77024591122045],[5.9905011019435745,51.76627731091611],[5.979209745739997,51.76005270495526],[5.97409503116319,51.759256248432514],[5.95198819325353,51.748949422358365],[5.952435605538089,51.744536752051395],[5.943962074104928,51.74181681685075],[5.932766881911969,51.74193845106153],[5.929948273913775,51.744428472011855],[5.933323247796744,51.74809858972903],[5.915284819392738,51.752286862295186],[5.911114596081127,51.76240566558137],[5.905375801209999,51.76568382286731],[5.887983593503512,51.78298082310739],[5.887442785140833,51.79537367885598],[5.88102478660794,51.801449427958346],[5.879067188717979,51.80966805933427],[5.8849841748923035,51.80996830898509],[5.886163566962034,51.81233349846325],[5.880530586639636,51.8203721311838],[5.899443627378715,51.82470734904128],[5.901431826421691,51.827388121987745],[5.905252265312336,51.827436228885496],[5.908346898861242,51.8293023809455],[5.895889043551637,51.83258482858368],[5.898289762946261,51.836363311750695],[5.892583434692103,51.83950751348284],[5.8945303800938085,51.840556760948516],[5.880389297783079,51.84505497764469],[5.887395050466755,51.84971793280954],[5.884622197031645,51.85016805950942],[5.887319535277424,51.85900904739507],[5.881584197491848,51.85910037202351],[5.886765711302665,51.86520301137816],[5.89596777638181,51.87053361989938],[5.909119407706215,51.873640052313455],[5.921035898129711,51.87465047355073],[5.9321856254222105,51.87355424606773],[5.937315414831743,51.87141112444435],[5.95607609255299,51.856472001528715],[5.969728799377652,51.854654548333265],[5.97620662362683,51.856429875524945],[5.9810635982570055,51.859821492928354],[5.988799909796912,51.871534570747244],[5.995021967122066,51.87664761571994],[6.001958653229655,51.88025655343378],[6.012190495933649,51.88167200021631],[6.020680340069149,51.879772260576445],[6.035577450875562,51.873007274814015],[6.05811412073874,51.867732879033184],[6.063485555583798,51.865451228013285]]]}},{"type":"Feature","properties":{"i":323,"c":"GM1948","n":"Meierijstad"},"geometry":{"type":"Polygon","coordinates":[[[5.414644280123499,51.65570261148087],[5.4677814296511205,51.64227981775461],[5.497202498899053,51.62668598183614],[5.50562894819201,51.63325390392733],[5.504858903603261,51.636078488469884],[5.524396820712601,51.630438700095674],[5.533662662691395,51.635512801823126],[5.542236716328482,51.634537145722405],[5.542011804879058,51.64031070130777],[5.5716097561883755,51.65117178957361],[5.588319782291002,51.642715928580934],[5.585777620551313,51.639533380110166],[5.593405981480791,51.632998127005834],[5.595069324665036,51.63414862133791],[5.602273600259184,51.62941366996657],[5.607470991639063,51.63377758950374],[5.623913279577774,51.62628461475131],[5.642928346085758,51.606209271548565],[5.651806636236667,51.57994418271345],[5.656517498273592,51.57479484470581],[5.6547482227180605,51.57152533134569],[5.621713154994006,51.55323797081647],[5.618192417436575,51.55584153465762],[5.614225239210496,51.55460464027585],[5.608276219021588,51.55957913474474],[5.584340475951602,51.562731490189265],[5.55345409164485,51.55830455772824],[5.533083052166796,51.55780364549536],[5.545207346591616,51.54168696266158],[5.543015588715184,51.54001403361917],[5.547437345925954,51.53773203622134],[5.52504782790139,51.52186900789346],[5.52261357524584,51.52343082069145],[5.518952014456859,51.52226893552661],[5.513015367287715,51.5243109742728],[5.500080273221427,51.52138582448665],[5.499938184139157,51.52528704613712],[5.503725148673983,51.52649645715013],[5.498271530544667,51.52852964818419],[5.493449074039028,51.52668555730173],[5.488815415535846,51.53328521656623],[5.487145719583375,51.54184837426991],[5.468283848996129,51.540646798732794],[5.437412302715729,51.533972809630576],[5.431572650600749,51.53334689521696],[5.429834785515255,51.534970143156464],[5.423034433892277,51.53389517750798],[5.421497274902892,51.53766740837899],[5.410935746216487,51.54226908808497],[5.4042333370518225,51.54829167327453],[5.402810478932298,51.557778347696264],[5.405201304824076,51.56202764839637],[5.400083870273851,51.56240311121543],[5.397809517832567,51.56589441469195],[5.399475793875222,51.56609814653059],[5.399343647999056,51.57219455629474],[5.402499052066872,51.571713832169614],[5.40386568620804,51.575867691864936],[5.3915698900527635,51.57591134919746],[5.393682116179286,51.57994546924234],[5.389867930920347,51.58170494124393],[5.388948700168929,51.58082731463643],[5.3878256228858445,51.58245381164761],[5.389666610933306,51.583484100927635],[5.381442797346915,51.58760153918594],[5.385260255464658,51.58958697562851],[5.389591370237479,51.58967142690596],[5.3861574965952554,51.590614272234305],[5.381443280603268,51.59620373126754],[5.386212145456082,51.60086894787515],[5.380528763471117,51.60290190266177],[5.3948566796871065,51.60584208098795],[5.390716011133242,51.6117803351372],[5.392414665072263,51.61236067862714],[5.3910878425101965,51.61650424127526],[5.388419914107255,51.61784620461167],[5.388946855804626,51.62134307694194],[5.385917218414831,51.62090596488685],[5.385858564194571,51.62363625464299],[5.3838526918740675,51.624085842461],[5.387467473544874,51.62574839802883],[5.383376204816522,51.62772162428448],[5.383284926356093,51.63160385485313],[5.370947503864447,51.6333454713891],[5.371361050549052,51.63722591639633],[5.383070987056363,51.63823897275675],[5.371868163912488,51.64193102387979],[5.375962799563155,51.64323500927091],[5.375439299456664,51.644450325104515],[5.379592133051919,51.64415157856803],[5.379137648219269,51.647366944273834],[5.396154781077754,51.64532076050472],[5.405959794946961,51.648311804905426],[5.40588398993823,51.650205295678575],[5.412296891456347,51.65030327572426],[5.411080840660269,51.65269151384495],[5.41347485140536,51.65374642126558],[5.411425503682669,51.65445828100087],[5.41509566665574,51.65407919463426],[5.414644280123499,51.65570261148087]]]}},{"type":"Feature","properties":{"i":324,"c":"GM1949","n":"Waadhoeke"},"geometry":{"type":"Polygon","coordinates":[[[5.437705570415332,53.20965954822913],[5.432116351357171,53.21561364791009],[5.477081283803684,53.2425448660286],[5.537090527086154,53.269441181820255],[5.567216980501456,53.305341166836854],[5.627240881506972,53.32318320323629],[5.702682731380549,53.367958420718175],[5.718351725866471,53.3369337162981],[5.722391246313022,53.32231374957022],[5.7214145498418,53.3160332203915],[5.72968216196477,53.317452171871835],[5.7493011011201665,53.31355527782904],[5.7393492228660214,53.30393922060037],[5.735299474568086,53.294398319765214],[5.730571518088935,53.29446844675313],[5.727615910960521,53.28895259870962],[5.725492606377931,53.28913180967262],[5.720127667783391,53.27508164624826],[5.723333553749095,53.27067444800531],[5.735386798883093,53.264713673397395],[5.729835788378034,53.261235768029984],[5.735843268165542,53.252280471682354],[5.736072126620766,53.24867262525775],[5.73361960161375,53.24851399111574],[5.743915890881422,53.24109812476928],[5.729768821724682,53.23525440021352],[5.738147651551826,53.231283375192106],[5.73255182707195,53.230322942892414],[5.734162338566931,53.215804634439195],[5.747107203857254,53.215144374555834],[5.743905033956527,53.211379138976426],[5.734740579820965,53.2112196804578],[5.73609022103799,53.20608474594331],[5.744574774100633,53.197821474425446],[5.739971968048384,53.191233464792155],[5.742388766301136,53.19141128268315],[5.740342489109493,53.18537189921003],[5.74540900502485,53.18523128489753],[5.737786147375472,53.17254670411713],[5.733306693404811,53.169457552479074],[5.731422424779431,53.17073940451406],[5.728216992513149,53.16978524060945],[5.7283339357370515,53.16792456031552],[5.724924745953907,53.16607900635183],[5.723791647733774,53.17007012534993],[5.720127207814282,53.170527265721745],[5.718443947528763,53.16921520290245],[5.7132440607959225,53.17522964190159],[5.706098682276284,53.173383067425576],[5.699148639098788,53.17374401808135],[5.697333165063119,53.17769633616402],[5.692742443422533,53.17992168322848],[5.687095955250792,53.18003892728269],[5.685809783840783,53.18192215349268],[5.679398218892107,53.17913285969456],[5.677291194243254,53.17639268169853],[5.674586355366393,53.177807895810936],[5.669006118401596,53.173332835734016],[5.665959883243325,53.17546976209594],[5.6612608310880015,53.16975838585597],[5.6528401738959655,53.166259190718954],[5.660676265452919,53.16422265827157],[5.657502493920799,53.158615060078645],[5.659453070208784,53.157627305586935],[5.656658707707016,53.15543363788453],[5.657736634636009,53.154257883331354],[5.661934658426077,53.154950011867264],[5.663320149380925,53.149821260165325],[5.655479967334517,53.14772985659729],[5.652051113509482,53.14870073505273],[5.64853210378378,53.14707493705632],[5.654182150482273,53.14158338045834],[5.6470758379552946,53.13798900469188],[5.638213519635122,53.13656446861131],[5.631993136894663,53.13301957065945],[5.638371423499195,53.127969024247484],[5.637347906646561,53.12414910090994],[5.627423727628837,53.126702996618675],[5.627268258595189,53.12833971003224],[5.6244813326106335,53.12820017013171],[5.62208722812866,53.12682629206718],[5.621893727315611,53.126945634940924],[5.6262360214092055,53.13200771425056],[5.622215916983714,53.1382479249523],[5.596331445887877,53.12596358039096],[5.5944205426914735,53.12946984742262],[5.591231687129494,53.12881776780212],[5.589950104251038,53.13100154790362],[5.585919531319174,53.130997288754735],[5.582860815319208,53.13247727490623],[5.584033614573132,53.13394927705971],[5.5824559592517415,53.13310995262971],[5.575310990100892,53.13429170113435],[5.572585460904357,53.130425117127835],[5.564848323519476,53.12954336910309],[5.559929455160102,53.13463658658654],[5.555380739987225,53.13460363235081],[5.554190788955984,53.132938099441496],[5.55073071603968,53.13412440018545],[5.531212330088072,53.14788880023813],[5.5246456389295115,53.14554403765545],[5.511532905352984,53.14574202405206],[5.510198760665194,53.1445408918769],[5.512505454534827,53.141871308761644],[5.510398028883794,53.1400803584198],[5.5129403938482255,53.1385807653485],[5.504985544396693,53.13472726180491],[5.501084430376924,53.1362075728387],[5.502888244909574,53.1378485875909],[5.501010723801264,53.13902171070319],[5.492518630897517,53.142012419177036],[5.484321672084961,53.136988182111914],[5.480973278799445,53.138616407118505],[5.487101669534724,53.14100021622356],[5.477269468132937,53.14294250327198],[5.478497484351074,53.14529152818534],[5.472191844093206,53.146614491057676],[5.4867098944589845,53.16505643969602],[5.484746857370812,53.165798566674304],[5.486010591990595,53.169679492763585],[5.493456783186672,53.17304089585265],[5.49639351612124,53.17785232689327],[5.4793488024556485,53.176600801192485],[5.4856016152404585,53.19086826447648],[5.490174926827479,53.19406952756099],[5.489556183107573,53.20073881382233],[5.467135576663617,53.19934249649277],[5.4614914456689645,53.20115134642403],[5.458123748109091,53.20002115028722],[5.456213065818761,53.20303101988893],[5.437705570415332,53.20965954822913]]]}},{"type":"Feature","properties":{"i":325,"c":"GM1950","n":"Westerwolde"},"geometry":{"type":"Polygon","coordinates":[[[7.173045724360762,53.14833797828308],[7.176995340654487,53.152582482469015],[7.1831727152486025,53.15475426109143],[7.189244226678164,53.154882964539134],[7.189625355791936,53.148012436824864],[7.183168732295046,53.14018933268224],[7.178961568294104,53.138545493962916],[7.179749068234133,53.13279618943288],[7.181363869156734,53.127188637987636],[7.185872818295163,53.124225751109876],[7.182898700523991,53.12176493531988],[7.202793508649748,53.11341057794977],[7.199219326798092,53.081386188856534],[7.212968112991957,53.01087748459474],[7.217445360264138,53.00703714500844],[7.209562337788057,53.00050667746054],[7.1815154950213955,52.94158424496369],[7.104385431586471,52.86394331673037],[7.087257918198815,52.84988714523212],[7.092739668948654,52.838196140034626],[7.072147898293823,52.838405099394095],[7.072192960546157,52.84521093900816],[7.076260275880146,52.85003065894563],[7.069557408466906,52.84774765473873],[7.065917308078722,52.85164197122857],[7.0627473067197,52.85144755515408],[7.046433021374422,52.86585560614757],[7.043486227072211,52.865218582449764],[7.040241905523283,52.87290324723029],[7.014799278210401,52.87298658309269],[7.0455710154493625,52.915908828709014],[7.026854378771847,52.91903701580738],[7.0291811528602,52.923493914564375],[7.036299781634411,52.9292659850415],[7.063538733208918,52.93097751336892],[7.064675478414866,52.95118460863358],[7.069930444293831,52.95300394695138],[7.072058186308253,53.003786688001696],[7.100075328548733,53.016808866810756],[7.097685615140355,53.02141067351391],[7.091959476676334,53.02284614611957],[7.088447641718929,53.026341658428215],[7.082749311611472,53.0254976864143],[7.080946131809649,53.02782729499399],[7.083047321463606,53.03921525923258],[7.086610545425943,53.04025822070981],[7.0861266049619935,53.042340882087416],[7.081502980571032,53.04447479747096],[7.070108349091819,53.04277099226096],[7.068010530137197,53.04356354602828],[7.068328496004144,53.05078424241647],[7.074541106503872,53.04994689544081],[7.076851112093507,53.05131706900048],[7.080351477039789,53.05942771251114],[7.077691809842077,53.06318315416439],[7.0659467240648,53.06727899973752],[7.060163483074028,53.065808267162055],[7.034246112375937,53.06464170366348],[7.032809634132779,53.066825766995024],[7.0297490577791955,53.066527153496715],[7.015445872946464,53.07177414002327],[7.042657838446624,53.10175033834764],[7.0298856532608225,53.10831563040553],[7.025904469557563,53.11245557119171],[7.033756922788073,53.11611533621461],[7.035596574937091,53.119579354685655],[7.0511800272825145,53.13021802747851],[7.08123990994012,53.14401351601311],[7.08859359450347,53.145238803317426],[7.099543364153093,53.143228536341375],[7.1056505284975024,53.14393869389755],[7.125629508265687,53.15137018719815],[7.139555531051346,53.15433013041236],[7.1453080724896925,53.16077367465551],[7.173045724360762,53.14833797828308]]]}},{"type":"Feature","properties":{"i":326,"c":"GM1952","n":"Midden-Groningen"},"geometry":{"type":"Polygon","coordinates":[[[6.887377833216576,53.29776568279932],[6.890767455859276,53.2905338968767],[6.889239080766283,53.28981993481625],[6.891270645646389,53.286920563252615],[6.893112064266605,53.28779194114565],[6.895596455958611,53.28591759189149],[6.88641389950253,53.27991941954005],[6.909102796890941,53.278976955267666],[6.907939385704995,53.268570336822485],[6.910202270342352,53.268445499765285],[6.909336634389051,53.26355892856423],[6.912149790944157,53.26348522017374],[6.909255816276323,53.24351827579307],[6.9113758946858255,53.243166587969235],[6.908591242475312,53.23395393739289],[6.912716321623689,53.22512462061478],[6.920041385861636,53.227342512862336],[6.9255323000306825,53.22155764000068],[6.922815651136951,53.2206298698067],[6.929399470803405,53.21281736190042],[6.920596314997142,53.20744892661899],[6.924687877404822,53.20507125443023],[6.9168200130672695,53.195569919824365],[6.925123384091643,53.19428607204658],[6.923850878592447,53.19165991699589],[6.922684357577912,53.19067909110791],[6.918689546907235,53.19139242767834],[6.915891148630522,53.188405603930065],[6.911580123347502,53.18128368224952],[6.912534185105128,53.17562343859551],[6.907636174009688,53.17287799540608],[6.912208343604615,53.171966322149196],[6.903300084114891,53.166462596601306],[6.929275523500332,53.16905065902073],[6.929833531335227,53.16533470048947],[6.942235972248776,53.16653185458818],[6.943783493368409,53.15901344732025],[6.950381151230153,53.15889510750599],[6.954640179235523,53.13665438399163],[6.96585536139097,53.11201979928616],[6.961735262402496,53.1100213018266],[6.9593391272137115,53.12017590491205],[6.896989947608264,53.12850655990891],[6.89709976019006,53.12757810179771],[6.8862535576984625,53.1285995083979],[6.884268759020385,53.12561637313964],[6.874292859750257,53.12536844503169],[6.8741238773434645,53.12354730763738],[6.823101128396402,53.126219027820596],[6.821163090175643,53.12883973495955],[6.803239539111769,53.124089688217175],[6.8059881014274435,53.12032595190333],[6.801673955956354,53.119171681846694],[6.81394474922412,53.07097158760701],[6.737450959414325,53.11946173347761],[6.695366931310974,53.12117601962403],[6.689572286054703,53.14330613078656],[6.686274688907698,53.14784759085144],[6.6902510864104885,53.15044091923381],[6.688714249560879,53.154611131454395],[6.678330363383343,53.16463746287712],[6.662331057801534,53.171296267740985],[6.657240926213269,53.180769339230125],[6.639468072375385,53.18598075093402],[6.646821289033507,53.187937355617784],[6.6398131065235395,53.190296578354946],[6.649979117469214,53.19317698775956],[6.666872699582173,53.2020203462395],[6.673596946439931,53.200650641516276],[6.683455372631906,53.20112774368578],[6.682484295677448,53.20848729204067],[6.679762096385349,53.208322281552164],[6.6804730033337805,53.211691690083136],[6.684888983641317,53.21115765198988],[6.698245266021334,53.21466745558127],[6.697515543358351,53.21696559000688],[6.701458654202897,53.21887552125389],[6.705759995737828,53.22501157474486],[6.708688715353217,53.22507990036558],[6.705672238055689,53.22825631700892],[6.7098245203477935,53.23270912568041],[6.7065443841806465,53.234910990290025],[6.70932571054087,53.23490761317052],[6.717685707279183,53.24187250500792],[6.712720712580282,53.24461985733713],[6.714507595200853,53.24561091869817],[6.703537441913747,53.25194207665221],[6.703852033412497,53.253572732038286],[6.698330358144539,53.25614495349893],[6.814344537252918,53.297591666133485],[6.816649283417797,53.29518208035804],[6.825161621819862,53.29762229604317],[6.828072444789327,53.29109182863585],[6.845805576500483,53.29012599607966],[6.851157810155411,53.297038172103],[6.860254435122505,53.2963257335833],[6.860723185089769,53.294986979057185],[6.887377833216576,53.29776568279932]]]}},{"type":"Feature","properties":{"i":327,"c":"GM1954","n":"Beekdaelen"},"geometry":{"type":"Polygon","coordinates":[[[5.967810671879023,50.97938123992882],[5.981357150442231,50.9832172691232],[5.984222163877484,50.98211458992372],[6.0187004978350425,50.98381854717817],[6.026511761418162,50.98327203331917],[6.026894459580245,50.98164138730477],[6.013000396658813,50.96039776822485],[6.006053522758813,50.957535402857914],[5.980123456663092,50.96067965349784],[5.974109043844399,50.95833630341778],[5.969083800158329,50.961035584465996],[5.96999017387463,50.96250233430313],[5.965861593793597,50.962417689222875],[5.952673258523404,50.95247018955523],[5.936029073056776,50.94632502696601],[5.931400568274127,50.94155720111106],[5.9344161328058425,50.938635793042394],[5.918933601030401,50.93322435137245],[5.920210390492616,50.931711921341524],[5.9131323117909345,50.92789425550116],[5.905274347260753,50.92755317930147],[5.901140990038761,50.92508664387314],[5.900745484591003,50.92298257016851],[5.89822459158504,50.92330894493977],[5.895951202578959,50.918796008608204],[5.899586303175385,50.91682430033963],[5.904104016904982,50.917283506136634],[5.907977840192303,50.91560734401608],[5.904207425591961,50.913447949407],[5.916304922301596,50.909964823858445],[5.9237207701333885,50.904965303205664],[5.920543407130852,50.9030637040005],[5.916366491669524,50.90413133741558],[5.913392703957574,50.902724972070786],[5.914707109363426,50.90172168091631],[5.901533039194975,50.89577610675212],[5.903666114949159,50.89423845670957],[5.890389749549665,50.88841336085246],[5.894007299362664,50.88560206335193],[5.889605243044196,50.88563649662827],[5.887345249537596,50.88378811953525],[5.880823685358885,50.88248176024391],[5.870817759619478,50.88345024385356],[5.855765644220053,50.88191065445955],[5.849150866774097,50.88373120835386],[5.83468733225774,50.88064824719403],[5.832716797669882,50.88577385282743],[5.836647715380997,50.89159989807101],[5.833112009705057,50.89220887286824],[5.819207237994351,50.883843190862876],[5.809865890861928,50.887847370103884],[5.79973380877572,50.88573297033614],[5.796563438117304,50.897696755343134],[5.800519995595965,50.89818054323257],[5.801488264508428,50.89630652917144],[5.80348010099002,50.89811126671839],[5.801971752813582,50.90067561298119],[5.798667127001013,50.90101512268643],[5.80225689110921,50.902412069180144],[5.796556973168456,50.907478728452034],[5.8010029628512845,50.908754891882026],[5.8017146393703305,50.914130024426655],[5.831557125955053,50.917180241494904],[5.831245905367861,50.91939203123921],[5.833456828110812,50.92020766384082],[5.8414977666284,50.91960653091608],[5.850092472958995,50.92729111842111],[5.855540191180335,50.93600665723306],[5.856929662566522,50.94400143062941],[5.855422657400742,50.945775386159376],[5.853256755063075,50.9464810372191],[5.848461268039475,50.94471118217557],[5.839891583871101,50.95019130262077],[5.839779554751306,50.956917600870035],[5.843265976359235,50.963516683053946],[5.852185085501872,50.96802699282533],[5.85639888679454,50.96475543179141],[5.858873015148473,50.966567451594514],[5.865843889275812,50.963962001031256],[5.869177866817968,50.966567525768575],[5.873503088632611,50.96280431325057],[5.886692070200286,50.9684481691505],[5.890848412633495,50.9717249083771],[5.891036368714652,50.974093970203604],[5.905600834365865,50.97472033782573],[5.918554018545159,50.977746640214015],[5.933886364758575,50.98535320554662],[5.9551850000100925,50.98841700140265],[5.9573922294044275,50.98500526711067],[5.967810671879023,50.97938123992882]]]}},{"type":"Feature","properties":{"i":328,"c":"GM1955","n":"Montferland"},"geometry":{"type":"Polygon","coordinates":[[[6.150879683224795,51.96635032846297],[6.163064304618033,51.95535882046935],[6.172243400097904,51.953274789070655],[6.178321966531956,51.94878290244484],[6.1885616465573925,51.94557852616134],[6.188397316184198,51.94336582610322],[6.193313351000763,51.940819978615224],[6.204708554509853,51.93666757435839],[6.2031230104159745,51.942195511082595],[6.216383198932345,51.94412242227128],[6.2190413164559875,51.94314157864121],[6.220752988750259,51.944575579544065],[6.272847849848697,51.943187411718434],[6.272847664856576,51.94188486251519],[6.275208396582512,51.94179506924054],[6.279651796401839,51.94340639082059],[6.302066369706418,51.944134052333325],[6.3013955788331,51.94161389142175],[6.306888877545424,51.93784813981065],[6.3058049897782,51.93704931170342],[6.2987140629838345,51.93903804787427],[6.289693497073726,51.92530054981428],[6.29114791847162,51.922415152441054],[6.294979034347849,51.92089387347833],[6.311294881010971,51.92063836385875],[6.315833595527149,51.91820057688011],[6.316142723368041,51.91273717025481],[6.310875315212075,51.910546026879246],[6.307963050972617,51.91139171039895],[6.306021676990427,51.90650550833635],[6.3123855095144705,51.89919085844434],[6.332279173672398,51.893267786397175],[6.324228493165733,51.88892358950844],[6.329266286439413,51.881764998148405],[6.326420862727514,51.879102759174344],[6.331632921988299,51.87482075331264],[6.327203155859187,51.87362111911196],[6.329250947457953,51.8712334981878],[6.322492648668645,51.86867043351571],[6.309582514614415,51.86916952649586],[6.298306998118175,51.86780421599347],[6.279906839960792,51.87406970528777],[6.272695730713556,51.87471158272787],[6.2618414726690235,51.86813812966077],[6.233737186236894,51.87020049402628],[6.215056954285675,51.867626207890744],[6.193834761117571,51.875848300296816],[6.183549380838137,51.88253120650339],[6.1820100728031075,51.88577764504003],[6.191427551906723,51.88735090497819],[6.189516267088438,51.88894184909976],[6.191085065077713,51.89165710520949],[6.182558101983585,51.89390681120069],[6.169769254268405,51.901287063976376],[6.162980472194527,51.902864118520725],[6.157558883570982,51.90687160075249],[6.156643676643464,51.91127923302668],[6.152569592971284,51.90886853976414],[6.146680836955827,51.91169596669306],[6.143204664048279,51.91374175692859],[6.1430611260788135,51.918501834733945],[6.141198303337665,51.91577228406639],[6.138432549914773,51.915529332115],[6.094688725252301,51.93672013552107],[6.094148637702188,51.93882783274683],[6.09142715984577,51.93872105542064],[6.090393683489015,51.967844290347585],[6.108791198436312,51.96716488765697],[6.1223346527644305,51.971483995393875],[6.121090320457117,51.97339813076019],[6.129211871637007,51.9782139822746],[6.144682740001383,51.98051870063333],[6.150879683224795,51.96635032846297]]]}},{"type":"Feature","properties":{"i":329,"c":"GM1959","n":"Altena"},"geometry":{"type":"Polygon","coordinates":[[[4.936064117519737,51.8283145033675],[5.000363908961802,51.82093338657586],[5.009324919633203,51.817511979245836],[5.0109413382034536,51.81210462144038],[5.0160488130946685,51.80818524200792],[5.049443971593044,51.7974260658787],[5.068411908162878,51.77992215750743],[5.079994421733156,51.77994346502958],[5.088594128916471,51.785805402976415],[5.097312751012821,51.787587302441935],[5.105342219970119,51.785506748236244],[5.117681797438143,51.77815539557207],[5.137580796600374,51.772905263739815],[5.1395989152720345,51.76931099527017],[5.135890660232638,51.760319748469186],[5.142713818515691,51.755210230182534],[5.138112604714811,51.75072629622248],[5.126335923397678,51.74502148686528],[5.125984491665274,51.73962919617925],[5.128054700924663,51.73760714609392],[5.099240611272175,51.73039973250228],[5.064511547020821,51.71449369423572],[5.047287681568005,51.711149630728414],[5.029587970841172,51.71096031580909],[5.010723188343297,51.712655197346685],[4.969381253345516,51.72120931147583],[4.949515469033122,51.72305020840282],[4.9067238212131805,51.71881474609213],[4.87305492216046,51.71999827138864],[4.836904720536366,51.71261186749594],[4.846937676100436,51.72552410795414],[4.846932049306419,51.73589559094742],[4.850230730707036,51.73857345517771],[4.84941144021719,51.74482723142259],[4.853047539341484,51.750168641822384],[4.851941431485717,51.75587968320469],[4.8418813603353215,51.75668663625055],[4.82808946660474,51.75378408777228],[4.802501612709214,51.757586361847],[4.785404000677875,51.75593280676903],[4.781990620722702,51.766554472248934],[4.772109349646178,51.75932964608703],[4.764199376566216,51.759857408583414],[4.755113713906059,51.75504339964363],[4.750726956914779,51.75228922552727],[4.7473637358294365,51.74662248884683],[4.737450756379149,51.74130040628725],[4.733650891911406,51.736507371902725],[4.7218425457355435,51.73427192693956],[4.698553146370754,51.72199205373025],[4.677286225315865,51.72011025689403],[4.676304224453292,51.724923654316186],[4.681597590088941,51.72841873177137],[4.7037456787574135,51.736927475614],[4.73663079501831,51.755568383253014],[4.744788206786463,51.76348743541198],[4.755239672232467,51.78161140931114],[4.773539018867329,51.79332433957459],[4.797194139286933,51.79976996843334],[4.806875682439188,51.800336290275574],[4.836108442104033,51.797839100485504],[4.8544134638934935,51.800683132168686],[4.889400949316203,51.81889501914452],[4.911273501944046,51.82598178485542],[4.922728469994773,51.828072483266254],[4.936064117519737,51.8283145033675]]]}},{"type":"Feature","properties":{"i":330,"c":"GM1960","n":"West Betuwe"},"geometry":{"type":"Polygon","coordinates":[[[5.255163881330634,51.93539041158062],[5.267761263913673,51.93275605859749],[5.28097666312721,51.93316780328573],[5.284946867435534,51.93069165134299],[5.2867777716152435,51.92820891248349],[5.285184914012576,51.92257706082106],[5.2736107547321005,51.92007445765179],[5.294893407162185,51.90005231887068],[5.297323516782921,51.90157905196039],[5.3066766575332585,51.896154860657745],[5.312766777570428,51.89580300458886],[5.323366425021395,51.889010353676476],[5.32334280548647,51.88683599249466],[5.316294047123278,51.88332304552222],[5.315000186384791,51.880703149945866],[5.326829980416199,51.88258783366795],[5.337926442910827,51.880418054347],[5.33902393796505,51.874034162201916],[5.336583101310318,51.869966342988384],[5.3280326022026925,51.86479680096853],[5.328294338820268,51.85697504333782],[5.338346868104681,51.858726496384634],[5.342808037637781,51.8567119469057],[5.348104943391412,51.85884126018646],[5.360069658527681,51.85836243040819],[5.378407739513706,51.863399936569834],[5.391688173325117,51.85392363917194],[5.395239160436666,51.852933506366035],[5.3995465255922195,51.85461878839254],[5.407976757594579,51.854411485245144],[5.415234179285159,51.851801023373355],[5.408421169050242,51.84327729631124],[5.385386063945628,51.82818562195395],[5.36419184127181,51.80702688751697],[5.352250804629731,51.80402526892958],[5.3430010924216464,51.8050355386122],[5.319806269945208,51.82056308407133],[5.304600302381398,51.82396335697901],[5.29248137773617,51.82365473438727],[5.273963629428467,51.81984010979399],[5.251697191969969,51.817914986717014],[5.224517331102495,51.811620590839],[5.211478672263456,51.80999776379664],[5.197088665002457,51.811108938245575],[5.170642983353218,51.81703240999152],[5.140907451243995,51.81411945457175],[5.130167199239655,51.81465819044072],[5.10083394878004,51.824503617750814],[5.087653539475025,51.826798406987],[5.074110310797957,51.82582079269165],[5.047181349402179,51.81791307136965],[5.038566339467222,51.817306817014455],[5.026351768102164,51.81885674371767],[5.031415002930456,51.841084806233155],[4.999296320833205,51.844599884651004],[4.999151285839632,51.85228465010362],[4.99443938794856,51.861590485959915],[5.005939657092761,51.857892218307256],[5.0156281088313746,51.859178055939694],[5.043734657061719,51.85922992085958],[5.05350854247413,51.85736317780158],[5.061893366913656,51.85915245650122],[5.063060282642691,51.86186018731247],[5.052198841256388,51.86664301267598],[5.054159662241151,51.87234944628456],[5.0623727576306035,51.87431777356838],[5.073658696582141,51.87403901579662],[5.080532405099658,51.87552473075826],[5.086339591110855,51.88076896881563],[5.088159414388924,51.887094362144644],[5.090974558030391,51.88897643200927],[5.1127368077123645,51.88777618377066],[5.117671296540764,51.89256990593193],[5.11689047412939,51.898032428819285],[5.119408864701189,51.89860526567571],[5.132277547349241,51.91488176322905],[5.136435754475727,51.91450843205293],[5.135776159858505,51.91833477746336],[5.1424328765859695,51.924936585495786],[5.149725954674585,51.92811070918071],[5.158309296369648,51.928450107765606],[5.166797053107343,51.92602015147601],[5.158901657448395,51.91964509464699],[5.207685620023268,51.926213541993526],[5.2118099150631645,51.919645368819126],[5.233180389534529,51.92358747494674],[5.243440228457717,51.92762077875678],[5.255163881330634,51.93539041158062]]]}},{"type":"Feature","properties":{"i":331,"c":"GM1961","n":"Vijfheerenlanden"},"geometry":{"type":"Polygon","coordinates":[[[5.101297676712172,52.00303513230851],[5.1128107503288565,52.001944268075],[5.1367703686316135,51.995672819982076],[5.141130517197047,51.9922352210641],[5.145249215116731,51.97921703022838],[5.1497136934511385,51.974271351941795],[5.156913233505432,51.97117922254833],[5.172721951040778,51.9696173224907],[5.180226657580425,51.96744832942249],[5.151467135619687,51.9336152573534],[5.148276236203347,51.932737317045486],[5.148459849215029,51.92948519445413],[5.135674746857218,51.91822274627891],[5.136435754475727,51.91450843205293],[5.132277547349241,51.91488176322905],[5.119408864701189,51.89860526567571],[5.116947869568314,51.89810401792025],[5.117671296540764,51.89256990593193],[5.1127368077123645,51.88777618377066],[5.090974558030391,51.88897643200927],[5.088159414388924,51.887094362144644],[5.086339591110855,51.88076896881563],[5.080532405099658,51.87552473075826],[5.054822365670959,51.87274208330235],[5.051995061683971,51.86705541147764],[5.0632918087078815,51.861678092137346],[5.060639978431622,51.858622691010986],[5.052999415091604,51.85736068775575],[5.043850833207296,51.85922606290924],[5.026907961919844,51.85860771885983],[5.027387883681813,51.863739028866966],[5.021748888210581,51.868819612974725],[5.026955909798715,51.88191820893383],[4.996238126311748,51.87311919540424],[4.9950474011055395,51.87761631780295],[4.999452274773893,51.88428351025967],[4.9959616854514515,51.891962980963534],[4.9949680570208965,51.90229233735627],[4.973410700731052,51.8972500534081],[4.973740626261446,51.907667416293044],[4.964128184062067,51.91063800620197],[4.964785225020514,51.91351896482633],[4.956157453988475,51.915591067731356],[4.94769623572461,51.93372460957127],[4.939235058781906,51.928938075315976],[4.932126499252269,51.94755164544279],[4.926301292456155,51.95092794814455],[4.933583536440289,51.95970727602333],[4.939820509157782,51.96343996464597],[4.948691209897147,51.96347175423081],[4.968193984273644,51.95935191725065],[4.975436108934076,51.96288590039111],[4.988045362693423,51.97399285468762],[4.998073524608676,51.97787150877946],[5.003009512030136,51.978138238769354],[5.022375665555194,51.969726661959335],[5.032848898180903,51.969746227660124],[5.037775261658944,51.97271730576353],[5.044995319456735,51.98195895513162],[5.066286186493902,51.994073410609836],[5.090111467209841,52.00155579079485],[5.101297676712172,52.00303513230851]]]}},{"type":"Feature","properties":{"i":332,"c":"GM1963","n":"Hoeksche Waard"},"geometry":{"type":"Polygon","coordinates":[[[4.542469881309972,51.69482387310412],[4.5149172698652755,51.69247356405744],[4.500430781473097,51.692904119597486],[4.423549728303684,51.70947484564214],[4.397366131625608,51.71153965678651],[4.372702493702347,51.709582895220514],[4.357861744859621,51.710082110165075],[4.31563285938111,51.71696553224179],[4.299535426216286,51.72528271501219],[4.26820430826113,51.737609122477885],[4.249441505429163,51.757868273218264],[4.213246844997445,51.78526731790644],[4.222838992885726,51.787905837978464],[4.237562602387628,51.782771706395934],[4.242619622896848,51.78332864337042],[4.2466399484489195,51.78534756608499],[4.2632129114733655,51.80265729487394],[4.268596057189212,51.80483916688926],[4.296412856224631,51.80220660214107],[4.307366617257912,51.809184571279985],[4.330698163504506,51.81294764530415],[4.338150498848455,51.816771918082914],[4.354527836583337,51.81919140067272],[4.369082273268427,51.81698144073529],[4.397131827585609,51.83127519322052],[4.421002686738817,51.82987441742358],[4.432482336928468,51.837046150616054],[4.453773105824934,51.83182015211069],[4.467119439047767,51.83194383803265],[4.493439920336027,51.83554955086218],[4.525477943404125,51.829854244943675],[4.548874474117896,51.831713629169535],[4.555838809753587,51.82842665898901],[4.562652747869701,51.816124244859424],[4.570287143077855,51.81102223923239],[4.579552341445187,51.80800396707438],[4.599037602946339,51.806105324459736],[4.621221576521447,51.800803685593245],[4.627497349678383,51.782163544231274],[4.626342655644244,51.7636173652315],[4.631633309753167,51.74555842586605],[4.620403883052327,51.7141235555655],[4.589299878590013,51.703323097490184],[4.542469881309972,51.69482387310412]]]}},{"type":"Feature","properties":{"i":333,"c":"GM1966","n":"Het Hogeland"},"geometry":{"type":"Polygon","coordinates":[[[6.312302976005778,53.32944105069939],[6.273680382495981,53.345271505929944],[6.254046690952129,53.348593397214096],[6.247577221755652,53.34747236061287],[6.239298918620263,53.34303913714768],[6.2335954555105335,53.3430997279016],[6.230480321482885,53.344745761500086],[6.224972433781988,53.35430716888425],[6.218891993513122,53.35740670374985],[6.180150210933484,53.36406694094004],[6.17052381704983,53.37478218072393],[6.1679446402745155,53.390759096613486],[6.194020203681169,53.413288812520555],[6.350426115434015,53.4462684854425],[6.35156688431363,53.4970415868654],[6.366632865624434,53.496920125565914],[6.381646643856141,53.49455089316558],[6.408991059195374,53.49485277434665],[6.417751364371405,53.500295418972044],[6.418680902431038,53.50564552803246],[6.416009667643737,53.51298923598411],[6.404449010583218,53.52088561462766],[6.382272312269215,53.52150143310471],[6.367249134263865,53.52387074118934],[6.352123078459418,53.5217464175007],[6.352528044396277,53.53971342086978],[6.428587649456589,53.56603626874458],[6.612607866833915,53.564308187180536],[6.637131611850022,53.576423275710845],[6.665963352814784,53.56123495745304],[6.820106600268842,53.49374290216952],[6.857600842443066,53.46874589023522],[6.874265008329614,53.46457966558829],[6.890929156298556,53.46513522121872],[6.9117859992806645,53.45942827104819],[6.8909357916209215,53.40782601620509],[6.872859385992475,53.40795558042658],[6.857002018310847,53.4142338840291],[6.843717952600567,53.42241957708198],[6.792455067637463,53.403595944600006],[6.787979699754456,53.407926940253624],[6.784239884138604,53.407339440759664],[6.78248609706212,53.41045181828087],[6.778614206739092,53.41078838883942],[6.770428398266821,53.403633831477734],[6.748688049993721,53.3952337323135],[6.729683977046606,53.381096261691155],[6.697033382790622,53.362902947340075],[6.6843845944234905,53.36696669395259],[6.6810298508789066,53.36582088111006],[6.6763429570591075,53.36705961644709],[6.670677997479702,53.36496326172411],[6.664214467800823,53.366995337684855],[6.651912451062762,53.36452675463071],[6.647380675487914,53.364578784636024],[6.644445965782357,53.36635263823028],[6.641950932454647,53.363545548154505],[6.635613220866867,53.36282605108408],[6.636861375101759,53.360501137921304],[6.634613619609646,53.36271731191342],[6.625808403389304,53.360985974566944],[6.627854892520233,53.352952208566954],[6.625892204513527,53.350708138406354],[6.6174814051172195,53.348796939878724],[6.6031335112635015,53.34992190581763],[6.595831012547399,53.34714128676268],[6.601448580773711,53.34042355754866],[6.604694448522303,53.34080458748508],[6.605365771355591,53.33751570179152],[6.592621786807819,53.33571581919243],[6.597887178926001,53.335660943055935],[6.601710586273741,53.32939886863852],[6.6101935501349764,53.33011463388397],[6.619862343142683,53.31442815803946],[6.637674948030192,53.314638194039645],[6.642950727689271,53.307894915752705],[6.654053439537066,53.30864457396963],[6.625847967078169,53.266197140228535],[6.633451873324848,53.25976034832532],[6.635565924646197,53.25123625269498],[6.619296965484958,53.24944789693015],[6.618345803833824,53.25148593330746],[6.606407236929351,53.25141659227341],[6.606351294243945,53.25374085034384],[6.586327678407869,53.2558460815685],[6.588693332955289,53.262550862442424],[6.567230113983154,53.26149408055758],[6.566601191758537,53.26360735780824],[6.552397013371994,53.2621786308258],[6.550263151024999,53.264946904115256],[6.537926185671533,53.264096705189246],[6.539308051306798,53.26035975332135],[6.526594034123573,53.25826578151685],[6.524291486367343,53.25643618849255],[6.519054359168923,53.25848922881337],[6.510825284901064,53.256787854730725],[6.508240360861733,53.257574055788645],[6.5068572134995115,53.27062073762157],[6.501810762349096,53.28041483616135],[6.504521178937406,53.285736353645035],[6.504303538573811,53.2955813061233],[6.4820012367502144,53.31681920996607],[6.482978809254268,53.321261340175994],[6.478091153864292,53.323572497342454],[6.4745440553268505,53.32381917632087],[6.470230353966252,53.32075393534815],[6.464278171106667,53.3212818063064],[6.461004428799526,53.3225859229415],[6.462603970032448,53.32559851467157],[6.46099903035861,53.32766184943268],[6.452740963183918,53.32877113784937],[6.446809299507546,53.3261449719686],[6.45023742202728,53.321914635193856],[6.4396913282460835,53.31664945749366],[6.431096748827903,53.32820640696687],[6.423631608711893,53.327070579798566],[6.415560410959495,53.32830779010969],[6.409087946698985,53.32139073350224],[6.401707090442876,53.319205228465044],[6.367590877332941,53.321622527470765],[6.357127500472885,53.313883449858075],[6.344743977433535,53.3190577107591],[6.327451020791669,53.31524830970565],[6.317723327869096,53.31817175471468],[6.315334966501034,53.32640170764852],[6.312302976005778,53.32944105069939]]]}},{"type":"Feature","properties":{"i":334,"c":"GM1969","n":"Westerkwartier"},"geometry":{"type":"Polygon","coordinates":[[[6.28698074698035,53.34138175786317],[6.312302976005778,53.32944105069939],[6.315334966501034,53.32640170764852],[6.317723327869096,53.31817175471468],[6.327451020791669,53.31524830970565],[6.344743977433535,53.3190577107591],[6.357127500472885,53.313883449858075],[6.367590877332941,53.321622527470765],[6.401707090442876,53.319205228465044],[6.409087946698985,53.32139073350224],[6.414779602621536,53.3281065344622],[6.423631608711893,53.327070579798566],[6.430001099307252,53.32852547979408],[6.440345206577848,53.31666479263577],[6.45023742202728,53.321914635193856],[6.446767246522879,53.32553840787775],[6.447683877587932,53.32730096051764],[6.458130233108328,53.328622245601224],[6.462302524705038,53.3265102180016],[6.460849694711369,53.32304120245362],[6.462675566847776,53.32166125511971],[6.471460614636938,53.32097424987011],[6.4752886822548925,53.32392260581048],[6.482533111454655,53.32168745529181],[6.4820012367502144,53.31681920996607],[6.504373631087713,53.295349280989306],[6.504521178937406,53.285736353645035],[6.5018335844034105,53.280259380258215],[6.5068572134995115,53.27062073762157],[6.508381167906808,53.25609226545137],[6.511442425226929,53.25411424475503],[6.502635893301415,53.24750099804586],[6.4992363328757135,53.248383270671],[6.495988502552627,53.24561141252877],[6.491985482627248,53.24555470150309],[6.48860166254538,53.24901635702227],[6.4809207438635665,53.25018529276447],[6.464473613472114,53.20761432259667],[6.466899650955714,53.20430245269628],[6.462745618486818,53.20197879132437],[6.463461423639447,53.20005823551608],[6.447712077493556,53.19644058962188],[6.444767751624064,53.18949981466648],[6.43801790922381,53.18565154062465],[6.4344371653778065,53.18574883151002],[6.4297423612671345,53.183158664194444],[6.406984952314632,53.17765441312254],[6.402921513967921,53.16720551588952],[6.395165337993387,53.16357664087806],[6.381414286888601,53.15350550874306],[6.382612274012221,53.14957049427312],[6.36585500475622,53.1222275243518],[6.363558463641209,53.10755156999791],[6.356620479986268,53.10708452238526],[6.344433415062592,53.08713492452592],[6.29056560380462,53.099829055332094],[6.2830503079841264,53.10686314251179],[6.273903627575558,53.111252541070264],[6.262650821144675,53.114123096870415],[6.236264285799899,53.113386568181255],[6.205048277499261,53.115484160379275],[6.175317221768268,53.13548195198965],[6.177781261381934,53.16792887715648],[6.181375454894988,53.17055673058594],[6.1928543900891055,53.189068306202415],[6.199432034283128,53.193253587488094],[6.199621424123306,53.19835532430327],[6.209426175971907,53.199884474806524],[6.2190575907464885,53.205993521684825],[6.224802906381261,53.21194756305481],[6.224750139540772,53.21457857791924],[6.229980346417779,53.21778822836016],[6.230173322961336,53.22244043612919],[6.22533946004389,53.22545538613135],[6.224720165472447,53.2299841307436],[6.214302069346999,53.23406693232304],[6.216753399367996,53.23434165200218],[6.2155425255486865,53.23698515940558],[6.224972059256128,53.238592843693446],[6.217978240683512,53.24193213508378],[6.231043486123595,53.24506708881041],[6.231947743327122,53.24719802344488],[6.229480783044731,53.24982557704385],[6.233704723093162,53.25079981524331],[6.235100681957744,53.253354848274746],[6.232104692840769,53.256695402629866],[6.237731728367938,53.25766572031083],[6.23884356999743,53.26280664565549],[6.245215394502696,53.26762829038914],[6.251984361922,53.267405068916055],[6.2555294848294,53.26898263480374],[6.251408726752222,53.27725497357952],[6.253227616419652,53.28792793558749],[6.259903658998819,53.29107571449217],[6.265629142256134,53.29121712547201],[6.2687167750549975,53.289773360153205],[6.278427888853739,53.302829661298254],[6.28965057818028,53.30507309762781],[6.294361130961449,53.308172666746444],[6.290411576745041,53.31113039193022],[6.280503419318816,53.312581489324714],[6.28698074698035,53.34138175786317]]]}},{"type":"Feature","properties":{"i":335,"c":"GM1970","n":"Noardeast-Fryslân"},"geometry":{"type":"Polygon","coordinates":[[[6.194020203681169,53.413288812520555],[6.167586053459219,53.38970204594098],[6.169579057969628,53.376850484971214],[6.178588409366637,53.364827783683204],[6.189372853967354,53.36174422923078],[6.218891993513122,53.35740670374985],[6.224972433781988,53.35430716888425],[6.230480321482885,53.344745761500086],[6.2335954555105335,53.3430997279016],[6.239298918620263,53.34303913714768],[6.247577221755652,53.34747236061287],[6.254046690952129,53.348593397214096],[6.273680382495981,53.345271505929944],[6.28698074698035,53.34138175786317],[6.280503419318816,53.312581489324714],[6.290411576745041,53.31113039193022],[6.294361130961449,53.308172666746444],[6.28965057818028,53.30507309762781],[6.278427888853739,53.302829661298254],[6.2687167750549975,53.289773360153205],[6.265629142256134,53.29121712547201],[6.259903658998819,53.29107571449217],[6.253227616419652,53.28792793558749],[6.251408726752222,53.27725497357952],[6.2555460014262705,53.26900641773495],[6.251984361922,53.267405068916055],[6.24754254824229,53.268405539762604],[6.24505252426801,53.26754049413841],[6.23884356999743,53.26280664565549],[6.2387452069227916,53.258785004616236],[6.235672356314085,53.256827262815584],[6.221828031871078,53.258062707018155],[6.218947335718318,53.259872595659175],[6.216804775587341,53.26535089133268],[6.193789911397784,53.27003652448737],[6.190720066915314,53.26858369619269],[6.189219941126749,53.26989023751528],[6.185669591229741,53.267273011428614],[6.190384405156371,53.263377669381356],[6.1807210007851605,53.2610496479557],[6.179490910978213,53.259054306303014],[6.176604580628725,53.261020683025016],[6.164195761234555,53.263957660952855],[6.160523209339213,53.26198467656941],[6.158780563326428,53.26368371127153],[6.148451675293773,53.26002384299857],[6.147403502951706,53.261136712527204],[6.144978090852308,53.26016480488949],[6.141058345806662,53.264382932899395],[6.110774085182367,53.25985467928078],[6.074515024749065,53.24844822402956],[6.04396563743907,53.24350248105742],[6.050114950280101,53.26614131961691],[6.051863924859166,53.266286276840354],[6.053308543668986,53.27918907378476],[6.054965382500619,53.27948356984375],[6.0533938194982095,53.280018315542485],[6.054379262251676,53.29087020184412],[6.073695152045162,53.292399700345115],[6.069793718218323,53.29692009254765],[6.071541507126784,53.29659542053829],[6.072051070878035,53.31617711889554],[6.074984694807951,53.31764361634635],[6.074152065145478,53.32147659651883],[6.077752688394437,53.32208710623836],[6.074077205730825,53.324805185170504],[6.066774243567772,53.32363524385864],[6.052875941701455,53.32492389454028],[6.0358164736443385,53.324268913912384],[6.032962501574863,53.325630412067234],[6.023437065386031,53.32452898537792],[6.0212070780065385,53.32014824010148],[6.021121998280795,53.308843653584695],[6.016100409408419,53.30808830938428],[5.998100956310571,53.31050019455589],[5.975852742558992,53.30692731038652],[5.970668719129225,53.3136732756155],[5.974299840143469,53.31599866555184],[5.972187455621987,53.32108518520594],[5.963858454886628,53.32285303717805],[5.954696127655866,53.321274257734366],[5.948929836802135,53.31760120239915],[5.922341201782427,53.31263999882869],[5.896565196191428,53.30174250068863],[5.906648672964761,53.287839344344135],[5.897693844442987,53.28463373019278],[5.891700689497746,53.28003829478193],[5.882244594649213,53.27678249697861],[5.8746106065429835,53.282601722844795],[5.861177178897535,53.28864912109914],[5.8476608143490845,53.28516262866347],[5.838824269657616,53.27493485570451],[5.817693936121182,53.276269110708036],[5.814255322134491,53.277691029364924],[5.811412059381922,53.276729660503285],[5.813229165053485,53.279237901298224],[5.811045749003345,53.280807920416535],[5.800477589516123,53.282155137407806],[5.7632838412827025,53.29449106262861],[5.735383649344591,53.29472100142576],[5.7393492228660214,53.30393922060037],[5.7493011011201665,53.31355527782904],[5.72968216196477,53.317452171871835],[5.7214145498418,53.3160332203915],[5.722391246313022,53.32231374957022],[5.718351725866471,53.3369337162981],[5.702682731380549,53.367958420718175],[5.702880545503977,53.394913192258784],[5.747975781395055,53.394786422090064],[5.777875798829708,53.376722821638694],[5.792901119986477,53.37667308313023],[5.82313376664591,53.394537597230205],[5.95877362712159,53.42092522112876],[5.959012818409086,53.43889424810567],[6.004411144690452,53.45664024540141],[6.004928513832971,53.49257746837227],[6.050124700667058,53.492337377665464],[6.079240135410251,53.429278215886626],[6.194020203681169,53.413288812520555]]]}},{"type":"Feature","properties":{"i":336,"c":"GM1978","n":"Molenlanden"},"geometry":{"type":"Polygon","coordinates":[[[4.926301292456155,51.95092794814455],[4.93261546977959,51.9466629177862],[4.939235058781906,51.928938075315976],[4.94769623572461,51.93372460957127],[4.956157453988475,51.915591067731356],[4.964785225020514,51.91351896482633],[4.964128184062067,51.91063800620197],[4.973740626261446,51.907667416293044],[4.973410700731052,51.8972500534081],[4.9949680570208965,51.90229233735627],[4.9959616854514515,51.891962980963534],[4.999452274773893,51.88428351025967],[4.9950474011055395,51.87761631780295],[4.996238126311748,51.87311919540424],[5.026955909798715,51.88191820893383],[5.021748888210581,51.868819612974725],[5.027387883681813,51.863739028866966],[5.026907961919844,51.85860771885983],[5.0049056174512785,51.85796553752766],[4.994894881125795,51.86177238746247],[4.9938716341792215,51.86064929737251],[4.998566562239878,51.85409971624274],[4.996341909354557,51.84922862832865],[4.981260293579935,51.85187031033925],[4.98331861019734,51.85710825511345],[4.975626651256643,51.85921165709389],[4.959309563055564,51.86288493913545],[4.957329366275889,51.859497080489355],[4.93839867869905,51.86362936408862],[4.9427200379551035,51.84478636979319],[4.937255125049964,51.844500442876914],[4.930140704254804,51.84011009303933],[4.92182281556857,51.84078889397489],[4.924863832630559,51.839718416995126],[4.907295240796496,51.83854665702357],[4.873449846655284,51.832223504089875],[4.867928356424434,51.83199367153879],[4.866450570576836,51.83483691480681],[4.863006820548613,51.832940833345724],[4.847949470636326,51.83261731735863],[4.838082139976627,51.86073467510463],[4.803786055033126,51.84647959453797],[4.795601249621876,51.84497570317243],[4.786961573258858,51.84499266248106],[4.780491380539059,51.84664322510187],[4.768013912467969,51.84386256501954],[4.756128746159607,51.844957742685736],[4.742763937899331,51.841002692841286],[4.743394625810111,51.842719745741114],[4.7386538372887435,51.84357352029942],[4.737263919441169,51.84646376374117],[4.715332661269262,51.84134357176529],[4.70669690637023,51.841071106372866],[4.683190671870061,51.84849145807331],[4.68070889660387,51.859638567725526],[4.686449444014138,51.86628995143339],[4.690438932240256,51.866847051852346],[4.700239704884543,51.87970988433843],[4.687814952157414,51.87871765877325],[4.672914035512996,51.874791942860284],[4.663984559915042,51.874980824197756],[4.642138302789608,51.88019967631173],[4.637075576445019,51.876294453899945],[4.628774664574614,51.88121215658159],[4.626391054973094,51.88065776694265],[4.6192488457377054,51.88844225114708],[4.61957217128148,51.88952270365348],[4.636772293540967,51.89091096130286],[4.668166588058883,51.88958535067539],[4.6999700162506635,51.896589329578234],[4.715811921164392,51.89594904653184],[4.737985329598408,51.90271222657101],[4.7639473613366325,51.914981429599926],[4.8103190964311695,51.92417036194992],[4.835539163061386,51.94006704896278],[4.852938264302422,51.941441488167705],[4.875318310487334,51.93799165615125],[4.885109974431834,51.938586719235786],[4.914582589080963,51.94259703611996],[4.926301292456155,51.95092794814455]]]}},{"type":"Feature","properties":{"i":337,"c":"GM1979","n":"Eemsdelta"},"geometry":{"type":"Polygon","coordinates":[[[6.870345731103164,53.40892457906435],[6.8909357916209215,53.40782601620509],[6.9117859992806645,53.45942827104819],[6.924257485672468,53.44930376493183],[6.932034012323482,53.43847166044658],[6.952031089616973,53.394032476782],[6.993691561419014,53.34876006301944],[6.993413784778359,53.3362614994614],[6.995357954540833,53.33181760820561],[7.005912010441215,53.32654043954203],[7.0192431819785375,53.32431844839459],[7.061736825397316,53.324040756342654],[7.101248935210563,53.33025827888438],[7.100442383323922,53.30997696002152],[7.134268109619596,53.28782185145537],[7.13486048429963,53.279692203019216],[7.11346122751223,53.26287970013763],[7.084371067742629,53.254627705623776],[7.076632568779625,53.249699443669265],[7.079430777245821,53.24817721339138],[7.067521568540985,53.24237833413706],[7.059440883945489,53.24822794226499],[7.057420827983323,53.2473402738174],[7.04030691844007,53.25983663735951],[7.038718799766124,53.25862989445819],[7.034969033053796,53.259162701142074],[7.031597995569115,53.256131948248395],[7.021847253582102,53.25323684903467],[7.012605309761055,53.260638254045425],[7.01322852517224,53.26684043536123],[6.995920449440218,53.26702728644739],[6.952230807528911,53.256498646526104],[6.945919848215399,53.24870451290404],[6.9449903712246215,53.24361477905025],[6.94250643555873,53.242043358121386],[6.937603454993022,53.24424927499384],[6.928437043566062,53.236952473447175],[6.921720605915918,53.2391801179986],[6.9161482261660945,53.24361832755854],[6.909255816276323,53.24351827579307],[6.912149790944157,53.26348522017374],[6.909336634389051,53.26355892856423],[6.910202270342352,53.268445499765285],[6.907939385704995,53.268570336822485],[6.909102796890941,53.278976955267666],[6.88641389950253,53.27991941954005],[6.895596455958611,53.28591759189149],[6.893112064266605,53.28779194114565],[6.891270645646389,53.286920563252615],[6.889239080766283,53.28981993481625],[6.890767455859276,53.2905338968767],[6.887169798615149,53.29832992084844],[6.879608934988545,53.29784965850315],[6.879513306838622,53.29664508691593],[6.874566669386185,53.29561145726039],[6.873222326071018,53.29649376018461],[6.860723185089769,53.294986979057185],[6.860254435122505,53.2963257335833],[6.851157810155411,53.297038172103],[6.845805576500483,53.29012599607966],[6.828072444789327,53.29109182863585],[6.825161621819862,53.29762229604317],[6.816649283417797,53.29518208035804],[6.814344537252918,53.297591666133485],[6.772526795140124,53.28308659965169],[6.7691368817288255,53.28662553514567],[6.772309464517076,53.28779264813954],[6.769794414210865,53.29068040674837],[6.7723651863332535,53.29181148838503],[6.764620578760148,53.298134361804856],[6.7606837215876165,53.29523618531535],[6.7555385982549145,53.29963373342769],[6.753081468844924,53.29884707059551],[6.746071941963659,53.30524472476209],[6.744792160349908,53.30775363689694],[6.749350826129079,53.309843059710985],[6.747948341427813,53.31178104931356],[6.742681544240971,53.311019753635],[6.7378422823400586,53.31296373354285],[6.734075406179694,53.31196258416315],[6.72939594224079,53.30529223297734],[6.726495145349362,53.30488983851282],[6.709156332814854,53.31001489529701],[6.706689389183189,53.30710949673521],[6.689591636853132,53.2974492817251],[6.673245508442357,53.30481354268787],[6.650995932198368,53.30918466158292],[6.642950727689271,53.307894915752705],[6.637674948030192,53.314638194039645],[6.619862343142683,53.31442815803946],[6.6101935501349764,53.33011463388397],[6.601710586273741,53.32939886863852],[6.597887178926001,53.335660943055935],[6.592621786807819,53.33571581919243],[6.605365771355591,53.33751570179152],[6.604694448522303,53.34080458748508],[6.601448580773711,53.34042355754866],[6.595831012547399,53.34714128676268],[6.6031335112635015,53.34992190581763],[6.6174814051172195,53.348796939878724],[6.625892204513527,53.350708138406354],[6.627854892520233,53.352952208566954],[6.625808403389304,53.360985974566944],[6.634613619609646,53.36271731191342],[6.636861375101759,53.360501137921304],[6.635613220866867,53.36282605108408],[6.641950932454647,53.363545548154505],[6.643017742363073,53.366084362108126],[6.651912451062762,53.36452675463071],[6.664214467800823,53.366995337684855],[6.670677997479702,53.36496326172411],[6.6763429570591075,53.36705961644709],[6.6810298508789066,53.36582088111006],[6.6843845944234905,53.36696669395259],[6.6973393565757835,53.36301526668953],[6.729683977046606,53.381096261691155],[6.748688049993721,53.3952337323135],[6.770428398266821,53.403633831477734],[6.778614206739092,53.41078838883942],[6.78248609706212,53.41045181828087],[6.784239884138604,53.407339440759664],[6.787979699754456,53.407926940253624],[6.792455067637463,53.403595944600006],[6.843717952600567,53.42241957708198],[6.8562559276248045,53.41460612603943],[6.870345731103164,53.40892457906435]]]}},{"type":"Feature","properties":{"i":338,"c":"GM1980","n":"Dijk en Waard"},"geometry":{"type":"Polygon","coordinates":[[[4.778812256321059,52.73134688245413],[4.786566024551654,52.727945715212996],[4.786565102043409,52.721033990930906],[4.797602470085398,52.72084754138043],[4.805025850448255,52.71420878849514],[4.847685314071777,52.7202593715221],[4.858092636023338,52.723345373684545],[4.877703353874191,52.7119882424259],[4.899014857271115,52.70671982958246],[4.899860113803249,52.6975866000415],[4.891419418839698,52.695175772295094],[4.8887038415460164,52.69045552508688],[4.8762487973758475,52.68629212282417],[4.879395508496937,52.68008047946711],[4.874500583082222,52.67641451902447],[4.8631786717343095,52.65646865894767],[4.865074782329879,52.64943637308058],[4.876500363824717,52.64096515555795],[4.87563493835784,52.63511773190386],[4.863881992315635,52.635359506014105],[4.860645579862773,52.63909206254414],[4.847476480303408,52.6420331261999],[4.842140963268501,52.64604353842212],[4.838549298624504,52.64613782570462],[4.83022461368526,52.632677864006475],[4.807816215125205,52.6339896848879],[4.791767946112884,52.638530581769764],[4.785278977306853,52.63811468516292],[4.799030347248191,52.65408358757969],[4.800509468323386,52.660240921613344],[4.773669373516043,52.64835445391043],[4.775710977870086,52.65286338281962],[4.7729810673842366,52.65340362975804],[4.778042042300755,52.66431777076024],[4.774486666858336,52.665330198653606],[4.779025774209407,52.67648396371525],[4.749748562914906,52.68240581766022],[4.741741608617797,52.6808068717767],[4.72885382168404,52.69140379024649],[4.752893314639473,52.69731293509037],[4.7696470226703696,52.69879349299633],[4.772603744220164,52.71959114403843],[4.778812256321059,52.73134688245413]]]}},{"type":"Feature","properties":{"i":339,"c":"GM1982","n":"Land van Cuijk"},"geometry":{"type":"Polygon","coordinates":[[[5.711763168875211,51.77496285584476],[5.721904738613048,51.77482647080858],[5.7291363837878,51.773106772924734],[5.733596208833156,51.77086453213601],[5.746405746874876,51.758385890519705],[5.766634897700362,51.75260543660093],[5.781114550915248,51.752305973417634],[5.807219699210771,51.756305087781065],[5.847803761551712,51.75927162178603],[5.86516639516716,51.75750280582662],[5.879560428146039,51.749913601039786],[5.885404040091705,51.7283141917508],[5.890395290631764,51.7236633546262],[5.906056376199054,51.718764270758896],[5.9316374979586906,51.716510831306174],[5.953203240293227,51.7109171531717],[5.955942478518229,51.70813087873652],[5.956567631557813,51.698940699627336],[5.9640672926487435,51.67917380799614],[5.96324302134575,51.66013868234359],[5.965105394734377,51.65225032124057],[5.973931167062963,51.644610774209745],[5.996352255236458,51.63671914592188],[6.020630086484498,51.621291377165804],[6.023918019690423,51.61578047207475],[6.024943389987777,51.59806370924945],[6.038572275263041,51.58428551074646],[6.037658905835942,51.56995858446545],[6.0407119212344975,51.564455291109404],[6.048120701120976,51.55846255012922],[6.042782155918623,51.55867887566908],[6.044382610080668,51.55748704140772],[6.040912859510587,51.55663045306113],[6.037307852764586,51.55814927871132],[6.034320574498681,51.55749727196903],[6.0316688226904445,51.55233880438019],[6.018211960514653,51.56333468374294],[6.004252792308801,51.57024352175458],[5.976346151568138,51.56163816590838],[5.935444934912703,51.5536001977546],[5.9066625890970395,51.55203087090363],[5.891466151395077,51.5602046798059],[5.820216137526521,51.56867368953688],[5.800586011708493,51.578621776070776],[5.786678362315246,51.59820838038895],[5.758614589488704,51.5939465106041],[5.734359120270341,51.677621986673515],[5.699960205189012,51.711451578583635],[5.705158735417836,51.72215920970181],[5.709878557619878,51.72598889308224],[5.713221472106303,51.72647183720403],[5.709417543194956,51.728571836022766],[5.718394209756428,51.73097425311469],[5.718811608078529,51.73292630417895],[5.706095729716897,51.732122546943344],[5.707911411851571,51.73658235410033],[5.698116255462052,51.738507316464236],[5.703493316014824,51.7504727942904],[5.6999109901171074,51.75046865858912],[5.701923888433596,51.75552887692944],[5.694241442976633,51.75548826563192],[5.690858172101426,51.75913069560614],[5.696035831776938,51.76133972685062],[5.701047868394235,51.76874714550631],[5.711763168875211,51.77496285584476]]]}},{"type":"Feature","properties":{"i":340,"c":"GM1991","n":"Maashorst"},"geometry":{"type":"Polygon","coordinates":[[[5.678686811609547,51.76234157732351],[5.685091119635062,51.75951735317517],[5.690858172101426,51.75913069560614],[5.694241442976633,51.75548826563192],[5.701923888433596,51.75552887692944],[5.6999109901171074,51.75046865858912],[5.703493316014824,51.7504727942904],[5.698116255462052,51.738507316464236],[5.707911411851571,51.73658235410033],[5.706095729716897,51.732122546943344],[5.718811608078529,51.73292630417895],[5.718394209756428,51.73097425311469],[5.709417543194956,51.728571836022766],[5.713221472106303,51.72647183720403],[5.709878557619878,51.72598889308224],[5.705158735417836,51.72215920970181],[5.699960205189012,51.711451578583635],[5.734359120270341,51.677621986673515],[5.750478244212415,51.62268337882888],[5.7400604542978,51.62249638018481],[5.6817807100919335,51.62781660418901],[5.681521685511767,51.62906096365893],[5.672740235611628,51.6273572237662],[5.672607309663452,51.62868878605676],[5.66471123829511,51.62898681649288],[5.650982600619155,51.625711656356955],[5.635574631185837,51.6253637394971],[5.626536346346741,51.62339389445397],[5.623392343202706,51.626659997765124],[5.607470991639063,51.63377758950374],[5.602273600259184,51.62941366996657],[5.595069324665036,51.63414862133791],[5.593405981480791,51.632998127005834],[5.585777620551313,51.639533380110166],[5.588319782291002,51.642715928580934],[5.57024588880009,51.65145330551295],[5.567409481247427,51.653507063495006],[5.571095790476958,51.65509591921147],[5.568910280612376,51.65956353056323],[5.564379249975876,51.6619088869827],[5.5619663934622645,51.660777364350736],[5.573016259185947,51.67809010172007],[5.586864148276001,51.6830531767162],[5.596837465271081,51.69092255762779],[5.600588718364818,51.69657293373269],[5.595425424943811,51.70738118940666],[5.599167979753403,51.70703532643266],[5.600151767294421,51.708365951544906],[5.588982818477693,51.724980958781124],[5.580881162361074,51.73144809181498],[5.582280886586322,51.73304897960035],[5.579917821076986,51.73293894600557],[5.577477086175932,51.7357609051163],[5.576270820169269,51.7448768771053],[5.596605897729895,51.74741329740901],[5.597324188560958,51.75059779206745],[5.6150492791565005,51.75616011567702],[5.616458824024522,51.75501137261835],[5.634550699692371,51.75795559359095],[5.633773721330671,51.76083301834488],[5.648640411138941,51.764330107431064],[5.6672797919612,51.752221626128076],[5.669964873956014,51.762604425501685],[5.673673725732312,51.76770419300689],[5.678686811609547,51.76234157732351]]]}},{"type":"Feature","properties":{"i":341,"c":"GM1992","n":"Voorne aan Zee"},"geometry":{"type":"MultiPolygon","coordinates":[[[[4.195594084475147,51.80897080674874],[4.192632095357114,51.79111331587141],[4.184065934198395,51.79266095088368],[4.175182965096316,51.791738452119674],[4.147107149936435,51.80619870216957],[4.135862940697115,51.807361858470834],[4.123432912573562,51.80651011553772],[4.106742185392194,51.81266768222501],[4.064656114913147,51.82110851912584],[4.049502776769689,51.83124030993304],[4.0414354716430765,51.83990403286381],[4.035202814322717,51.85859790242677],[3.955580379007419,51.85765403466959],[3.972617445403727,51.910964959269116],[4.0728285752604485,51.93356088000909],[4.09289389283768,51.932527944945555],[4.1020027309368166,51.9235301615041],[4.101719640398135,51.92700928294276],[4.107723827186142,51.936141611639506],[4.142891632069825,51.93180941059392],[4.16266851504243,51.9266519509159],[4.167018188918261,51.92312549135318],[4.16818680524271,51.919057021246736],[4.176474620504365,51.91791967731756],[4.218333666612709,51.8974149523546],[4.2280690906305,51.88721054246739],[4.232332989252068,51.87822255662235],[4.239383151529344,51.872985914830615],[4.185272528060439,51.849707621682],[4.198257232454461,51.84988927878765],[4.197609956374921,51.84700169357322],[4.192734880546843,51.84342951417689],[4.198528144086904,51.8433929429414],[4.198244525657811,51.83969471090298],[4.195609476833729,51.83918671051243],[4.197142315033146,51.83490767971504],[4.208208211652595,51.83533793120921],[4.222270953774781,51.82632936363661],[4.221845402914439,51.8249965410858],[4.220110208233028,51.82616352987402],[4.218055488352687,51.82630659135555],[4.219708153768879,51.824559594878465],[4.21298051831561,51.8205815083767],[4.2123516008806385,51.81402542675389],[4.195594084475147,51.80897080674874]]],[[[4.220126191353683,51.826084134746154],[4.220084329270065,51.82574563609391],[4.219790984592015,51.82594218793696],[4.220126191353683,51.826084134746154]]]]}}]}